Unnamed: 0,dataset,learner,run,seed,qini_ratio,qini_difference,cal_error_ratio,cal_error_difference
0.0,hillstrom_visit,s,0,42,0.530646833224306,0.0050894314645102,1.1988179022003322,0.0169340398909866
1.0,hillstrom_visit,t,0,42,0.5938338525067461,0.0029079635938967,1.4169070292479349,0.0364995170672048
2.0,hillstrom_visit,q,0,42,0.0940831777384261,0.0004037443659551,1.486787832047857,0.0444123625041018
3.0,hillstrom_visit,q_simple,0,42,0.1096980003400074,0.0015610732713691,1.4683155050493986,0.0463760830134872
4.0,hillstrom_visit,drt_log,0,42,0.301895923260129,-1.4907621631699008e-05,1.8549850479349337,0.1168599670500385
5.0,hillstrom_visit,drs_log,0,42,0.312839576963237,0.0018786878132407,1.641178601558597,0.0941491524422828
6.0,hillstrom_visit,drq_log,0,42,0.1119249570217966,0.0004054686526611,1.7912559475090442,0.1216335849547413
7.0,hillstrom_visit,drt_direct,0,42,0.6933032009279345,0.0040017517914257,2.4942253808741706,0.2337923093918855
8.0,hillstrom_visit,drs_direct,0,42,0.4827954105671952,0.0040321146543706,2.139830617314334,0.1832333318117277
9.0,hillstrom_visit,drq_direct,0,42,0.6024612068141213,0.0044147325163421,2.494769249519744,0.2348636774118404
10.0,hillstrom_visit,drq_simple_log,0,42,0.2060350494645044,0.0006076007331297,1.5541131885634545,0.0396768307163628
11.0,hillstrom_visit,drq_simple_direct,0,42,0.4546038659099984,0.0043583308389949,2.0137400942922485,0.1571798260072658
12.0,hillstrom_visit,x,0,42,0.4823190883809207,0.00188240602343,1.3551293940047715,0.0190396367187929
13.0,hillstrom_visit,x_log,0,42,0.3731552600374357,0.0032129244238541,1.2353507904764898,0.0195916089428781
14.0,hillstrom_visit,r,0,42,0.3366123300105812,0.0021378614878238,1.397399909947208,0.0237770077122125
15.0,hillstrom_visit,r_log,0,42,0.4451132705438345,0.0015447624718676,1.2146990742324149,0.0257806357782876
16.0,hillstrom_visit,dr_diff,0,42,0.5904458105430672,0.0043286913669158,2.192427990084849,0.1877913410942191
17.0,hillstrom_conversion,s,0,42,-0.0718071045323116,0.0001501010300226,2.832676623694676,0.0060509053054826
18.0,hillstrom_conversion,t,0,42,-0.1688507954624845,-0.0001175008384178,3.734626821037217,0.0091736781107708
19.0,hillstrom_conversion,q,0,42,0.080503509380835,-0.0002759607186646,5.091866290835827,0.0113050174288545
20.0,hillstrom_conversion,q_simple,0,42,0.0978976729745106,-0.0002630784644367,5.260062642821512,0.0153152709692951
21.0,hillstrom_conversion,drt_log,0,42,-0.1107512076197294,-0.0002341188392366,3.244682161902375,0.0117174979767675
22.0,hillstrom_conversion,drs_log,0,42,-0.2301751893196171,-0.0005855176706344,2.58629126149928,0.0056029090569316
23.0,hillstrom_conversion,drq_log,0,42,0.235036928669801,-0.0001808689912535,3.979124857607949,0.0111389208698972
24.0,hillstrom_conversion,drt_direct,0,42,-0.1890176744529044,-0.000135279638871,10.046483658465892,0.0576334975159725
25.0,hillstrom_conversion,drs_direct,0,42,-0.0949619264020478,-0.0004160265479919,5.729979002900163,0.0271226072685523
26.0,hillstrom_conversion,drq_direct,0,42,0.0760464651984793,7.955370697534415e-05,8.184374475295453,0.0346002390166784
27.0,hillstrom_conversion,drq_simple_log,0,42,0.2082871936620196,0.0001489724959646,5.694660933135335,0.0225085996795104
28.0,hillstrom_conversion,drq_simple_direct,0,42,0.2913917011390756,0.0002376066157085,6.867205084539121,0.0263841398066999
29.0,hillstrom_conversion,x,0,42,-0.1854154221414463,-0.0005810487784075,3.953527745277848,0.0077621010631454
30.0,hillstrom_conversion,x_log,0,42,-0.1404230366088337,-0.00025992265981,3.3102581344649984,0.0060406097472499
31.0,hillstrom_conversion,r,0,42,0.192575265639179,0.0001974542570808,2.6555847558781163,0.0047767702800737
32.0,hillstrom_conversion,r_log,0,42,-0.1953237293071259,-0.0003243071198454,2.677575964221467,0.0088899540815765
33.0,hillstrom_conversion,dr_diff,0,42,0.064911207715774,0.0004462916652394,6.599239752807433,0.013560646466329
34.0,hillstrom_visit,s,1,43,0.2849982930646317,0.0001100771075114,1.289159389943232,0.0312243722948276
35.0,hillstrom_visit,t,1,43,0.2385203647022893,-0.0016484396934666,1.5696348285651978,0.0423311265824343
36.0,hillstrom_visit,q,1,43,0.1659651353966822,-0.0011409566519631,1.5284305215647214,0.0511884289880849
37.0,hillstrom_visit,q_simple,1,43,0.1461296207359479,-0.0017081503654109,1.510431243968673,0.0558577148134016
38.0,hillstrom_visit,drt_log,1,43,0.258888947990719,-0.0009061954114831,2.013647993752754,0.1276895583699559
39.0,hillstrom_visit,drs_log,1,43,0.1062989539558556,-0.0009206963202213,1.8029359294697656,0.1098252009344267
40.0,hillstrom_visit,drq_log,1,43,0.1455753775010104,0.0003337681811221,1.9865688925989968,0.1280101170545478
41.0,hillstrom_visit,drt_direct,1,43,0.3110997839001215,0.001655341134907,2.857862579787355,0.2604414408856756
42.0,hillstrom_visit,drs_direct,1,43,0.2556121140401493,0.0022072072006419,2.37295621319682,0.2001330450479519
43.0,hillstrom_visit,drq_direct,1,43,0.3315237799568216,0.0012451842371299,2.781161433006953,0.2530189205369573
44.0,hillstrom_visit,drq_simple_log,1,43,0.2065445601383293,-0.0045698817018641,1.6726524222794488,0.0535298169328282
45.0,hillstrom_visit,drq_simple_direct,1,43,0.204952159769564,0.0002228934668267,2.256775854235093,0.1729295160794765
46.0,hillstrom_visit,x,1,43,0.1662171936084771,-0.0003741361927168,1.475185952752351,0.0316838634870136
47.0,hillstrom_visit,x_log,1,43,0.1583946674981502,-0.0011358496839263,1.3642727555692813,0.0336138222382001
48.0,hillstrom_visit,r,1,43,0.2453439475290653,0.002854917780424,1.490278266702527,0.0247107044537288
49.0,hillstrom_visit,r_log,1,43,0.1853083580918337,-0.0008225854011834,1.4194601201964596,0.0363996026811912
50.0,hillstrom_visit,dr_diff,1,43,0.2094909106279823,0.0025329832597798,2.4630302502587247,0.2002167999537991
51.0,hillstrom_visit,s,2,44,0.7012302656548064,0.0062891957047061,1.1867762266258046,0.0237524882247128
52.0,hillstrom_visit,t,2,44,0.5302358935681442,0.0046001326698076,1.3760398735601749,0.0250037284809896
53.0,hillstrom_visit,q,2,44,0.2820714669933819,0.0025856979598419,1.4623318569352757,0.0461604093018893
54.0,hillstrom_visit,q_simple,2,44,0.2603008428783533,0.0031466007134611,1.4951022957222924,0.0424783463115146
55.0,hillstrom_visit,drt_log,2,44,0.2906818973935881,0.0043984065913037,1.778063251706726,0.1170610131169486
56.0,hillstrom_visit,drs_log,2,44,0.2837846437515545,0.0042360986624452,1.60700056106475,0.0942479323938588
57.0,hillstrom_visit,drq_log,2,44,0.3547899942366497,0.0040296411631629,1.789889505510928,0.1209553978222418
58.0,hillstrom_visit,drt_direct,2,44,0.4626364827489473,0.0024488799503247,2.681558260354406,0.2417408912694719
59.0,hillstrom_visit,drs_direct,2,44,0.5787116785223518,0.0025598483458583,2.203154107024018,0.1898317560781098
60.0,hillstrom_visit,drq_direct,2,44,0.5131255412486508,0.0024032833918254,2.664418605783288,0.2459476579530746
61.0,hillstrom_visit,drq_simple_log,2,44,0.2562304054860813,0.001562877057966,1.6324798006663035,0.043077004271811
62.0,hillstrom_visit,drq_simple_direct,2,44,0.4082827023495552,0.0027881561950962,2.1416244127541058,0.167137448279476
63.0,hillstrom_visit,x,2,44,0.3014077278919385,0.0045749161244373,1.3503436598164664,0.023059518771636
64.0,hillstrom_visit,x_log,2,44,0.7552129806992767,0.0057748456937073,1.256131236002364,0.0123404575822439
65.0,hillstrom_visit,r,2,44,0.5313002230836514,0.00284098005637,1.34147605466664,0.0217621320023103
66.0,hillstrom_visit,r_log,2,44,0.5356681632602571,0.0034648568841664,1.304651901976588,0.0237036224141257
67.0,hillstrom_visit,dr_diff,2,44,0.3776523778439544,0.0042213354234842,2.351296551837376,0.1922904768711175
68.0,hillstrom_visit,s,3,45,0.324334847665463,0.0002814790338931,1.3325554239635482,0.0268232838560051
69.0,hillstrom_visit,t,3,45,0.1717240362719474,-0.0004606407777224,1.590439391364371,0.0377564156761774
70.0,hillstrom_visit,q,3,45,0.1328877249171252,-0.0017607942742989,1.5859007121294597,0.0513502684866545
71.0,hillstrom_visit,q_simple,3,45,0.1104340219783392,-0.0024406275505323,1.645731472907474,0.0618965431715907
72.0,hillstrom_visit,drt_log,3,45,0.2022167301308557,-0.0003633967684255,2.060802106280001,0.123803719818544
73.0,hillstrom_visit,drs_log,3,45,0.2742281591933104,0.0006832723348995,1.823126678374689,0.1020008876244811
74.0,hillstrom_visit,drq_log,3,45,0.1685980106823823,-0.0005570919189189,2.027181513311818,0.1263288318727706
75.0,hillstrom_visit,drt_direct,3,45,0.4599187782067626,0.0023543193156134,2.896479799279687,0.2572906693423298
76.0,hillstrom_visit,drs_direct,3,45,0.3977585411844333,0.002984768036224,2.482789972937802,0.2010292919388447
77.0,hillstrom_visit,drq_direct,3,45,0.2824829594825107,0.0015370393708465,3.019854521059265,0.2613913894026675
78.0,hillstrom_visit,drq_simple_log,3,45,0.1392761373287587,-0.0005011676796967,1.6343961160925244,0.0496361814266405
79.0,hillstrom_visit,drq_simple_direct,3,45,0.2400596631166112,0.0020864426193427,2.377034445773383,0.1805191774947884
80.0,hillstrom_visit,x,3,45,0.170131851732517,-7.846469988612159e-05,1.4430059172478853,0.0232195685589911
81.0,hillstrom_visit,x_log,3,45,0.4585933467161025,0.0005786065426454,1.3768269754100106,0.0318208612917447
82.0,hillstrom_visit,r,3,45,0.278429541327849,0.0001789535017261,1.5032950843963082,0.0333028883614002
83.0,hillstrom_visit,r_log,3,45,0.3381399027845295,0.000376896920132,1.3584713018656278,0.034659685955314
84.0,hillstrom_visit,dr_diff,3,45,0.2244867581536085,0.0011381287769918,2.712762044819532,0.2017157042690576
85.0,hillstrom_visit,s,4,46,0.4885330172763613,0.0023983126713869,1.2401810058444729,0.0253621382998635
86.0,hillstrom_visit,t,4,46,0.3144930119821627,-0.0015760453233349,1.5913216316453538,0.0441246370154209
87.0,hillstrom_visit,q,4,46,0.2078856091047412,0.0022029124984524,1.4526122949555884,0.0368065394752855
88.0,hillstrom_visit,q_simple,4,46,0.206552710053905,0.0025244194738076,1.424176807416342,0.0412705596785431
89.0,hillstrom_visit,drt_log,4,46,0.2720111961947469,0.0025870005439437,1.8188742711959645,0.112622968580058
90.0,hillstrom_visit,drs_log,4,46,0.2263873592846419,0.0041973340630309,1.6412968415988822,0.0882485310037089
91.0,hillstrom_visit,drq_log,4,46,0.2071027023450873,0.0026953364317646,1.827465796881265,0.1080063896278884
92.0,hillstrom_visit,drt_direct,4,46,0.4116594625716032,0.0046019426091966,2.556686461822556,0.2335331055504523
93.0,hillstrom_visit,drs_direct,4,46,0.5340275173791389,0.0045990699686494,2.175040699425614,0.1773838176297371
94.0,hillstrom_visit,drq_direct,4,46,0.2910234089840013,0.0039691306202323,2.5566346254289654,0.2321126045835196
95.0,hillstrom_visit,drq_simple_log,4,46,0.18066340489386,0.0019807274073886,1.5972931533516503,0.0536911691757782
96.0,hillstrom_visit,drq_simple_direct,4,46,0.453716082213891,0.0058594731617644,2.032958763127361,0.1518835640525269
97.0,hillstrom_visit,x,4,46,0.3505266615528042,0.0017947994971064,1.3915005384846524,0.0283252826824337
98.0,hillstrom_visit,x_log,4,46,0.3764535504073263,0.0023905815939168,1.266360061631499,0.0252392821516232
99.0,hillstrom_visit,r,4,46,0.2669314365538977,0.0012215992106241,1.498311624532411,0.0276976688381648
100.0,hillstrom_visit,r_log,4,46,0.3379587319325305,0.0031688752127747,1.295760063054506,0.0275520807587335
101.0,hillstrom_visit,dr_diff,4,46,0.3190891813108758,0.002502282945328,2.360682001104544,0.1827162181689492
102.0,hillstrom_visit,s,5,47,0.4059024780074574,0.0037293242936749,1.2921340405898432,0.025972509519195
103.0,hillstrom_visit,t,5,47,0.2029362720473169,0.0010076729716008,1.6122262837117969,0.0395924380277003
104.0,hillstrom_visit,q,5,47,0.2130400694512033,-2.1768593718496376e-05,1.5858394596569965,0.0478585565974839
105.0,hillstrom_visit,q_simple,5,47,0.1839448680338549,0.0001760939016368,1.6025437317888185,0.0513986102995932
106.0,hillstrom_visit,drt_log,5,47,0.2611342780217491,0.0028691232090776,2.2330661863466874,0.1397694973745303
107.0,hillstrom_visit,drs_log,5,47,0.2560918804296392,0.0029274106335074,2.0075723795000253,0.1180367956337011
108.0,hillstrom_visit,drq_log,5,47,0.1859622225690136,0.0023650933824849,2.22292963735634,0.1433909011983027
109.0,hillstrom_visit,drt_direct,5,47,0.3253326910130525,0.0057307156262721,3.13901736634405,0.264225365912946
110.0,hillstrom_visit,drs_direct,5,47,0.4176805024236525,0.00489608203536,2.5920497158961058,0.2106459088880882
111.0,hillstrom_visit,drq_direct,5,47,0.2584043553667643,0.0038116885931317,3.1512813403862285,0.2697369241373579
112.0,hillstrom_visit,drq_simple_log,5,47,0.2103689074089816,0.0014329850847118,1.621030605158846,0.0530475640808789
113.0,hillstrom_visit,drq_simple_direct,5,47,0.2590216677584018,0.0036043214481976,2.563769343319088,0.1936812153796887
114.0,hillstrom_visit,x,5,47,0.137992102789628,0.003131657439898,1.510621322052433,0.0269202622709953
115.0,hillstrom_visit,x_log,5,47,0.2734243144139212,0.0031055518862999,1.4841048789523932,0.0341996290737856
116.0,hillstrom_visit,r,5,47,0.1886271550942935,0.0017825447918297,1.5720221896540811,0.0355253901187056
117.0,hillstrom_visit,r_log,5,47,0.2601915555206577,0.0026652128432216,1.4271171847993738,0.0402555947368723
118.0,hillstrom_visit,dr_diff,5,47,0.1744735264731678,0.003043226616626,2.802895275393152,0.2066639903515769
119.0,hillstrom_visit,s,6,48,0.3564165472939973,0.0044709365605838,1.1839309772338555,0.0281065572497885
120.0,hillstrom_visit,t,6,48,0.2336531478850754,0.0028554046536478,1.5561169912372117,0.033263110791217
121.0,hillstrom_visit,q,6,48,0.1676896805463861,0.0015047958750508,1.5368037623276865,0.0542259578078528
122.0,hillstrom_visit,q_simple,6,48,0.1469197627547926,0.0020968794617939,1.5239784163034755,0.0513909356433089
123.0,hillstrom_visit,drt_log,6,48,0.2676851893575283,0.0012165415580704,1.955897327764562,0.1195645086237572
124.0,hillstrom_visit,drs_log,6,48,0.2832026630675459,0.0012616102720621,1.7228673923023932,0.1047519523443068
125.0,hillstrom_visit,drq_log,6,48,0.2195119323472139,0.0008146008073059,1.9612341039853995,0.1212682131265046
126.0,hillstrom_visit,drt_direct,6,48,0.3938041131266359,0.0028713041092377,2.7469109967443166,0.2492367043375323
127.0,hillstrom_visit,drs_direct,6,48,0.5400393472764593,0.003699433175796,2.3049409213663434,0.1948008869752723
128.0,hillstrom_visit,drq_direct,6,48,0.306958066510997,0.0025423363740383,2.758646842018429,0.2510316007239089
129.0,hillstrom_visit,drq_simple_log,6,48,0.1641487578589215,0.0018639099649828,1.7487497842811006,0.0582739208366806
130.0,hillstrom_visit,drq_simple_direct,6,48,0.2057649817774978,0.0029616346104063,2.2225618853260167,0.1697443989443542
131.0,hillstrom_visit,x,6,48,0.250414671712746,0.0026025704045673,1.4695902380235724,0.0240137513732555
132.0,hillstrom_visit,x_log,6,48,0.3837490227968501,0.0028414180345029,1.4077476637917286,0.0172763785965816
133.0,hillstrom_visit,r,6,48,0.2915653591692551,0.0024451326629653,1.5249630345096223,0.0339363986703797
134.0,hillstrom_visit,r_log,6,48,0.2617351524615214,0.0021811763505712,1.324233909087249,0.0295314323548337
135.0,hillstrom_visit,dr_diff,6,48,0.2816637258602261,0.0043208822794311,2.4826770036132086,0.1995798013027222
136.0,hillstrom_visit,s,7,49,0.7085994875881649,0.003361436012892,1.1905074502086306,0.0183113935421732
137.0,hillstrom_visit,t,7,49,0.1383965552130615,0.0013948685042218,1.4892061963395553,0.0405005397614043
138.0,hillstrom_visit,q,7,49,0.1867596768178798,-0.0003479772796815,1.5025762895863413,0.0480574664484691
139.0,hillstrom_visit,q_simple,7,49,0.215393790339383,-0.0001593062259284,1.5351648600935683,0.0482124597142197
140.0,hillstrom_visit,drt_log,7,49,0.2282149447298418,0.0001442961632071,1.9136820846564973,0.1224223888279268
141.0,hillstrom_visit,drs_log,7,49,0.2253348483575918,-0.0011568072006892,1.7667238598209685,0.101000589158325
142.0,hillstrom_visit,drq_log,7,49,0.282196102648631,-0.001539549926857,1.877722019811512,0.1205533035316007
143.0,hillstrom_visit,drt_direct,7,49,0.5808886759838083,0.001609269994877,2.634538457433328,0.2343507137479004
144.0,hillstrom_visit,drs_direct,7,49,0.5221993119245965,0.002295656686951,2.2095745546597105,0.1795411027752156
145.0,hillstrom_visit,drq_direct,7,49,0.313910625525821,0.0008791203501534,2.6303081188580664,0.2362812661138869
146.0,hillstrom_visit,drq_simple_log,7,49,0.0952549432052616,-0.0041361063232304,1.7586443586717682,0.0677437143631908
147.0,hillstrom_visit,drq_simple_direct,7,49,0.4157449627314427,-0.0001940454228805,2.140771872645094,0.1596523326264482
148.0,hillstrom_visit,x,7,49,0.1641949099697834,1.6168924886122982e-05,1.3953622962634125,0.0271415625495823
149.0,hillstrom_visit,x_log,7,49,0.5258150312804695,0.0005432632277079,1.373227881744396,0.0258020188914449
150.0,hillstrom_visit,r,7,49,0.1776376088932245,0.001220101660719,1.4344841703309577,0.0277191683642194
151.0,hillstrom_visit,r_log,7,49,0.4169605809183068,-0.0007274771046201,1.2997630521537142,0.0317853170023239
152.0,hillstrom_visit,dr_diff,7,49,0.2297001255932946,0.0027467072237812,2.383511261766213,0.1841343860194924
153.0,hillstrom_visit,s,8,50,0.3764524570219119,0.0045062110733678,1.2360612767562582,0.0242764814073734
154.0,hillstrom_visit,t,8,50,0.25319421123343,0.0019737038172137,1.4609288608030282,0.0300265353065925
155.0,hillstrom_visit,q,8,50,0.131616320485719,0.0014363174926618,1.516378275140992,0.0467543481857835
156.0,hillstrom_visit,q_simple,8,50,0.1766916946817327,0.002147205020344,1.4847133705188948,0.0428437528518275
157.0,hillstrom_visit,drt_log,8,50,0.241629798486523,0.0019374176576241,1.8107020067016493,0.113252688697964
158.0,hillstrom_visit,drs_log,8,50,0.2930003749441658,0.0034305288029763,1.6198125789482276,0.0947824337241851
159.0,hillstrom_visit,drq_log,8,50,0.1551315961601025,0.000340064407229,1.807411227178692,0.1149479779203353
160.0,hillstrom_visit,drt_direct,8,50,0.2157230922101212,4.201469880700526e-05,2.622622710496797,0.2386145747487745
161.0,hillstrom_visit,drs_direct,8,50,0.3188827637126334,0.0017858883615375,2.2007550161968927,0.186750214652117
162.0,hillstrom_visit,drq_direct,8,50,0.0815310643501148,-0.0003863793000899,2.6450359708539346,0.2432927306967299
163.0,hillstrom_visit,drq_simple_log,8,50,0.2081828406020855,0.0031705976663929,1.5557082439919894,0.0467320912733038
164.0,hillstrom_visit,drq_simple_direct,8,50,0.2837891066324429,0.0021075360822849,2.0223697593489014,0.1597719570306917
165.0,hillstrom_visit,x,8,50,0.303492427202797,0.0031333324356453,1.3216935320725351,0.0263075035237063
166.0,hillstrom_visit,x_log,8,50,0.2107685314775569,0.0008002721445843,1.3040491246830312,0.0268634873009942
167.0,hillstrom_visit,r,8,50,0.4808612806890262,0.0033785292339741,1.4262208061922674,0.0233841840711691
168.0,hillstrom_visit,r_log,8,50,0.2976693411639246,0.0002686325280239,1.2798551467105543,0.0307204745765776
169.0,hillstrom_visit,dr_diff,8,50,0.2918151034866814,0.0018778500954115,2.3342288677757543,0.1908613491440083
170.0,hillstrom_visit,s,9,51,0.3974780267109445,0.0044611990647997,1.250067588590242,0.0257211957934471
171.0,hillstrom_visit,t,9,51,0.2373667510695132,0.0020590818765503,1.5271069491415514,0.0358339511108813
172.0,hillstrom_visit,q,9,51,0.1697455274734816,0.0010275252760762,1.5486866499235283,0.0525759900495231
173.0,hillstrom_visit,q_simple,9,51,0.2266837625950004,0.0017372420218564,1.5240899963929369,0.0533372857783581
174.0,hillstrom_visit,drt_log,9,51,0.342025736833814,0.0019861569200813,2.1843047632801507,0.1437402890571132
175.0,hillstrom_visit,drs_log,9,51,0.3625974133982785,0.0023245886458992,1.9665682649316711,0.1218900681667517
176.0,hillstrom_visit,drq_log,9,51,0.2442815000664935,0.0010007318979127,2.1676244471703656,0.1452151705061664
177.0,hillstrom_visit,drt_direct,9,51,0.369762464008164,0.0026884567653391,3.1758109132569308,0.2730229579757111
178.0,hillstrom_visit,drs_direct,9,51,0.3403611555150225,0.0022279385746489,2.6563645001444143,0.2173007225899877
179.0,hillstrom_visit,drq_direct,9,51,0.2724077322716876,0.001420218068718,3.204852706330143,0.2783230329640281
180.0,hillstrom_visit,drq_simple_log,9,51,0.2036352902504443,0.0009839880539607,1.5730752518360334,0.0478361925564037
181.0,hillstrom_visit,drq_simple_direct,9,51,0.4332808262924692,0.0030059762361499,2.485935292309457,0.1915872899415298
182.0,hillstrom_visit,x,9,51,0.2978763770551373,0.0044628074363867,1.4102932803644137,0.0263454866854071
183.0,hillstrom_visit,x_log,9,51,0.3301162839161484,0.0042868850123627,1.3162384502043172,0.0289938743810755
184.0,hillstrom_visit,r,9,51,0.3987133957853805,0.0021419878753966,1.4886292207853022,0.0335238148944774
185.0,hillstrom_visit,r_log,9,51,0.3950415889497145,0.0022906524032094,1.4019273468558715,0.0394070948167592
186.0,hillstrom_visit,dr_diff,9,51,0.3621411001700316,0.0010665498900298,2.8052502486079685,0.2102812417066887
187.0,hillstrom_visit,s,10,52,0.4667641967099558,0.0059187399842405,1.187428010450505,0.019377357134784
188.0,hillstrom_visit,t,10,52,0.291405978823537,0.0005360282875311,1.5200346139809466,0.0370699193401678
189.0,hillstrom_visit,q,10,52,0.3350899800080704,-0.0005506878637264,1.5719106398203466,0.0546929698462985
190.0,hillstrom_visit,q_simple,10,52,0.3565294970486792,-0.0021280970602276,1.6796004403527685,0.0663494495018197
191.0,hillstrom_visit,drt_log,10,52,0.4357568496720507,-9.588906792725588e-06,2.034113304488692,0.1307533520236296
192.0,hillstrom_visit,drs_log,10,52,0.6070213681854766,0.0017340997272773,1.8240700350838743,0.1126470160288892
193.0,hillstrom_visit,drq_log,10,52,0.2117185635010641,-0.0002394250757792,2.0610177011896984,0.1344598412420284
194.0,hillstrom_visit,drt_direct,10,52,0.4605950804426446,0.0025954847691483,2.8755028213073555,0.252678972140589
195.0,hillstrom_visit,drs_direct,10,52,0.485244484587821,0.0031183595065835,2.3864137710259845,0.1969955514827677
196.0,hillstrom_visit,drq_direct,10,52,0.3741758443802507,0.0015319702733082,2.8830261668219017,0.2542394461342942
197.0,hillstrom_visit,drq_simple_log,10,52,0.1239193730306729,-0.0017406913065121,1.7533457202399756,0.0690431092302424
198.0,hillstrom_visit,drq_simple_direct,10,52,0.2116659794527156,-0.0001086324199339,2.3806356884451336,0.1764051047411962
199.0,hillstrom_visit,x,10,52,0.3411616898275538,-0.0003554866154756,1.4413264645076087,0.0340032890790577
200.0,hillstrom_visit,x_log,10,52,0.381069800974585,0.0032252090002075,1.2718597500105828,0.02611166410167
201.0,hillstrom_visit,r,10,52,0.2940642799380961,-0.0001906719861916,1.478509967120578,0.0339559671482606
202.0,hillstrom_visit,r_log,10,52,0.3452294825838444,0.0020448927510297,1.340016728780741,0.0330997857423568
203.0,hillstrom_visit,dr_diff,10,52,0.3431256814448666,0.00263519641232,2.553734203586674,0.1975913615636589
204.0,hillstrom_visit,s,11,53,0.3085361631508656,0.0061068510535224,1.1820722352835564,0.0157322533015361
205.0,hillstrom_visit,t,11,53,0.2684290700321949,0.0053287905986195,1.4667723906837695,0.0244937353783503
206.0,hillstrom_visit,q,11,53,0.2161307658303823,0.0034397736007064,1.4709639202697178,0.0387370999345512
207.0,hillstrom_visit,q_simple,11,53,0.1771097554573466,0.0034277516425403,1.54759038126413,0.0462499709540993
208.0,hillstrom_visit,drt_log,11,53,0.419795174148996,0.00329792079085,2.014312882981556,0.1265746149880267
209.0,hillstrom_visit,drs_log,11,53,0.3566365021101414,0.0038752436170732,1.8480450062556104,0.1062666459025765
210.0,hillstrom_visit,drq_log,11,53,0.1029347546863597,0.0021844941038803,2.059981785766849,0.127012290474871
211.0,hillstrom_visit,drt_direct,11,53,0.3388839537514905,0.0038259768646799,2.886455816861411,0.2526546245263757
212.0,hillstrom_visit,drs_direct,11,53,0.3331210171877878,0.0030372657661637,2.397265522306268,0.1964939945857838
213.0,hillstrom_visit,drq_direct,11,53,0.1272072572070579,0.001254416336964,2.880957335058865,0.2529180281291031
214.0,hillstrom_visit,drq_simple_log,11,53,0.1054798135543897,0.0021947320004028,1.6407396771775768,0.0531576091956834
215.0,hillstrom_visit,drq_simple_direct,11,53,0.2264902274693734,0.0029931229102516,2.283062915586008,0.1724177399614035
216.0,hillstrom_visit,x,11,53,0.221829108116103,0.0050480006307672,1.4427110625235848,0.0234673633881319
217.0,hillstrom_visit,x_log,11,53,0.2420688451774371,0.0043047164649654,1.299291146616118,0.0215548669398572
218.0,hillstrom_visit,r,11,53,0.3569742433850296,0.0045021839768996,1.4147563782108143,0.0262822668318665
219.0,hillstrom_visit,r_log,11,53,0.2083449426544155,0.0038672289916883,1.2899899601829208,0.0290757102891253
220.0,hillstrom_visit,dr_diff,11,53,0.2520758413028907,0.0050118204005814,2.4894192566741062,0.1950224634726128
221.0,hillstrom_visit,s,12,54,0.5502997068451279,0.0034211443154078,1.200407372749919,0.0214075008058369
222.0,hillstrom_visit,t,12,54,0.4020151628654991,0.0046589285232069,1.399458563323104,0.0360599092559288
223.0,hillstrom_visit,q,12,54,0.3345176050631731,0.0019738237732145,1.4539029732617603,0.0466939715502954
224.0,hillstrom_visit,q_simple,12,54,0.3245326040597043,0.0020804619593246,1.4483711736456413,0.0508228976994382
225.0,hillstrom_visit,drt_log,12,54,0.2823387213357766,0.0014880195964418,2.0470765880814863,0.1330495850601626
226.0,hillstrom_visit,drs_log,12,54,0.3563513945241474,0.0024749348726465,1.7933931494157267,0.1078127331700069
227.0,hillstrom_visit,drq_log,12,54,0.3578700835767163,0.0021277775790227,1.9807923330582733,0.129254851934956
228.0,hillstrom_visit,drt_direct,12,54,0.5000809968688213,0.0003686241742582,2.864025545959055,0.2546876004058455
229.0,hillstrom_visit,drs_direct,12,54,0.5050400257100769,-0.0005332681792823,2.424995832149219,0.1995264351900899
230.0,hillstrom_visit,drq_direct,12,54,0.4667770427158244,-0.0006258275212956,2.829427351298407,0.2507717223115253
231.0,hillstrom_visit,drq_simple_log,12,54,0.5346698210308036,0.0029447279427415,1.4904102770573875,0.0428597281656809
232.0,hillstrom_visit,drq_simple_direct,12,54,0.4768151130710061,-9.73433704646448e-07,2.2991721918746943,0.1749692564936071
233.0,hillstrom_visit,x,12,54,0.5157334460566692,0.0065161326077448,1.277104277991479,0.0221265331493089
234.0,hillstrom_visit,x_log,12,54,0.5712567161009876,0.0046203738435298,1.2852259998380533,0.0254765481578341
235.0,hillstrom_visit,r,12,54,0.5166499590899323,0.0059776081714771,1.3503716259544192,0.0235982742246091
236.0,hillstrom_visit,r_log,12,54,0.5753284939288335,0.0029926450530903,1.260956616990523,0.0309657634084591
237.0,hillstrom_visit,dr_diff,12,54,0.478139985655569,0.0029148277813762,2.560531580688806,0.1999705851028803
238.0,hillstrom_visit,s,13,55,0.4779645180201033,0.0027008763312888,1.1982515316466216,0.028590382702751
239.0,hillstrom_visit,t,13,55,0.2193899348881269,0.0001961876507577,1.5605872093961357,0.0462010932137173
240.0,hillstrom_visit,q,13,55,0.2404815130340671,-0.0032913647774759,1.6220250133395648,0.0548515964030736
241.0,hillstrom_visit,q_simple,13,55,0.1638881125920002,-0.0018366158056319,1.608180753926526,0.0580964419299751
242.0,hillstrom_visit,drt_log,13,55,0.3199111463169886,0.0001151913580134,1.9117943698930195,0.1209942695891355
243.0,hillstrom_visit,drs_log,13,55,0.1868392998467496,-0.0008039027289668,1.8233460236943269,0.1019104624854678
244.0,hillstrom_visit,drq_log,13,55,0.2276230719972773,0.0003485442033869,1.9394889555529384,0.1255117603555531
245.0,hillstrom_visit,drt_direct,13,55,0.3076320636883562,0.0022655905551654,2.6968899271962945,0.2405723446755946
246.0,hillstrom_visit,drs_direct,13,55,0.3325942897890814,0.0024413736585237,2.242832477778905,0.1876014408505819
247.0,hillstrom_visit,drq_direct,13,55,0.2122665611376446,0.0017730066824234,2.714146628016054,0.243858218447393
248.0,hillstrom_visit,drq_simple_log,13,55,0.1708469692959404,-0.0008917294435395,1.6951857072106853,0.0561969971590505
249.0,hillstrom_visit,drq_simple_direct,13,55,0.286758855720389,0.0026428485499547,2.117682528787376,0.1592810258969811
250.0,hillstrom_visit,x,13,55,0.1301232848566964,-0.0002427504813948,1.4351969792693111,0.0339639340900601
251.0,hillstrom_visit,x_log,13,55,0.2917059869738678,0.0015426671427843,1.3246562330518084,0.0303769830382585
252.0,hillstrom_visit,r,13,55,0.1682580817560641,0.0003097917057207,1.4818900802714572,0.0285672006053184
253.0,hillstrom_visit,r_log,13,55,0.2323874512340058,0.0012893148409068,1.351888154744548,0.0320466007259359
254.0,hillstrom_visit,dr_diff,13,55,0.2865552189285365,0.0021797348155692,2.428406958875361,0.1904104564533568
255.0,hillstrom_visit,s,14,56,0.3492521977262171,0.0008305830540778,1.2890315046091,0.0235354734570857
256.0,hillstrom_visit,t,14,56,0.3041296497403574,-0.0019250711666875,1.5594250998230827,0.0487094382214547
257.0,hillstrom_visit,q,14,56,0.1944500105074817,0.0029407556830336,1.5424299828240533,0.0460096715816457
258.0,hillstrom_visit,q_simple,14,56,0.1511701440687998,0.0021930623282493,1.5443596485515594,0.0443050447550479
259.0,hillstrom_visit,drt_log,14,56,0.4263675059259642,0.0010993386205693,1.923946059574732,0.1236527636151658
260.0,hillstrom_visit,drs_log,14,56,0.2529600764338917,0.0014390342349257,1.7474415969708454,0.1042208213004427
261.0,hillstrom_visit,drq_log,14,56,0.3549485168166166,0.0008327092141997,1.9286307353728336,0.1265595727583293
262.0,hillstrom_visit,drt_direct,14,56,0.5068636174766632,0.0050596325599041,2.5947326276382943,0.2419164517252872
263.0,hillstrom_visit,drs_direct,14,56,0.3389071614976293,0.0045349667173925,2.211373691900119,0.1878603868722972
264.0,hillstrom_visit,drq_direct,14,56,0.2444651228228702,0.0028380454972056,2.6334130106996274,0.2461211553933495
265.0,hillstrom_visit,drq_simple_log,14,56,0.1815898229228565,0.0002032693383075,1.665270157449769,0.0541398623725173
266.0,hillstrom_visit,drq_simple_direct,14,56,0.284346937281672,0.0029167423786076,2.101805211719244,0.1619872109467478
267.0,hillstrom_visit,x,14,56,0.5298321404313193,0.0008665881545542,1.442119915732018,0.0291372958525954
268.0,hillstrom_visit,x_log,14,56,0.3342897091622661,0.0010819430599401,1.3459141655068112,0.0251094614945691
269.0,hillstrom_visit,r,14,56,0.4181213428653305,-0.0022953320568065,1.5726577499208276,0.0401496902049836
270.0,hillstrom_visit,r_log,14,56,0.4419172410184564,0.0016113116668129,1.3525589400258566,0.0282891711708812
271.0,hillstrom_visit,dr_diff,14,56,0.6035119892665786,0.0037093147394624,2.309038218571048,0.1894483832355622
272.0,hillstrom_visit,s,15,57,0.8756609024549,0.0051835181256012,1.1368246172691476,0.0234605746803301
273.0,hillstrom_visit,t,15,57,0.5373379263889664,0.0023190487199282,1.4154473297983037,0.0386103418478204
274.0,hillstrom_visit,q,15,57,0.3627744653769609,0.0050040647542744,1.363686580634077,0.039478052323553
275.0,hillstrom_visit,q_simple,15,57,0.2347827372583975,0.0034943256361278,1.4305585660855844,0.0489623564939
276.0,hillstrom_visit,drt_log,15,57,0.5281620622114911,0.0021634478312655,1.7136712977206665,0.1136916602927145
277.0,hillstrom_visit,drs_log,15,57,0.6660758511861133,0.0039185682460704,1.51906846898678,0.0869551685516967
278.0,hillstrom_visit,drq_log,15,57,0.6150282149820718,0.0040619693018611,1.6953321674554942,0.1080727943586414
279.0,hillstrom_visit,drt_direct,15,57,0.6851848667148572,0.0043593672897722,2.423191486139697,0.2312704558963249
280.0,hillstrom_visit,drs_direct,15,57,0.7420343443537272,0.0046699733743902,2.02203437231847,0.1789938378084499
281.0,hillstrom_visit,drq_direct,15,57,0.6443751121872534,0.0042229939256089,2.4219393172666743,0.2342433499446884
282.0,hillstrom_visit,drq_simple_log,15,57,0.3664453624425978,0.0028769802848121,1.4813758522016442,0.0428174613940855
283.0,hillstrom_visit,drq_simple_direct,15,57,0.4910873525165327,0.0025678366246919,1.9556358540629988,0.155598479891842
284.0,hillstrom_visit,x,15,57,0.6926992326019601,0.0037995106286615,1.3046790254997256,0.0254709856128804
285.0,hillstrom_visit,x_log,15,57,0.7151398818959604,0.006611031730581,1.1593062973376072,0.0230047894190971
286.0,hillstrom_visit,r,15,57,0.710007444596207,0.0032531306629838,1.2930819255840844,0.0229413351764575
287.0,hillstrom_visit,r_log,15,57,0.6689374259688385,0.0055158014471966,1.2609709765988937,0.0199088104179943
288.0,hillstrom_visit,dr_diff,15,57,0.6459973955693998,0.0021785742722591,2.179601402501308,0.1836496695768113
289.0,hillstrom_visit,s,16,58,0.188168553112304,0.003096323572199,1.2832913051247006,0.0239786312016405
290.0,hillstrom_visit,t,16,58,0.2671865772239585,0.0033094949295304,1.5535214731921383,0.0319907325044837
291.0,hillstrom_visit,q,16,58,0.2005945482131106,0.0038445906002113,1.4791067834159184,0.0429409873406117
292.0,hillstrom_visit,q_simple,16,58,0.1636501512457204,0.0035344637068914,1.4756669954406714,0.0413135166782474
293.0,hillstrom_visit,drt_log,16,58,0.1661117518466714,0.0030814179747998,1.8158426155318683,0.1144064924951876
294.0,hillstrom_visit,drs_log,16,58,0.3133271580924595,0.0041880726199268,1.6206844316163518,0.0866773607527056
295.0,hillstrom_visit,drq_log,16,58,0.2231817372539577,0.0041325625865722,1.8302515298628848,0.1105097830764221
296.0,hillstrom_visit,drt_direct,16,58,0.1905162352306679,0.0027647414737634,2.716190767375802,0.2433623963763703
297.0,hillstrom_visit,drs_direct,16,58,0.2080081008870249,0.0029133244634458,2.2767254189144803,0.1882064977637892
298.0,hillstrom_visit,drq_direct,16,58,0.3110853568485872,0.0031348021685553,2.667613396880677,0.2454626689880682
299.0,hillstrom_visit,drq_simple_log,16,58,0.2448219738839006,0.0022914492880034,1.5664060770311163,0.0430937136823552
300.0,hillstrom_visit,drq_simple_direct,16,58,0.2720616785104455,0.0035975046933474,2.1474836031728777,0.165168491594295
301.0,hillstrom_visit,x,16,58,0.3812549831826677,0.0050749123660274,1.4219271063099463,0.0177093662109784
302.0,hillstrom_visit,x_log,16,58,0.3322968366904546,0.0041206689331606,1.2996742087191877,0.0246036286757533
303.0,hillstrom_visit,r,16,58,0.370913623272791,0.0044906658383582,1.4688591139911282,0.0215114257293204
304.0,hillstrom_visit,r_log,16,58,0.2129085695277863,0.0038881878543743,1.312750971735687,0.0253484403883511
305.0,hillstrom_visit,dr_diff,16,58,0.2878614265417389,0.0037849452370511,2.4666813091471043,0.1903834960153577
306.0,hillstrom_visit,s,17,59,0.2738437433110992,0.0045334428440501,1.2505923245201838,0.0187126964538883
307.0,hillstrom_visit,t,17,59,0.171297512311743,0.0037526173595308,1.5094991089767098,0.0318208381983717
308.0,hillstrom_visit,q,17,59,0.1017778874377486,-0.0002650312599002,1.5791957702615156,0.0550487223739431
309.0,hillstrom_visit,q_simple,17,59,0.0571880988980015,-0.0002149072213546,1.6615572837080204,0.0584140797286283
310.0,hillstrom_visit,drt_log,17,59,0.0789650565688331,0.0014769663109464,1.9950882149670897,0.1239734878639901
311.0,hillstrom_visit,drs_log,17,59,0.1758727402009403,0.003666239858102,1.7968346631664696,0.0989797573558652
312.0,hillstrom_visit,drq_log,17,59,0.155095257147259,0.0035834794762971,1.9590783183918072,0.1226549568112175
313.0,hillstrom_visit,drt_direct,17,59,0.308620805327217,0.0035931710576859,2.813515813719456,0.2460814379947656
314.0,hillstrom_visit,drs_direct,17,59,0.3762836185964888,0.0034538877500279,2.3658992351974155,0.1913205991058037
315.0,hillstrom_visit,drq_direct,17,59,0.2330194437951875,0.0028983165199206,2.831689716071288,0.2488649787528448
316.0,hillstrom_visit,drq_simple_log,17,59,0.1423383923411709,0.0024923382959796,1.609150540202104,0.0487780421960152
317.0,hillstrom_visit,drq_simple_direct,17,59,0.1773042305831995,0.0031774805223993,2.2424203532622182,0.1667514087078571
318.0,hillstrom_visit,x,17,59,0.2695376448660507,0.0050753420660413,1.415985689911462,0.0220408582937078
319.0,hillstrom_visit,x_log,17,59,0.1540221894714457,0.0030887674114613,1.3590395274905915,0.0285333020760831
320.0,hillstrom_visit,r,17,59,0.2447500070543524,0.0052221600769974,1.390358113553566,0.0257621468520387
321.0,hillstrom_visit,r_log,17,59,0.1256636885922104,0.0015353050847555,1.3868491848539737,0.0316809043274865
322.0,hillstrom_visit,dr_diff,17,59,0.1489001408720038,0.0033163845715445,2.510041260397129,0.1942789848289005
323.0,hillstrom_visit,s,18,60,0.4102324577486147,0.0067236051072521,1.1945665819616456,0.0213987878882903
324.0,hillstrom_visit,t,18,60,0.2259618104866181,0.0056757742276352,1.3824938088587144,0.0292393248107463
325.0,hillstrom_visit,q,18,60,0.2456996016592316,0.0032042592505458,1.4345445376932542,0.0422194294985442
326.0,hillstrom_visit,q_simple,18,60,0.2816888333051293,0.0043275968285927,1.3969656721187218,0.0423032997056063
327.0,hillstrom_visit,drt_log,18,60,0.2453167602154529,0.0037079149346662,1.933464651526234,0.1270841171152774
328.0,hillstrom_visit,drs_log,18,60,0.223361347397327,0.0016672257986412,1.8270955038507604,0.1066061364211432
329.0,hillstrom_visit,drq_log,18,60,0.2030028611047458,0.0028987305112396,1.9460502711145733,0.1276559547412461
330.0,hillstrom_visit,drt_direct,18,60,0.4126093458503184,0.0032476286115571,2.7594992924317188,0.2468031283371616
331.0,hillstrom_visit,drs_direct,18,60,0.4011138519238735,0.0021538871372673,2.3998942756015142,0.1983461811424552
332.0,hillstrom_visit,drq_direct,18,60,0.3534971426417255,0.0026844805697455,2.7952431194226954,0.2536404530075713
333.0,hillstrom_visit,drq_simple_log,18,60,0.2971768037985485,0.0061281384282685,1.410110885679864,0.0381581034142666
334.0,hillstrom_visit,drq_simple_direct,18,60,0.5211185868542505,0.003981399590291,2.29485040158815,0.1742090761195872
335.0,hillstrom_visit,x,18,60,0.2615515102796606,0.0043703646718043,1.380476415286455,0.0223820564631079
336.0,hillstrom_visit,x_log,18,60,0.2825958090206231,0.004679374504149,1.303960006029402,0.0232823917524849
337.0,hillstrom_visit,r,18,60,0.1933268025079451,0.0035164220894902,1.4143588670576477,0.0253762052449541
338.0,hillstrom_visit,r_log,18,60,0.2768390014356718,0.0054783788853385,1.272425759560702,0.0233339536774068
339.0,hillstrom_visit,dr_diff,18,60,0.2009341567224076,0.0025720011473849,2.608452022225689,0.1982632621375729
340.0,hillstrom_visit,s,19,61,0.2702765812848142,0.0022807741941328,1.246537631002572,0.0347053772255928
341.0,hillstrom_visit,t,19,61,0.2257262444839123,0.0017003028255775,1.488813616747905,0.0357728444952077
342.0,hillstrom_visit,q,19,61,0.1121352080370023,-0.0004237285599783,1.539506311560564,0.0571765669809681
343.0,hillstrom_visit,q_simple,19,61,0.0995739700697377,0.001181981829109,1.5062783796297117,0.0552940851483028
344.0,hillstrom_visit,drt_log,19,61,0.1650199483034578,-5.958722260750865e-05,1.885087832448276,0.1193575923354704
345.0,hillstrom_visit,drs_log,19,61,0.1909817743721915,-6.734893204386055e-05,1.756342791814591,0.1036347349621576
346.0,hillstrom_visit,drq_log,19,61,0.1436208305584771,0.0012150711656923,1.88374455278521,0.1215289470817519
347.0,hillstrom_visit,drt_direct,19,61,0.2076569560951071,0.0014826112172484,2.700257830413615,0.2430801592906403
348.0,hillstrom_visit,drs_direct,19,61,0.2463373029674334,0.001849508424429,2.306247477121806,0.1886008964313883
349.0,hillstrom_visit,drq_direct,19,61,0.2233113833805631,0.0013057091552572,2.7151346466057418,0.2467513104765588
350.0,hillstrom_visit,drq_simple_log,19,61,0.1291838991157341,0.0011999799128963,1.584269774320541,0.0508953224428218
351.0,hillstrom_visit,drq_simple_direct,19,61,0.2451081800458729,0.0014592413424938,2.168186612967748,0.1651690995067151
352.0,hillstrom_visit,x,19,61,0.3017304198083692,0.0014992190019958,1.3710874977228402,0.0238240992885622
353.0,hillstrom_visit,x_log,19,61,0.2839393155987582,0.0021660327996224,1.3343303753464146,0.030357604008063
354.0,hillstrom_visit,r,19,61,0.3150686241661338,0.0038628212800712,1.3777833687001846,0.0265352465727278
355.0,hillstrom_visit,r_log,19,61,0.225848504531035,-0.0001830021506413,1.3588024219464,0.0386650534783167
356.0,hillstrom_visit,dr_diff,19,61,0.3139585960915714,0.0017066281482504,2.4261374739571044,0.1887831899848142
357.0,hillstrom_visit,s,20,62,0.5920300045756421,0.0041397282443156,1.1272481300638304,0.0295191776400554
358.0,hillstrom_visit,t,20,62,0.237128464562323,0.0018488122317185,1.4507336330227625,0.0402237314628484
359.0,hillstrom_visit,q,20,62,0.1221552044773568,0.0007911466705738,1.5034079914387617,0.0570387028698675
360.0,hillstrom_visit,q_simple,20,62,0.1512570637695949,0.0010819680451147,1.5089832988439569,0.0465655256345226
361.0,hillstrom_visit,drt_log,20,62,0.5488786257016696,0.0024862216637933,1.6862571283318557,0.1059870623516187
362.0,hillstrom_visit,drs_log,20,62,0.4977963289961564,0.0032574096158519,1.511550985477856,0.0863082917478579
363.0,hillstrom_visit,drq_log,20,62,0.3347428949511586,0.0010241439375202,1.705791025964127,0.1090171520343981
364.0,hillstrom_visit,drt_direct,20,62,0.495077558989818,0.0032436221990425,2.441176291413272,0.228248650962911
365.0,hillstrom_visit,drs_direct,20,62,0.8213983631712736,0.004477165613402,1.9636513819899968,0.1743824297923713
366.0,hillstrom_visit,drq_direct,20,62,0.4449249740876431,0.0023602000239122,2.4153682270675154,0.2263132026356115
367.0,hillstrom_visit,drq_simple_log,20,62,0.2740351507327825,-0.001000938109502,1.8028476926302688,0.0593675257816507
368.0,hillstrom_visit,drq_simple_direct,20,62,0.5058277610521349,0.0036402975196168,1.9511846681717897,0.145101256749339
369.0,hillstrom_visit,x,20,62,0.3303369780144536,0.001367556425106,1.3763079143515435,0.0265957269686874
370.0,hillstrom_visit,x_log,20,62,0.4702716781245615,0.0030251646239706,1.2340350966562517,0.0291645710471896
371.0,hillstrom_visit,r,20,62,0.4766061032695845,0.0027002642951666,1.3634548631269643,0.0325967364390471
372.0,hillstrom_visit,r_log,20,62,0.4696884256562381,0.0034126612889146,1.2726475836033726,0.0264266668988083
373.0,hillstrom_visit,dr_diff,20,62,0.345546281496923,0.0034706859756647,2.251559631626103,0.1806449378872814
374.0,hillstrom_visit,s,21,63,0.5126050305869272,0.0059255587295472,1.11316973490298,0.0259965530801571
375.0,hillstrom_visit,t,21,63,0.4828033400112084,0.0032394224890648,1.453148393436983,0.0343305691992129
376.0,hillstrom_visit,q,21,63,0.2815080460165811,0.0026875816883326,1.4477936785597687,0.051276909320568
377.0,hillstrom_visit,q_simple,21,63,0.2761899849057898,0.0024779581274147,1.4695858180465666,0.0458273974360327
378.0,hillstrom_visit,drt_log,21,63,0.4476158004620629,0.0037962777265368,1.8511413752332155,0.1147642782452482
379.0,hillstrom_visit,drs_log,21,63,0.5391018013159179,0.0061127442261657,1.6413957740334502,0.0935805182998472
380.0,hillstrom_visit,drq_log,21,63,0.4148282762561395,0.0049653650142015,1.8146718192186897,0.1191181588382474
381.0,hillstrom_visit,drt_direct,21,63,0.5946449856605229,0.0016461288372513,2.645282686739891,0.2368959616795659
382.0,hillstrom_visit,drs_direct,21,63,0.7266615771473501,0.001974462208767,2.205203930742453,0.1881064422895237
383.0,hillstrom_visit,drq_direct,21,63,0.4939213638941566,0.001093421625895,2.669628624395619,0.2453216808568498
384.0,hillstrom_visit,drq_simple_log,21,63,0.2811535048893898,0.0005890756720524,1.6394832279589588,0.0503834327619739
385.0,hillstrom_visit,drq_simple_direct,21,63,0.4610572887290571,0.0003136223560178,2.2074085207965584,0.1675033600581835
386.0,hillstrom_visit,x,21,63,0.4712542550569722,0.0057966952127359,1.3106600261634724,0.0199315046178866
387.0,hillstrom_visit,x_log,21,63,0.4937712684957478,0.0050794211603017,1.2546844307200269,0.0188444907594393
388.0,hillstrom_visit,r,21,63,0.5991586213498052,0.0060263269157114,1.456759271639981,0.0250134535243039
389.0,hillstrom_visit,r_log,21,63,0.4277586185704269,0.0051776274806566,1.2242218208750693,0.024910670239046
390.0,hillstrom_visit,dr_diff,21,63,0.3972699099991137,0.0018949002888317,2.4646577356573904,0.1923213816003873
391.0,hillstrom_visit,s,22,64,0.524435115163514,0.0039408623490451,1.2595015921702282,0.0248549706260015
392.0,hillstrom_visit,t,22,64,0.5314897017308586,0.0029970931089988,1.4487264002453004,0.0323426130320985
393.0,hillstrom_visit,q,22,64,0.4701559830003314,0.002967761926413,1.420781885941651,0.04971075569883
394.0,hillstrom_visit,q_simple,22,64,0.4383908293583143,0.0028733984760044,1.412327579636104,0.0445660560273485
395.0,hillstrom_visit,drt_log,22,64,0.7568920342141097,0.0039586131380326,2.03571524024924,0.1273319590917788
396.0,hillstrom_visit,drs_log,22,64,0.4731982552042022,0.0050871880151954,1.8389579370127649,0.1188612842036908
397.0,hillstrom_visit,drq_log,22,64,0.6044462021689159,0.0056329883367715,1.944294985108432,0.1318941785068433
398.0,hillstrom_visit,drt_direct,22,64,0.6585194576663971,0.003217546995921,2.853362224506517,0.2577982542235113
399.0,hillstrom_visit,drs_direct,22,64,0.7632393654841187,0.0029539449961455,2.443345070964497,0.2079446956182246
400.0,hillstrom_visit,drq_direct,22,64,0.6758275846172015,0.00281161369607,2.8820322500459987,0.2615681358376838
401.0,hillstrom_visit,drq_simple_log,22,64,0.6677087693019044,0.0039649304997657,1.4536143178218457,0.0404210615584341
402.0,hillstrom_visit,drq_simple_direct,22,64,0.7371103584165251,0.004569440147865,2.3140497639694746,0.1816888727562337
403.0,hillstrom_visit,x,22,64,0.5082848105077893,0.0047626397120759,1.3778242673772267,0.0251092211094491
404.0,hillstrom_visit,x_log,22,64,0.7994555568453363,0.0056757347909557,1.2871862351418348,0.0200633645238978
405.0,hillstrom_visit,r,22,64,0.6769397168614864,0.0049180323157032,1.3894584737204134,0.0245934014625993
406.0,hillstrom_visit,r_log,22,64,0.8199255774611427,0.0043585677338322,1.2659459033040583,0.0283674546939585
407.0,hillstrom_visit,dr_diff,22,64,0.5618396770799008,0.0026244228568266,2.650447498511072,0.2075537784046291
408.0,hillstrom_visit,s,23,65,0.4340476069647909,0.0068045260898191,1.1545581570369263,0.0171709520260435
409.0,hillstrom_visit,t,23,65,0.2935125057841636,0.0044635540882562,1.4142656070930957,0.025665350114694
410.0,hillstrom_visit,q,23,65,0.2452065476187395,0.0036066336331762,1.352600716408827,0.0369442037193766
411.0,hillstrom_visit,q_simple,23,65,0.2546967638789821,0.0030310058920849,1.412782215342998,0.0388885168815414
412.0,hillstrom_visit,drt_log,23,65,0.3297138488102162,0.0033998791012011,1.8406256622868693,0.1184459796823031
413.0,hillstrom_visit,drs_log,23,65,0.3306465212375316,0.004899603625862,1.654420344916162,0.0953241625067931
414.0,hillstrom_visit,drq_log,23,65,0.2289966249321602,0.0031017997967245,1.8427128977407097,0.1176513623998591
415.0,hillstrom_visit,drt_direct,23,65,0.2976419927928981,0.0023097349444422,2.654165497666616,0.2413355054670056
416.0,hillstrom_visit,drs_direct,23,65,0.3784798477580029,0.0023947848711246,2.197791791855849,0.1884236381513571
417.0,hillstrom_visit,drq_direct,23,65,0.221621020336812,0.0011984702043688,2.6671395321946854,0.2431043866572093
418.0,hillstrom_visit,drq_simple_log,23,65,0.2453920606902562,0.0015503854328802,1.5971850882756236,0.0562309907771611
419.0,hillstrom_visit,drq_simple_direct,23,65,0.3122349057484637,0.0019197982449807,2.138683848761456,0.1639483287181805
420.0,hillstrom_visit,x,23,65,0.3032040930436193,0.0052143815716482,1.301127191642698,0.0147553243907712
421.0,hillstrom_visit,x_log,23,65,0.4138730624082982,0.005243980743202,1.25238956579155,0.0222475107267116
422.0,hillstrom_visit,r,23,65,0.3134238218655978,0.0052086068496324,1.3352932639659798,0.0215482273050013
423.0,hillstrom_visit,r_log,23,65,0.2559999048019186,0.0030750239383719,1.252622712252478,0.0284522235530289
424.0,hillstrom_visit,dr_diff,23,65,0.2143617563033184,0.0037184290923831,2.378681845698834,0.190387409583095
425.0,hillstrom_visit,s,24,66,0.3657602950434964,0.0027088155026947,1.232255408965561,0.0292751918844314
426.0,hillstrom_visit,t,24,66,0.1707505512093232,-0.0008870208950078,1.4892770503724724,0.0388014291427097
427.0,hillstrom_visit,q,24,66,0.038727515327591,-0.0024537486983821,1.631083526794061,0.0570446961349161
428.0,hillstrom_visit,q_simple,24,66,0.0451685263859968,-0.0014285547134995,1.6221564678607996,0.0539749175779144
429.0,hillstrom_visit,drt_log,24,66,0.1491122607161279,0.0014520051366976,1.8298330892471968,0.1171371610325933
430.0,hillstrom_visit,drs_log,24,66,0.1770003528387944,0.0016569542593364,1.6646235333018933,0.0898339642314549
431.0,hillstrom_visit,drq_log,24,66,0.1067741610365138,0.0012761352459145,1.8438092280575813,0.1188268856773065
432.0,hillstrom_visit,drt_direct,24,66,0.3689173844125262,0.0044951110186594,2.540158184829068,0.2345691271422769
433.0,hillstrom_visit,drs_direct,24,66,0.422159483828697,0.0046442753138646,2.13049494109192,0.1809013516968995
434.0,hillstrom_visit,drq_direct,24,66,0.2745329473572033,0.002643982437458,2.550893722647027,0.2360650318405505
435.0,hillstrom_visit,drq_simple_log,24,66,0.1470993806097922,-0.002756671790838,1.734180938455005,0.0597476787349464
436.0,hillstrom_visit,drq_simple_direct,24,66,0.1838090748358916,0.0029867008481208,2.061591415736681,0.1583661200726932
437.0,hillstrom_visit,x,24,66,0.2450302812829681,0.0001025715218789,1.395183124248098,0.0307063837277642
438.0,hillstrom_visit,x_log,24,66,0.3131970131431083,0.0017853810107899,1.3317454639800428,0.0284140289318256
439.0,hillstrom_visit,r,24,66,0.288535504864158,0.0010929498156482,1.3503227704530798,0.0232172201534326
440.0,hillstrom_visit,r_log,24,66,0.3264394275828157,0.0024455344324761,1.3175927502049611,0.0291307287747748
441.0,hillstrom_visit,dr_diff,24,66,0.2337290501889226,0.0023349423539143,2.330323136867285,0.1874230855843367
442.0,hillstrom_conversion,s,1,43,1.108717502109507,0.0005264075091231,1.953824665739307,0.0023170301003402
443.0,hillstrom_conversion,t,1,43,-0.0590009029703331,0.0002879370083424,4.05287046127886,0.009173866933812
444.0,hillstrom_conversion,q,1,43,0.4508787584011611,0.0004146998344678,4.639345297022201,0.0157367418089357
445.0,hillstrom_conversion,q_simple,1,43,0.2528218021727821,0.0003299093416215,4.305999863140902,0.0100273378608341
446.0,hillstrom_conversion,drt_log,1,43,0.1357034745354599,0.0007679586831035,3.067968385200341,0.0106940400634288
447.0,hillstrom_conversion,drs_log,1,43,0.260052322760526,0.0006733194746931,2.3631100853691445,0.0062819053374142
448.0,hillstrom_conversion,drq_log,1,43,0.1811982305301931,0.0003139603844715,2.770380699100561,0.0116150803530367
449.0,hillstrom_conversion,drt_direct,1,43,-0.0304332502359947,-8.739246609143665e-05,8.91976157286803,0.0752989039358013
450.0,hillstrom_conversion,drs_direct,1,43,0.1296004932229599,7.297171071754495e-05,4.2619257537045065,0.0290966244989677
451.0,hillstrom_conversion,drq_direct,1,43,0.4140405409780741,0.0004422328235888,6.892463458977593,0.042349312890237
452.0,hillstrom_conversion,drq_simple_log,1,43,1.0557215167917182,0.0008985680459347,3.298476448314466,0.0196998740492758
453.0,hillstrom_conversion,drq_simple_direct,1,43,0.7299120835597448,0.0005937350968851,6.292240113025905,0.0146890917476853
454.0,hillstrom_conversion,x,1,43,0.10354425675796,0.0008863540497162,3.155914565915561,0.0059357532356634
455.0,hillstrom_conversion,x_log,1,43,0.0205958866968087,0.000336563650431,3.105464947930686,0.0098037262430645
456.0,hillstrom_conversion,r,1,43,-0.1694353746741284,-0.000431000524922,2.971462269263165,0.007220348940295
457.0,hillstrom_conversion,r_log,1,43,0.1192442774253244,0.0004728311596379,2.7827794362188225,0.0109445309382567
458.0,hillstrom_conversion,dr_diff,1,43,-0.1658943228390046,-4.469564937820548e-05,5.957140359890901,0.0142803971995589
459.0,hillstrom_conversion,s,2,44,1.010600806120967,0.0007502797189206,2.053385670715794,0.0043481916882445
460.0,hillstrom_conversion,t,2,44,0.6508806715472284,0.0009449144867194,3.0920913162241024,0.0047330786278279
461.0,hillstrom_conversion,q,2,44,1.2127906110896425,0.0005940316854985,3.3459967817059724,0.0143116118457559
462.0,hillstrom_conversion,q_simple,2,44,1.2298110275545269,0.000640986936718,3.284908255163914,0.0125853619836086
463.0,hillstrom_conversion,drt_log,2,44,0.5905301967649654,0.0006115039471665,2.216843388221585,0.0094350870638155
464.0,hillstrom_conversion,drs_log,2,44,0.8969491651655312,0.0004646204117171,2.163220967377426,0.0051808315654755
465.0,hillstrom_conversion,drq_log,2,44,0.5387754526293453,0.0003455120230539,2.767474347989152,0.0092084803569419
466.0,hillstrom_conversion,drt_direct,2,44,0.9812418698972404,0.0010496571155109,6.16491096321486,0.0787701186544693
467.0,hillstrom_conversion,drs_direct,2,44,1.3764268246270412,0.0009288327652175,2.826506609847021,0.0207063204264587
468.0,hillstrom_conversion,drq_direct,2,44,1.323489484543633,0.000658051273973,4.522082699600931,0.0348242912433987
469.0,hillstrom_conversion,drq_simple_log,2,44,0.9909227985570328,0.0006479397001342,4.278332504525215,0.0262322215008235
470.0,hillstrom_conversion,drq_simple_direct,2,44,0.5298577375735101,0.0004474650274975,3.604515260627856,0.0255914170517132
471.0,hillstrom_conversion,x,2,44,0.7118928203100765,0.000564047531915,2.86717560079026,0.0037122489874884
472.0,hillstrom_conversion,x_log,2,44,-0.0290049905587239,0.0003643996238988,2.49340421342422,0.0044165127959574
473.0,hillstrom_conversion,r,2,44,0.2791568675846583,0.0002210413074402,3.6473035693117457,0.0071246138418199
474.0,hillstrom_conversion,r_log,2,44,0.1506458104758934,0.0002689100906833,2.0804029552203307,0.0072202265617121
475.0,hillstrom_conversion,dr_diff,2,44,0.8806101216614817,0.0012955569332771,4.254324661090602,0.0103108915250836
476.0,hillstrom_conversion,s,3,45,0.3746736093815559,8.171927561527719e-05,1.8125957336532967,0.0051962041896508
477.0,hillstrom_conversion,t,3,45,-0.5588893966230215,-4.925608411368359e-05,3.3965138020464227,0.0087719076019823
478.0,hillstrom_conversion,q,3,45,-0.1068290625939343,0.0001555381447096,4.656249650713849,0.0079965058567448
479.0,hillstrom_conversion,q_simple,3,45,-0.1268158480520029,0.0001112504140048,2.941956228095751,0.0086832600541129
480.0,hillstrom_conversion,drt_log,3,45,-0.3153820386743775,4.075105519321448e-05,2.4469405392259853,0.0089711143117764
481.0,hillstrom_conversion,drs_log,3,45,-0.2254225153327635,5.142085591965887e-06,1.75265563870769,0.0032189340319949
482.0,hillstrom_conversion,drq_log,3,45,-0.0147289232208267,0.0001881707680927,2.326057932351558,0.0050667611144245
483.0,hillstrom_conversion,drt_direct,3,45,-0.5561084087592514,-0.0002429073715312,5.195329208764703,0.0878884451136281
484.0,hillstrom_conversion,drs_direct,3,45,-0.1381397169089431,0.0003348900693754,4.130162792279403,0.0236995715410892
485.0,hillstrom_conversion,drq_direct,3,45,0.0805808074561267,0.0001243174178366,4.5412953100998,0.0310946491579556
486.0,hillstrom_conversion,drq_simple_log,3,45,0.195054925206112,0.0002608624206402,3.379645149939796,0.0034449628145262
487.0,hillstrom_conversion,drq_simple_direct,3,45,0.0823647666832521,0.0006494952937634,3.290899150437111,0.0102454616425028
488.0,hillstrom_conversion,x,3,45,-0.2658682492017079,-0.0001192369340645,2.9871371036513144,0.0062314461680903
489.0,hillstrom_conversion,x_log,3,45,-0.1367932629112269,0.0003694255761994,2.3525935816016137,0.0019116797602802
490.0,hillstrom_conversion,r,3,45,-0.3972143673582344,-0.0004917621676293,2.9897778837217355,0.0020856037300116
491.0,hillstrom_conversion,r_log,3,45,-0.4316752925914711,-8.377191705804133e-05,2.3560647780091544,0.0079974536163342
492.0,hillstrom_conversion,dr_diff,3,45,-0.6596075243168398,-0.0001682373652503,4.251590068426513,0.0147964266344344
493.0,hillstrom_conversion,s,4,46,0.6418712358207115,0.0002490476253753,1.979874725381956,0.0055015966378331
494.0,hillstrom_conversion,t,4,46,0.2973836514999686,0.000515514386012,2.709753382923295,0.00868555694769
495.0,hillstrom_conversion,q,4,46,0.0363234845454591,-0.0003660949978628,4.657763263669208,0.0087364549617821
496.0,hillstrom_conversion,q_simple,4,46,0.1472971557060942,-0.0003453577932403,3.40704289714927,0.0101044121260036
497.0,hillstrom_conversion,drt_log,4,46,-0.6330155055973616,-0.0003886119445123,2.7248121920649617,0.0127171450946579
498.0,hillstrom_conversion,drs_log,4,46,-0.2636472086462964,-0.0006236569471332,1.941208035152508,0.0083228950315565
499.0,hillstrom_conversion,drq_log,4,46,0.0161446857690963,-0.0006533042776558,3.35144329527256,0.0068275397029469
500.0,hillstrom_conversion,drt_direct,4,46,-0.344855490587947,5.441126159101434e-05,6.537615921096897,0.0977172716938123
501.0,hillstrom_conversion,drs_direct,4,46,0.4113737324307092,-0.0003138785090173,3.38035862015134,0.031800642896137
502.0,hillstrom_conversion,drq_direct,4,46,-0.1216068193295751,-0.0005768535496871,4.989411887200233,0.0444592667346722
503.0,hillstrom_conversion,drq_simple_log,4,46,0.0331266635536247,-0.0001527689772986,4.727433991026043,0.0191720368865596
504.0,hillstrom_conversion,drq_simple_direct,4,46,1.2616563066733717,-0.0003407152011655,3.4625979869006787,0.0125458789330378
505.0,hillstrom_conversion,x,4,46,0.2350294393522856,0.0003750077086276,2.4977295351195625,0.0041806361802082
506.0,hillstrom_conversion,x_log,4,46,-0.1945441959044287,-0.0004257264066963,2.3210115182243096,0.0066597803136532
507.0,hillstrom_conversion,r,4,46,1.353184564432997,0.0002429269726488,2.5641975650455144,0.0072481942363293
508.0,hillstrom_conversion,r_log,4,46,-0.3809041503409682,-0.0002411404637227,2.7952353227967768,0.0125925690966168
509.0,hillstrom_conversion,dr_diff,4,46,0.920962430984852,0.000886675703571,3.729010896347873,0.0148148796148958
510.0,hillstrom_conversion,s,5,47,-0.3622170397935924,-0.0003144003202117,3.042020846140652,0.0072287504620909
511.0,hillstrom_conversion,t,5,47,-0.0649651512181814,-0.000451357071271,3.731860166272487,0.0103763673770303
512.0,hillstrom_conversion,q,5,47,0.1256808187119431,-0.0004045369090273,6.227209616074597,0.0135749568620916
513.0,hillstrom_conversion,q_simple,5,47,0.3053816354464143,-0.000424014480892,6.365055571284223,0.0187359146551818
514.0,hillstrom_conversion,drt_log,5,47,0.0729536657832179,-8.3177219557515e-05,3.199578483924441,0.0049213252710302
515.0,hillstrom_conversion,drs_log,5,47,-0.3513083422000997,-0.000641147130619,2.670977538470485,0.0070961210036939
516.0,hillstrom_conversion,drq_log,5,47,-0.0159144815278255,-0.0002524876609148,5.043567674594942,0.0078111095882112
517.0,hillstrom_conversion,drt_direct,5,47,0.2868818181358139,0.0002693785713051,9.502795711839228,0.0166679102323506
518.0,hillstrom_conversion,drs_direct,5,47,-0.1093925790168812,-0.000155456338546,6.1701103568725495,0.00901362749413
519.0,hillstrom_conversion,drq_direct,5,47,-0.0313818190865562,-5.701478105784447e-06,8.780823688944288,0.0197715826715818
520.0,hillstrom_conversion,drq_simple_log,5,47,-0.1320338734701289,-0.0008089917280545,7.810906128376278,0.0274789399602221
521.0,hillstrom_conversion,drq_simple_direct,5,47,-0.0866051224557544,-0.0002066212328836,7.915286147280812,0.012225524736062
522.0,hillstrom_conversion,x,5,47,0.0570748019846485,-0.0003470557265889,5.372611862347748,0.0079991722250926
523.0,hillstrom_conversion,x_log,5,47,-0.0972952124231738,-0.0003822967196053,3.1045370285469005,0.0076425659638312
524.0,hillstrom_conversion,r,5,47,0.2658949271998547,0.0001291784430517,1.8107993975944143,0.00423405679198
525.0,hillstrom_conversion,r_log,5,47,-0.043488767209415,-0.0002065511159476,3.5161941264225,0.0101418022774717
526.0,hillstrom_conversion,dr_diff,5,47,0.0884038755863385,9.54852126689512e-05,8.478290350542116,0.0160871805141979
527.0,hillstrom_conversion,s,6,48,0.0750842714118336,-3.636060803917092e-05,2.6976523287247782,0.0063923992742352
528.0,hillstrom_conversion,t,6,48,-0.0699506183422198,0.0003879373880463,3.6034120808069368,0.0078387383074309
529.0,hillstrom_conversion,q,6,48,0.275340374357137,0.0003386699889293,4.670758608285748,0.0092724547998012
530.0,hillstrom_conversion,q_simple,6,48,0.2837358235322211,0.000366919830963,3.98977312791436,0.0097100020375244
531.0,hillstrom_conversion,drt_log,6,48,0.2680974186457396,0.0004090144421909,2.7324565130947143,0.0092028261340238
532.0,hillstrom_conversion,drs_log,6,48,0.7331443507617526,0.000169183893243,2.3414922231685407,0.0050369763156286
533.0,hillstrom_conversion,drq_log,6,48,0.7243958118912694,0.0003308377040492,3.4438136725707764,0.0075524832359441
534.0,hillstrom_conversion,drt_direct,6,48,0.1212466518108337,0.0002536357833298,8.62158545208107,0.0690710785042482
535.0,hillstrom_conversion,drs_direct,6,48,0.9049218199900816,0.0003558454352698,4.636219641392032,0.0285792000930942
536.0,hillstrom_conversion,drq_direct,6,48,0.8412659457840472,0.0002560203075689,7.927840192133145,0.0369598101776016
537.0,hillstrom_conversion,drq_simple_log,6,48,0.558850406823604,0.0004382216002316,6.404783829699496,0.0203977130525181
538.0,hillstrom_conversion,drq_simple_direct,6,48,0.8964188830206645,0.0002076215763133,5.541786849726668,0.0280595845810248
539.0,hillstrom_conversion,x,6,48,-0.0161221580811639,0.0001095471456076,4.039706170981237,0.0061544828141889
540.0,hillstrom_conversion,x_log,6,48,0.0799284681204879,0.0002481751802798,3.1138520486071206,0.0062080250343188
541.0,hillstrom_conversion,r,6,48,0.0695899707739318,-0.0001627676125889,2.12679520058352,0.0041127233685334
542.0,hillstrom_conversion,r_log,6,48,0.0057227587873973,0.0001213095994649,3.5165505173514817,0.0094785203774717
543.0,hillstrom_conversion,dr_diff,6,48,0.1648890170517791,0.0004728853848044,5.910320718346899,0.0161132705565116
544.0,hillstrom_conversion,s,7,49,-0.1388553669057606,0.0002945839515694,2.295683315819184,0.0069284955739464
545.0,hillstrom_conversion,t,7,49,0.0982627013178802,0.0006323942351349,2.903768067430389,0.00787176660983
546.0,hillstrom_conversion,q,7,49,0.1932736454007568,-0.0002049708512866,4.561118561134338,0.0150155776289181
547.0,hillstrom_conversion,q_simple,7,49,0.1974745903721722,-0.0001039976670508,4.0781925667762255,0.0140926969803074
548.0,hillstrom_conversion,drt_log,7,49,-0.0335539862882057,0.0003698224369821,3.1609063543725,0.008398821048686
549.0,hillstrom_conversion,drs_log,7,49,0.0544342581351497,0.0001027460967179,2.0911007416172884,0.003775900089705
550.0,hillstrom_conversion,drq_log,7,49,0.3530644706895738,-0.0005395766576524,3.520988157550544,0.0107682462890599
551.0,hillstrom_conversion,drt_direct,7,49,0.1094413424372249,0.0004101483278719,8.424862668631867,0.0615962067708928
552.0,hillstrom_conversion,drs_direct,7,49,0.2498342865809466,0.0003251302287862,4.1548071607715205,0.0240153569502833
553.0,hillstrom_conversion,drq_direct,7,49,0.0442251605439918,7.258776765786765e-05,7.162283267148101,0.0342204987760382
554.0,hillstrom_conversion,drq_simple_log,7,49,0.47065487891554,9.467403759827376e-05,5.605587407861917,0.0290352927745826
555.0,hillstrom_conversion,drq_simple_direct,7,49,0.0944124407963711,-0.0001537567917522,5.486536268423298,0.0316317316712258
556.0,hillstrom_conversion,x,7,49,0.0930225174049541,0.0005142716257147,2.46499142337166,0.0059590422786094
557.0,hillstrom_conversion,x_log,7,49,0.299544737102392,0.0011350583460625,2.488062942146521,0.0060655695648394
558.0,hillstrom_conversion,r,7,49,-0.0743210182808777,-0.0002824089264717,2.918536764368741,0.0037937288034113
559.0,hillstrom_conversion,r_log,7,49,0.071163854769588,0.0005445735527997,2.903433290305177,0.0073643531430088
560.0,hillstrom_conversion,dr_diff,7,49,0.1482875945878612,0.0009339826637713,5.271339063348703,0.016770597694729
561.0,hillstrom_conversion,s,8,50,1.179798285570099,0.0008205408634408,2.3996601650190845,0.0055864497535274
562.0,hillstrom_conversion,t,8,50,1.865799918884849,0.0012317075317604,2.6087974717674203,0.0058073206938441
563.0,hillstrom_conversion,q,8,50,1.1011803213822071,0.00032257067297,3.023886295466724,0.0073372044229168
564.0,hillstrom_conversion,q_simple,8,50,1.276106746286847,0.0003629797466815,3.714255391592103,0.0057361530071034
565.0,hillstrom_conversion,drt_log,8,50,0.927420646045026,0.0007321761168078,2.165066232586228,0.0080417978062131
566.0,hillstrom_conversion,drs_log,8,50,1.203438263792315,0.0001648796897912,1.4962089427319056,0.0030933726970148
567.0,hillstrom_conversion,drq_log,8,50,1.2151733477266171,0.0003715261660045,2.369788988267056,0.0094682323100315
568.0,hillstrom_conversion,drt_direct,8,50,0.8206084059583336,0.0004107366381634,7.04197769536745,0.0700420251739638
569.0,hillstrom_conversion,drs_direct,8,50,0.9358501068253372,0.000191471249541,2.5765257957853667,0.0235532081410357
570.0,hillstrom_conversion,drq_direct,8,50,1.1539757772551278,0.0002190081230815,3.900465580471367,0.0335623002308741
571.0,hillstrom_conversion,drq_simple_log,8,50,0.5871724488248655,0.0002826149585506,3.6391463889861537,0.0086783461236752
572.0,hillstrom_conversion,drq_simple_direct,8,50,0.3408961911567898,-0.0002445930897432,3.481149482234341,0.0226885967015608
573.0,hillstrom_conversion,x,8,50,0.768332121828589,0.0007279168831263,2.283724455925157,0.0051972413611475
574.0,hillstrom_conversion,x_log,8,50,0.1878338559235404,0.0004844837997292,2.2441997282066906,0.0042254275925569
575.0,hillstrom_conversion,r,8,50,-0.0140429315973902,-0.0001142235349967,1.95880694554476,0.0057712222558315
576.0,hillstrom_conversion,r_log,8,50,1.2544464123311858,0.0005667737253617,2.1428152496733595,0.0094779982583869
577.0,hillstrom_conversion,dr_diff,8,50,2.116889052802258,0.0009901076669189,5.3840763488851895,0.0159543302543025
578.0,hillstrom_conversion,s,9,51,0.5282565381224538,0.0005676720196122,2.1639598995966485,0.0048285773147638
579.0,hillstrom_conversion,t,9,51,-0.2179104113696774,-6.805619162760347e-05,3.735610280283523,0.0092182160076076
580.0,hillstrom_conversion,q,9,51,0.5639249217710345,0.0004111368055191,3.986320297583749,0.013137529603729
581.0,hillstrom_conversion,q_simple,9,51,0.4715453955500115,0.0004588766223844,3.8649542683380687,0.0092008706265801
582.0,hillstrom_conversion,drt_log,9,51,0.0198605740088217,0.0001682782444146,3.369361816252399,0.0092803808778742
583.0,hillstrom_conversion,drs_log,9,51,0.5897964562905365,0.0007130252519627,2.397008099378617,0.0046039527240904
584.0,hillstrom_conversion,drq_log,9,51,0.4081851541986463,0.0004456309084268,3.0067527893302284,0.00642905773083
585.0,hillstrom_conversion,drt_direct,9,51,0.0533890743059335,0.0003015805700489,8.26102821108911,0.0706165410743103
586.0,hillstrom_conversion,drs_direct,9,51,0.1288185289885144,0.0005072020249071,4.825825136680348,0.0085655084510664
587.0,hillstrom_conversion,drq_direct,9,51,0.6965787922389708,0.0008369443465044,7.561905038023164,0.0145903743567356
588.0,hillstrom_conversion,drq_simple_log,9,51,0.6338366335918908,0.0004619863859563,3.676644741014452,0.009105156488285
589.0,hillstrom_conversion,drq_simple_direct,9,51,0.4597524534000727,0.0005550639006491,5.654440071874254,0.0129902193580351
590.0,hillstrom_conversion,x,9,51,0.0482591262095173,0.0003222132491216,5.632905624432387,0.0056835422072928
591.0,hillstrom_conversion,x_log,9,51,0.1472134501552755,0.000470125975958,3.496329289633434,0.0051406017290065
592.0,hillstrom_conversion,r,9,51,0.8116556859114403,0.0010338959135169,2.16542192816368,0.0062338923110959
593.0,hillstrom_conversion,r_log,9,51,0.0071946812819969,9.37452768194633e-05,3.2971384415552154,0.0093502007963162
594.0,hillstrom_conversion,dr_diff,9,51,0.1663368347811442,0.0004827213328939,6.308943797133806,0.0134698603825092
595.0,hillstrom_conversion,s,10,52,0.867009849438122,0.0002943513306831,1.8877023717306656,0.0065882703198659
596.0,hillstrom_conversion,t,10,52,0.0796908322892968,0.0004877187065281,2.3709053622562,0.0084402919343242
597.0,hillstrom_conversion,q,10,52,0.3607807559759552,0.0003718150681251,3.0788928290146687,0.0140660669927754
598.0,hillstrom_conversion,q_simple,10,52,0.4227038465086852,0.0003294828785695,3.044202424985201,0.0082232318276773
599.0,hillstrom_conversion,drt_log,10,52,0.5772364812758877,0.0004937118782154,2.050331839455668,0.0086350411140921
600.0,hillstrom_conversion,drs_log,10,52,1.2126419596837392,0.0005644156081614,1.6650460879497553,0.0053523493084157
601.0,hillstrom_conversion,drq_log,10,52,0.6734602276960246,0.0004136717220889,2.1698027533395274,0.0078729914969702
602.0,hillstrom_conversion,drt_direct,10,52,0.0099311264764758,-2.35342067722512e-05,8.810393890326278,0.0678868935445443
603.0,hillstrom_conversion,drs_direct,10,52,0.2735636192625699,7.01387586626431e-05,3.1219595192020533,0.0294496503053993
604.0,hillstrom_conversion,drq_direct,10,52,0.9375416823524518,0.0002855664453828,4.375751743204038,0.0353766010684695
605.0,hillstrom_conversion,drq_simple_log,10,52,1.0517604609382736,0.0007682109255048,4.81708950177934,0.0145417642028241
606.0,hillstrom_conversion,drq_simple_direct,10,52,0.3995800794725856,2.510679151516288e-05,3.540542594833945,0.030072416827185
607.0,hillstrom_conversion,x,10,52,0.0428522661055681,0.0001830441966498,2.918202894509955,0.0045235078837335
608.0,hillstrom_conversion,x_log,10,52,0.3526501278083511,0.0004776891494381,2.0701724667683794,0.0072881770359474
609.0,hillstrom_conversion,r,10,52,-0.0388639556180727,-0.0007614994927687,2.2406159728290973,0.0055643694582438
610.0,hillstrom_conversion,r_log,10,52,0.5086982826697994,0.0004695328143083,2.555504547702398,0.0091703373260769
611.0,hillstrom_conversion,dr_diff,10,52,-0.1086296096834389,-5.15967661973973e-05,4.701919712364214,0.0143852802931423
612.0,hillstrom_conversion,s,11,53,0.2342571871016026,0.0002283667565749,3.1469523414944467,0.0066241900517607
613.0,hillstrom_conversion,t,11,53,-0.0086940096533445,-0.0001438366400178,4.326942836944809,0.0092870605359918
614.0,hillstrom_conversion,q,11,53,0.5307163933869856,0.0006412435055063,4.962341302029539,0.0137355172047362
615.0,hillstrom_conversion,q_simple,11,53,0.546395728275205,0.0005957087174584,5.35224551714606,0.0143024525915284
616.0,hillstrom_conversion,drt_log,11,53,-0.0968115692678419,4.018710726568517e-05,2.787217730343578,0.0087263039226746
617.0,hillstrom_conversion,drs_log,11,53,0.1884444699385892,0.000728577342653,1.9921565005256023,0.0034880582560884
618.0,hillstrom_conversion,drq_log,11,53,0.5410223412447519,0.000733027097042,3.992090562454529,0.0081958816791968
619.0,hillstrom_conversion,drt_direct,11,53,-0.0999807625140438,0.0001313853391927,10.504435186315698,0.063606113384736
620.0,hillstrom_conversion,drs_direct,11,53,-0.0203347105888591,0.0002871022723793,4.907568063955248,0.0236451666951136
621.0,hillstrom_conversion,drq_direct,11,53,0.416517551493873,0.0005519469294567,7.8979567689601025,0.0375506258014088
622.0,hillstrom_conversion,drq_simple_log,11,53,0.7145014393557423,0.0006944140586958,4.524808487172473,0.0271166412617835
623.0,hillstrom_conversion,drq_simple_direct,11,53,0.3486647510667406,0.0004720296386235,6.125254236775064,0.0287943187150635
624.0,hillstrom_conversion,x,11,53,-0.149596242161655,0.0001439362726364,3.966429464619653,0.0073963013612146
625.0,hillstrom_conversion,x_log,11,53,-0.1313562006188617,-5.244335518433388e-05,3.492576281274657,0.0068022591720432
626.0,hillstrom_conversion,r,11,53,-0.2379088920526451,-0.0006444317154678,2.7094229007839123,0.0043451820523775
627.0,hillstrom_conversion,r_log,11,53,-0.1905184048751385,-0.0004429306229833,2.4358180826467186,0.0105043206104692
628.0,hillstrom_conversion,dr_diff,11,53,-0.2060673119895946,-0.0001250906367947,7.825181744713333,0.0148563742977242
629.0,hillstrom_conversion,s,12,54,0.5393578871952087,0.0009527291522433,2.538253857628088,0.0073940343401928
630.0,hillstrom_conversion,t,12,54,0.6494086283325706,0.0004903397926075,2.622936156687537,0.005822664766112
631.0,hillstrom_conversion,q,12,54,-0.0691297110827631,-0.0001268109190802,5.186383448935657,0.0164351832815477
632.0,hillstrom_conversion,q_simple,12,54,0.2113056032917764,-1.046760558029696e-05,4.674757843497765,0.0178256471042934
633.0,hillstrom_conversion,drt_log,12,54,0.0776757172691748,0.0003550825360497,2.3587718398987727,0.0100780380977714
634.0,hillstrom_conversion,drs_log,12,54,0.010888150855687,0.0003643173961678,2.093430977204429,0.0056835759570911
635.0,hillstrom_conversion,drq_log,12,54,0.0267647794842291,2.818056527928089e-06,3.532449945855718,0.0132909564080146
636.0,hillstrom_conversion,drt_direct,12,54,0.3850811457914114,7.467609441812184e-05,7.337682133234083,0.0657564411101526
637.0,hillstrom_conversion,drs_direct,12,54,0.6286790201967394,0.0002064999347124,3.3613988659835394,0.0243117845613891
638.0,hillstrom_conversion,drq_direct,12,54,0.4293490141100453,4.075960311783001e-05,6.599814394257621,0.0370974496154228
639.0,hillstrom_conversion,drq_simple_log,12,54,0.3136933380848989,0.0005187762908349,4.095816843929817,0.011551451277185
640.0,hillstrom_conversion,drq_simple_direct,12,54,0.4726099898238933,0.0003118869386255,4.646284725294388,0.0306017435796152
641.0,hillstrom_conversion,x,12,54,0.8365907573266727,0.0003836619734511,3.715770544223621,0.0055249821130136
642.0,hillstrom_conversion,x_log,12,54,0.213762751773217,0.0002837670732478,2.145362418131049,0.0071246504903113
643.0,hillstrom_conversion,r,12,54,0.1079787680471993,0.0001103570427277,1.8531146580188231,0.0046339466063199
644.0,hillstrom_conversion,r_log,12,54,-0.0845957059161151,1.7254004750269156e-05,2.1974266163240457,0.0101368477694788
645.0,hillstrom_conversion,dr_diff,12,54,1.1274892329798387,0.0010963088026592,4.633530217829613,0.0125478498574954
646.0,hillstrom_conversion,s,13,55,0.6743029070969617,0.0004862870771154,1.9731759553843555,0.0051812264281854
647.0,hillstrom_conversion,t,13,55,0.5762475174196504,0.0006043631679517,3.214096975266404,0.0076832104545591
648.0,hillstrom_conversion,q,13,55,0.3989316179665132,0.0001218936743117,4.479981256238658,0.0130082253621655
649.0,hillstrom_conversion,q_simple,13,55,0.4422082677524563,0.0001149196750114,4.612658711435296,0.0085619385779881
650.0,hillstrom_conversion,drt_log,13,55,0.4786071773514579,0.0005034031492192,3.166009000408759,0.0108253242089629
651.0,hillstrom_conversion,drs_log,13,55,1.083355256072055,0.0005992127518924,2.3084623419237835,0.008058872333347
652.0,hillstrom_conversion,drq_log,13,55,0.5650731040002535,0.0004988930888997,3.358996857166063,0.0093770749809196
653.0,hillstrom_conversion,drt_direct,13,55,0.2947889993191548,2.6067536000589243e-05,8.82293429695833,0.0689648215806302
654.0,hillstrom_conversion,drs_direct,13,55,0.9220505724666428,0.0003079144541812,4.4651204203768335,0.0250914151421725
655.0,hillstrom_conversion,drq_direct,13,55,1.7886540491561516,0.0006324676603142,8.899586932843524,0.0359121432737721
656.0,hillstrom_conversion,drq_simple_log,13,55,0.2988889274529831,0.0005277462943174,4.897048614010116,0.010474435530963
657.0,hillstrom_conversion,drq_simple_direct,13,55,0.5176182898106199,0.0002736979753147,5.012992172766062,0.0261590800344753
658.0,hillstrom_conversion,x,13,55,1.0417886640027036,0.0010651483804534,4.129712793346202,0.0064996168819307
659.0,hillstrom_conversion,x_log,13,55,0.5757776358549649,0.0005236028975322,3.3572623189915496,0.0088325641330515
660.0,hillstrom_conversion,r,13,55,0.420636101374525,0.0003108193005285,1.9308535059248844,0.0039421686448688
661.0,hillstrom_conversion,r_log,13,55,0.2567103878178667,0.0004135308827613,3.195817462908253,0.0103744795073287
662.0,hillstrom_conversion,dr_diff,13,55,0.3719771926137203,0.0003261823371487,6.53737549451489,0.0146849029722592
663.0,hillstrom_conversion,s,14,56,0.5987018729454179,0.0005772522464736,2.134041413945787,0.0058669232056836
664.0,hillstrom_conversion,t,14,56,0.249131649169334,0.0001974195499835,3.729021131677391,0.0075556156666091
665.0,hillstrom_conversion,q,14,56,0.7924183427636362,5.571527628021487e-05,3.218986292012159,0.015022924808751
666.0,hillstrom_conversion,q_simple,14,56,0.7089562390699817,1.3809605002002533e-06,3.546801480007426,0.0196014027142672
667.0,hillstrom_conversion,drt_log,14,56,0.4738789085735231,-4.016717001794528e-05,3.2890497068541724,0.0102466396472216
668.0,hillstrom_conversion,drs_log,14,56,0.9306897480091768,-4.127200403300415e-05,1.9229792845681648,0.0049292130791509
669.0,hillstrom_conversion,drq_log,14,56,0.8210054218177452,-7.972612446432862e-05,2.9282075082116106,0.0118361835094288
670.0,hillstrom_conversion,drt_direct,14,56,0.3793443598228436,-0.0002551614330448,6.816071362975257,0.0689506549050892
671.0,hillstrom_conversion,drs_direct,14,56,0.7412581328587744,-0.0005751710973084,4.03292579600525,0.0279676818057669
672.0,hillstrom_conversion,drq_direct,14,56,1.0599141664692615,-0.0002065442642089,6.185744754797531,0.0446238665790466
673.0,hillstrom_conversion,drq_simple_log,14,56,1.3985246830967897,0.0006672527186134,2.9605820148885424,0.0085115704939555
674.0,hillstrom_conversion,drq_simple_direct,14,56,1.3000907332121234,0.0002255564744841,4.424187410457121,0.034238570164458
675.0,hillstrom_conversion,x,14,56,1.0114990120902032,0.0010068850879782,2.319951103500824,0.0049363592154468
676.0,hillstrom_conversion,x_log,14,56,0.2332510605504816,-0.0004242038087148,2.5189478620494525,0.0084251438842646
677.0,hillstrom_conversion,r,14,56,0.7850184277194994,0.0004383148753228,1.9960628217384733,0.0060331196956215
678.0,hillstrom_conversion,r_log,14,56,0.4135518088823229,-0.0001569024237697,2.8692467342686205,0.0113876432440546
679.0,hillstrom_conversion,dr_diff,14,56,0.1053920580083378,-5.839337424823864e-07,6.119097425984059,0.0141778128523393
680.0,hillstrom_conversion,s,15,57,0.0810940386077787,0.0001191106024602,2.370628592934398,0.0071437427838302
681.0,hillstrom_conversion,t,15,57,-0.002609182368934,-0.0002661380795135,3.4206824156919304,0.0102769483743285
682.0,hillstrom_conversion,q,15,57,0.2949110231023655,-0.0002259457382482,4.165313518266584,0.0145126091047075
683.0,hillstrom_conversion,q_simple,15,57,0.305417188166784,-0.00021837696012,4.399964290911681,0.0150102961318371
684.0,hillstrom_conversion,drt_log,15,57,-0.0549441826773289,-0.0001703906208434,2.8708841292526723,0.0112984184585197
685.0,hillstrom_conversion,drs_log,15,57,0.7514063748615569,8.099552183163123e-05,2.030205762210733,0.0048225579393494
686.0,hillstrom_conversion,drq_log,15,57,0.3978666031454574,-0.0003165386728043,4.140124535938779,0.0069195133990188
687.0,hillstrom_conversion,drt_direct,15,57,-0.2549201902383999,-3.0839766129523057e-05,9.9035758224722,0.0719636776396094
688.0,hillstrom_conversion,drs_direct,15,57,0.1931282903392654,-0.0003296967465177,4.477987888049896,0.0296006122406491
689.0,hillstrom_conversion,drq_direct,15,57,0.377430255787502,-0.0001750449753853,6.48063575520053,0.0365235389586082
690.0,hillstrom_conversion,drq_simple_log,15,57,0.5193671158211226,-0.0001327067416948,5.281914775745509,0.0202603093503674
691.0,hillstrom_conversion,drq_simple_direct,15,57,0.2151515164009849,-0.0003527392205861,5.877526460534529,0.0162556054459666
692.0,hillstrom_conversion,x,15,57,0.0451925638710937,-0.0001176988864977,3.084195571085501,0.0084707526734143
693.0,hillstrom_conversion,x_log,15,57,-0.2436147550981624,-0.0005784666633545,2.6362202475921634,0.0088991217979865
694.0,hillstrom_conversion,r,15,57,-0.3677278836705295,-0.0003481617243342,3.1554193335775724,0.0046074686696819
695.0,hillstrom_conversion,r_log,15,57,-0.0711709971487666,-0.0005598562213291,3.2979634556103163,0.009890853698768
696.0,hillstrom_conversion,dr_diff,15,57,0.2738928918490473,-4.913413458122133e-05,5.099629911428842,0.0137703463306232
697.0,hillstrom_conversion,s,16,58,0.1151262866231397,0.0003683830287859,2.3117650066144715,0.0069723654410591
698.0,hillstrom_conversion,t,16,58,-0.118141456594027,-6.002213024998123e-05,3.8237148725225967,0.0083766439994508
699.0,hillstrom_conversion,q,16,58,0.7281281060739442,0.0004997081203829,3.086948644986011,0.0122122101003422
700.0,hillstrom_conversion,q_simple,16,58,0.7805564825738069,0.0004235394033029,3.338318072850205,0.0125479638457185
701.0,hillstrom_conversion,drt_log,16,58,0.0044935101357257,-0.0003089803518391,2.8455791846668723,0.0113863159466432
702.0,hillstrom_conversion,drs_log,16,58,0.1259941376444886,0.0002226599250592,2.777690417752736,0.0069369774710755
703.0,hillstrom_conversion,drq_log,16,58,0.590371315124461,0.0003134611503385,2.914046649972736,0.0096921720654185
704.0,hillstrom_conversion,drt_direct,16,58,-0.1326206103652492,-0.0006258001787767,10.196129353898735,0.0653605504991698
705.0,hillstrom_conversion,drs_direct,16,58,0.0164190586745802,-0.0007468567501075,5.2696357248744246,0.0327085281766372
706.0,hillstrom_conversion,drq_direct,16,58,0.9014725792446948,8.152919370574751e-05,8.888106869923556,0.0387706309556379
707.0,hillstrom_conversion,drq_simple_log,16,58,0.4154275986783022,0.0005427148103292,5.618529282615754,0.0322428553778079
708.0,hillstrom_conversion,drq_simple_direct,16,58,0.943442422856788,0.0002749828998626,6.072423261327286,0.0326463677886307
709.0,hillstrom_conversion,x,16,58,0.1316327697418389,0.0007878342088098,3.447114978683407,0.0057497105332622
710.0,hillstrom_conversion,x_log,16,58,0.1682322108301006,-0.0003960233279576,3.0350154251286803,0.0085382233866943
711.0,hillstrom_conversion,r,16,58,-0.1593071271917545,5.000021940652997e-05,2.5181328265175864,0.0033878625809605
712.0,hillstrom_conversion,r_log,16,58,0.0540792472780271,-0.0002844135234809,3.252262398708481,0.0102726328982316
713.0,hillstrom_conversion,dr_diff,16,58,-0.06057534990516,-0.0005774365399682,7.004450700017497,0.0168988867772454
714.0,hillstrom_conversion,s,17,59,0.316521372027418,0.0003668603485712,1.7922795111561114,0.0053023452939129
715.0,hillstrom_conversion,t,17,59,-0.3804541615670129,0.0001930212686699,3.0193108807521853,0.0088163026030245
716.0,hillstrom_conversion,q,17,59,0.1367416042491558,4.8898564632545057e-05,3.648304689433814,0.0115088970065586
717.0,hillstrom_conversion,q_simple,17,59,0.0226203430999358,-9.19118154640436e-05,3.8148335597598426,0.0131869614687141
718.0,hillstrom_conversion,drt_log,17,59,0.30060942302193,0.0002371077330851,2.039731121458921,0.0113144814407353
719.0,hillstrom_conversion,drs_log,17,59,0.6106619062424232,0.0004068240611827,1.7443599267568428,0.002568999838351
720.0,hillstrom_conversion,drq_log,17,59,0.7326123266971778,8.836317689143568e-05,2.50382214850547,0.0042766349630868
721.0,hillstrom_conversion,drt_direct,17,59,-0.268497273637946,-0.0001752012065144,6.623724089320016,0.0737932344807953
722.0,hillstrom_conversion,drs_direct,17,59,0.1656165538219514,-8.087275250607661e-05,3.039554166638487,0.0245122784128712
723.0,hillstrom_conversion,drq_direct,17,59,0.5048602237625546,-0.0004731984263003,3.981839557349375,0.0324792335093379
724.0,hillstrom_conversion,drq_simple_log,17,59,1.3122051478030143,-2.921445651207777e-05,3.939269737057524,0.0068981851701466
725.0,hillstrom_conversion,drq_simple_direct,17,59,1.1732537591890884,-0.0001266989519015,2.9231888823267327,0.019262941861456
726.0,hillstrom_conversion,x,17,59,0.5044647140156235,0.0006986864513693,2.449833824428437,0.0043589649886814
727.0,hillstrom_conversion,x_log,17,59,-0.1140629837459052,-0.0001212679782478,2.680769631749542,0.005835274844635
728.0,hillstrom_conversion,r,17,59,1.6389756830180011,0.0007509181042775,2.326847697335103,0.0056337247210592
729.0,hillstrom_conversion,r_log,17,59,0.389618639795684,9.025630667633486e-05,2.023521124564622,0.0111211005391794
730.0,hillstrom_conversion,dr_diff,17,59,-0.4558565173184661,-0.000131776794351,4.886846334297076,0.0165199076158837
731.0,hillstrom_conversion,s,18,60,0.8312145035690428,0.0006962762045768,1.8648662330226464,0.0054331864547847
732.0,hillstrom_conversion,t,18,60,0.3976086922432993,0.0007626200517744,2.251888051239592,0.0055573116632398
733.0,hillstrom_conversion,q,18,60,0.5311426367819381,0.0006101694971509,2.411943999058014,0.0099333506521919
734.0,hillstrom_conversion,q_simple,18,60,1.2357726700488485,0.0007280347430964,3.1229148842988206,0.0063782445998259
735.0,hillstrom_conversion,drt_log,18,60,0.3854644296371241,0.0006174423441635,2.422310552898179,0.0109588483792928
736.0,hillstrom_conversion,drs_log,18,60,1.4495673768405777,0.0002641502398717,1.7463829581332186,0.0052040977812247
737.0,hillstrom_conversion,drq_log,18,60,1.3127520752494797,0.0006332670319988,2.369285154670512,0.0097209718320406
738.0,hillstrom_conversion,drt_direct,18,60,0.1778749195599727,-7.56804422216953e-05,7.382333483976072,0.0742659407948724
739.0,hillstrom_conversion,drs_direct,18,60,1.1488426877716178,-5.60128460323113e-05,4.768465706451073,0.0257047964856169
740.0,hillstrom_conversion,drq_direct,18,60,0.8732040633937588,-0.0001046579709422,6.619046541385148,0.0425193985411717
741.0,hillstrom_conversion,drq_simple_log,18,60,0.4896682924235269,0.0007688805645673,3.445181541017408,0.0084385242667104
742.0,hillstrom_conversion,drq_simple_direct,18,60,1.9366904738801207,0.0004001423850397,4.1620487259789245,0.0230590328150646
743.0,hillstrom_conversion,x,18,60,0.4940672515217461,0.0004282476507785,2.8658897117228936,0.0069479817422141
744.0,hillstrom_conversion,x_log,18,60,0.7185042057875426,0.0007993569638478,1.972612701201632,0.006395071974997
745.0,hillstrom_conversion,r,18,60,-0.05374511404467,0.0001237446765871,2.4762708727481164,0.0042365967946724
746.0,hillstrom_conversion,r_log,18,60,0.6688224968018253,0.0005453928361113,2.391379848174373,0.0095938950254507
747.0,hillstrom_conversion,dr_diff,18,60,0.4266870545008159,-1.843304564439537e-05,5.144581369178411,0.014358465263533
748.0,hillstrom_conversion,s,19,61,-0.2438164012943253,-0.0006191771464473,2.1961125348260344,0.0071945202691876
749.0,hillstrom_conversion,t,19,61,-0.4215483443946133,-0.0006407061532024,3.8605090150735655,0.0097270179710312
750.0,hillstrom_conversion,q,19,61,0.7257187168535899,-0.0001512615020993,3.7837359310523344,0.0103410244846048
751.0,hillstrom_conversion,q_simple,19,61,0.7174825874001454,-0.000224670354653,4.576446162166948,0.0121119899997698
752.0,hillstrom_conversion,drt_log,19,61,-0.4993288206171353,-0.0009457495686488,3.3926114658742224,0.0105513422158622
753.0,hillstrom_conversion,drs_log,19,61,-0.3158251541567294,-0.0006220898218729,2.2068086186128344,0.0078094183809075
754.0,hillstrom_conversion,drq_log,19,61,0.4248732370370067,-0.0004088439279053,3.393022116405564,0.0096371856171154
755.0,hillstrom_conversion,drt_direct,19,61,-0.4903377705726828,-0.0006205720295677,6.662108614545009,0.0734352538078929
756.0,hillstrom_conversion,drs_direct,19,61,-0.2047764072885769,-0.0003688220271946,3.765253021445634,0.029631858551422
757.0,hillstrom_conversion,drq_direct,19,61,-0.0562573849003409,-0.0007403460553475,6.055147102847649,0.0393408994477709
758.0,hillstrom_conversion,drq_simple_log,19,61,0.4320800795077844,-0.0002097028570032,4.664217451921499,0.0206541929762174
759.0,hillstrom_conversion,drq_simple_direct,19,61,0.3537717570197074,-0.0001656183272122,4.486573132821131,0.0285320833151786
760.0,hillstrom_conversion,x,19,61,-0.0758017163255622,0.0002625566363499,3.408927535638668,0.0077138071208179
761.0,hillstrom_conversion,x_log,19,61,-0.5997714260375444,-0.0011769181227115,3.348256991139714,0.0108261790602551
762.0,hillstrom_conversion,r,19,61,1.6906080340839864,0.0008943056528114,2.834535948452512,0.0078013238962086
763.0,hillstrom_conversion,r_log,19,61,-0.387560038829112,-0.000959019401971,2.8072473141001213,0.0133400214030569
764.0,hillstrom_conversion,dr_diff,19,61,-0.3926062097557912,-0.0006539273458868,5.299801604710224,0.0158086459708969
765.0,hillstrom_conversion,s,20,62,0.1632063179116132,0.0005001433674011,2.110476257952943,0.0049502754899945
766.0,hillstrom_conversion,t,20,62,0.9408318122047108,0.0003862508478161,2.4041557164528395,0.0090065548956585
767.0,hillstrom_conversion,q,20,62,0.3934164084946081,7.533545243721242e-05,3.910097134297207,0.0082841970461919
768.0,hillstrom_conversion,q_simple,20,62,0.5130503105101751,0.0001452157127348,3.816624280814593,0.0077166205082088
769.0,hillstrom_conversion,drt_log,20,62,0.0890530609683604,-0.00040870153609,2.463228019215548,0.014773235751592
770.0,hillstrom_conversion,drs_log,20,62,0.1023858594120712,-0.0003235637538236,1.531654603795756,0.0071011837030133
771.0,hillstrom_conversion,drq_log,20,62,0.5592975808932596,8.127634963443807e-05,3.0129781058719174,0.0100877214999673
772.0,hillstrom_conversion,drt_direct,20,62,-0.014228957719256,-0.0004148286976498,7.9877544033626044,0.0961573343674936
773.0,hillstrom_conversion,drs_direct,20,62,0.2385968708113273,-0.0007904073854952,3.4433541295841765,0.0357712069406125
774.0,hillstrom_conversion,drq_direct,20,62,1.018534366096501,-0.0003071727480008,4.770092058362779,0.0393259863688491
775.0,hillstrom_conversion,drq_simple_log,20,62,0.1335855052624062,3.847831858065296e-05,5.405622943989807,0.0303092778093077
776.0,hillstrom_conversion,drq_simple_direct,20,62,1.336904662467454,-0.0002657493500071,3.825414962800013,0.0249264954135775
777.0,hillstrom_conversion,x,20,62,1.515280255121756,0.0007889411515238,2.458693628126776,0.0055239297995726
778.0,hillstrom_conversion,x_log,20,62,0.4133998724588377,-0.0001378127280387,2.1619193960213337,0.0082570588426947
779.0,hillstrom_conversion,r,20,62,-0.2040007971156734,-8.406465453511666e-05,2.5685152997958203,0.0054309144331331
780.0,hillstrom_conversion,r_log,20,62,-0.0714489541752039,-0.0004784591399457,2.759461657722844,0.0136129671920632
781.0,hillstrom_conversion,dr_diff,20,62,1.4967393483085512,0.0004710386918903,4.042867690958759,0.0140233175404217
782.0,hillstrom_conversion,s,21,63,0.2725436307190882,0.0003782312528079,3.196214710900512,0.0062758432280438
783.0,hillstrom_conversion,t,21,63,0.1908008671173913,0.000161961267573,4.857538252240121,0.0094767634648366
784.0,hillstrom_conversion,q,21,63,0.6535780294591391,0.0003906100174651,4.234694090328859,0.013294229448329
785.0,hillstrom_conversion,q_simple,21,63,0.6415045325083173,0.0004144814958965,3.823829802797048,0.0128722981052165
786.0,hillstrom_conversion,drt_log,21,63,0.0291239744674913,-0.0006075607624513,4.853657005611999,0.0124871676482428
787.0,hillstrom_conversion,drs_log,21,63,0.2272194632676483,0.0001033578457604,2.557993104625668,0.0052258283521417
788.0,hillstrom_conversion,drq_log,21,63,0.7512373342579468,0.0004485866603253,4.259470766762105,0.0074042472024334
789.0,hillstrom_conversion,drt_direct,21,63,-0.0722627943603204,-0.0002985079716499,12.95452082950582,0.0747854092869363
790.0,hillstrom_conversion,drs_direct,21,63,0.0175721583855548,-0.00015384288362,5.4138227112556745,0.0289737809055564
791.0,hillstrom_conversion,drq_direct,21,63,1.020326180769639,0.0003969091561932,9.453206228433729,0.0375843631038876
792.0,hillstrom_conversion,drq_simple_log,21,63,0.2724462096832694,2.148299046964377e-05,5.605483082063078,0.010937902994043
793.0,hillstrom_conversion,drq_simple_direct,21,63,0.7131505199797243,0.0005920099164883,6.931828610233107,0.0295210033356509
794.0,hillstrom_conversion,x,21,63,0.3587306776471366,0.0004339353689917,4.316361057919754,0.0084401374424239
795.0,hillstrom_conversion,x_log,21,63,0.2508744424444233,-0.0003201740660832,4.464618955888284,0.0083319625409498
796.0,hillstrom_conversion,r,21,63,0.0626680083783515,-0.0004622801087065,2.347314183217299,0.004055832518376
797.0,hillstrom_conversion,r_log,21,63,0.0121001705543835,-0.0008347307666476,4.189764517763792,0.0120160406387866
798.0,hillstrom_conversion,dr_diff,21,63,0.2492006415128318,-0.0001308070648763,8.862307339847815,0.0203345142095562
799.0,hillstrom_conversion,s,22,64,-0.2439939031323204,-0.0006106858625493,2.1747701689006544,0.0101214076269243
800.0,hillstrom_conversion,t,22,64,-0.1362151745579163,-5.4118798562243376e-05,2.641715220198942,0.0100614483230763
801.0,hillstrom_conversion,q,22,64,0.299305459135873,7.479910595229247e-05,3.4348682225423453,0.0070060224595195
802.0,hillstrom_conversion,q_simple,22,64,0.3879165874657164,4.433122476993172e-05,3.493802735359146,0.0109229414704007
803.0,hillstrom_conversion,drt_log,22,64,-0.228155898321178,-0.0003397111970142,2.742317735182913,0.0121982791397969
804.0,hillstrom_conversion,drs_log,22,64,-0.0420322214440009,-0.0003940560478528,2.0475029545378063,0.0082639897122229
805.0,hillstrom_conversion,drq_log,22,64,0.3558429834562979,-0.0001633742523208,3.338684343305574,0.0118852266388701
806.0,hillstrom_conversion,drt_direct,22,64,-0.4215674673039973,-0.0006804306040105,8.595565933971242,0.0695176978328992
807.0,hillstrom_conversion,drs_direct,22,64,-0.2919078908939614,-0.0006907445255439,5.041606859877036,0.0261283930890101
808.0,hillstrom_conversion,drq_direct,22,64,0.4247038606449946,-7.162367236169653e-05,5.625994909103439,0.0330873071239712
809.0,hillstrom_conversion,drq_simple_log,22,64,0.4842923081876644,0.0002736979686816,5.832210632548144,0.0208483094617658
810.0,hillstrom_conversion,drq_simple_direct,22,64,0.4696143399553298,-0.0001128473051152,5.321436118019076,0.0262279153911867
811.0,hillstrom_conversion,x,22,64,-0.1462597302102979,6.08585352087636e-05,3.559120273142001,0.0055633193562685
812.0,hillstrom_conversion,x_log,22,64,-0.3110548480222899,-0.0003785905768261,2.441860295974088,0.0085303156268111
813.0,hillstrom_conversion,r,22,64,-0.4801063771500744,-0.0005584847195822,2.218600128796039,0.0019761911778092
814.0,hillstrom_conversion,r_log,22,64,-0.3141270593633829,-0.0006919154750411,2.7435361584768336,0.0100518756538582
815.0,hillstrom_conversion,dr_diff,22,64,-0.2699104385550481,-0.0004005793141468,5.689087862554724,0.0130767977014385
816.0,hillstrom_conversion,s,23,65,0.7965968216816128,0.000604927760542,1.556074857206373,0.0053867392321123
817.0,hillstrom_conversion,t,23,65,-0.1495404822848047,0.0001335172723787,2.931439598604803,0.0091820505669573
818.0,hillstrom_conversion,q,23,65,0.3215048543928362,0.0005475655286955,2.426619390910314,0.0058715057507371
819.0,hillstrom_conversion,q_simple,23,65,0.3398704839961255,0.0004853580935411,2.956086868765856,0.0059105017455017
820.0,hillstrom_conversion,drt_log,23,65,0.1981872677619034,0.000640561232934,2.518789579593584,0.0077563939225316
821.0,hillstrom_conversion,drs_log,23,65,0.4814065559574503,0.0011856908063459,1.792626006247531,0.0055160424654892
822.0,hillstrom_conversion,drq_log,23,65,0.4238956633361941,0.0008981333494444,2.5386927272182755,0.0039724418199817
823.0,hillstrom_conversion,drt_direct,23,65,-0.0041962813026943,0.0001768667303967,8.067358237674345,0.0909431037980072
824.0,hillstrom_conversion,drs_direct,23,65,0.5367095670061282,0.000591194172531,3.256050212245404,0.0258988963592211
825.0,hillstrom_conversion,drq_direct,23,65,0.910733215161234,0.0008237897146751,7.374687498840183,0.0337424266446015
826.0,hillstrom_conversion,drq_simple_log,23,65,0.095803028796906,0.000514774112492,3.382154695821194,0.0094476883912988
827.0,hillstrom_conversion,drq_simple_direct,23,65,0.8215832169863424,0.0005492395828379,3.7707780461040574,0.0237577714754323
828.0,hillstrom_conversion,x,23,65,0.0095870473769481,0.0007226042233126,3.601853019635929,0.0069764662263507
829.0,hillstrom_conversion,x_log,23,65,-0.0135879506325822,0.0005067139436884,2.41650652255448,0.0062793952076693
830.0,hillstrom_conversion,r,23,65,0.3271092890211096,0.000703125221124,2.624059124070563,0.0064934033560746
831.0,hillstrom_conversion,r_log,23,65,0.2081083767071569,0.0003514182613316,2.412326831574405,0.0085043478881361
832.0,hillstrom_conversion,dr_diff,23,65,-0.2757036439655314,-0.0005636950538736,5.361284394956581,0.0154462267434498
833.0,hillstrom_conversion,s,24,66,0.6125875655871393,0.0005485697174798,2.3603905291863545,0.0050880064486588
834.0,hillstrom_conversion,t,24,66,0.0261485446286853,1.175961792550988e-05,3.5767530963616183,0.0074781607801102
835.0,hillstrom_conversion,q,24,66,1.1875963771128937,0.000533164437308,2.717321701235984,0.0046878887452014
836.0,hillstrom_conversion,q_simple,24,66,1.112004479114196,0.0005545778775579,2.748335467611818,0.0060755815056887
837.0,hillstrom_conversion,drt_log,24,66,-0.0480267090279697,-7.660990772900963e-05,2.470266698377798,0.0078317788635391
838.0,hillstrom_conversion,drs_log,24,66,0.17094180857669,0.0006832432580215,1.434090372798981,0.0054234174483581
839.0,hillstrom_conversion,drq_log,24,66,1.4001438869713834,0.0007822066831556,2.283703810414655,0.0054554725552484
840.0,hillstrom_conversion,drt_direct,24,66,-0.2049875034732271,0.0001838764366531,5.769761082727277,0.0597816832221123
841.0,hillstrom_conversion,drs_direct,24,66,0.2444615072682001,0.000448191063287,2.972103338158601,0.0273312427170988
842.0,hillstrom_conversion,drq_direct,24,66,0.771196610508766,0.0010565711462559,4.678664413260592,0.0338594229592265
843.0,hillstrom_conversion,drq_simple_log,24,66,0.5843819662987304,0.0003766285625795,3.111121236027448,0.0165715475921584
844.0,hillstrom_conversion,drq_simple_direct,24,66,1.085229537401021,0.001169822325517,2.886975682394222,0.0084317248042246
845.0,hillstrom_conversion,x,24,66,-0.0767486778589137,-0.0002033222738038,3.0952800059461203,0.0048165774487237
846.0,hillstrom_conversion,x_log,24,66,-0.0373308799640041,-0.0002565306335114,2.6227669586202835,0.0070125746893494
847.0,hillstrom_conversion,r,24,66,-0.1069577926157778,-0.0001413832258179,3.145948217382685,0.0060714902786318
848.0,hillstrom_conversion,r_log,24,66,-0.1809915178699941,-0.0002592581508965,2.082365837981438,0.0080804036414534
849.0,hillstrom_conversion,dr_diff,24,66,-0.0621027135034801,0.0002371569094525,4.563703199892054,0.0119045671702886
850.0,criteo,s,0,42,0.3808741114709584,0.0048656786508871,1.1009356143114966,0.001151359921417
851.0,criteo,t,0,42,0.4272950853857546,0.0047239400940426,1.0868464432032787,0.0005365942959837
852.0,criteo,q,0,42,0.6426243596514902,0.0044058816960998,1.1372456264780144,0.0005983154282739
853.0,criteo,q_simple,0,42,0.4962891044428184,0.0050035303285636,1.044888747059941,0.0081729553340017
854.0,criteo,drt_log,0,42,0.166633260981327,0.0044303000290935,1.1613720167449093,0.0171058536239665
855.0,criteo,drs_log,0,42,0.1405820162447635,0.0045059678962294,1.1325830510995092,0.0158591145463606
856.0,criteo,drq_log,0,42,0.1940731774021658,0.0043792575772542,1.143751428213855,0.0164617851021575
857.0,criteo,drt_direct,0,42,0.4940259882985247,0.0047294178541994,1.6682037417186413,0.0382352857192751
858.0,criteo,drs_direct,0,42,0.4562323301992561,0.0046974326898005,1.6325118092007354,0.0356031609884648
859.0,criteo,drq_direct,0,42,0.5550092822502004,0.0047199513563325,1.701881287052137,0.0369138253392314
860.0,criteo,drq_simple_log,0,42,0.5157165469320659,0.0049051254247264,1.0644180034271595,0.0156738818186808
861.0,criteo,drq_simple_direct,0,42,0.4918810746119959,0.0047539449042312,1.8340807448254128,0.0568045029607399
862.0,criteo,x,0,42,0.9894077531280538,0.004797006008972,1.1677584115613462,0.0010184376721565
863.0,criteo,x_log,0,42,0.4646112207542385,0.0047851345312745,1.0919975905691064,0.0004919915128184
864.0,criteo,r,0,42,0.6930469990856478,0.004828707214695,1.1407336798750494,0.0013941318001535
865.0,criteo,r_log,0,42,0.4577910498162167,0.0048060405102686,1.0926854210905597,0.0004692011486313
866.0,criteo,dr_diff,0,42,0.7927620336568919,0.0046180266711677,2.213803046914576,0.0532281949834844
867.0,criteo,s,1,43,0.3543796646542085,0.0047164195409896,1.081724632812284,0.0012787557511899
868.0,criteo,t,1,43,0.3821415678240949,0.0045744340899227,1.0509586752789597,0.0010786448054067
869.0,criteo,q,1,43,0.5675941861234428,0.0042761903732635,1.111107825451281,0.001044566599326
870.0,criteo,q_simple,1,43,0.4510564202704221,0.004934411057493,1.041955072268058,0.0084314592634775
871.0,criteo,drt_log,1,43,0.1625619305744987,0.0043499024339164,1.151950324861892,0.0175588512570833
872.0,criteo,drs_log,1,43,0.130882284613379,0.0043070842847855,1.1196410889918271,0.0163340925418688
873.0,criteo,drq_log,1,43,0.1900077797788635,0.0044131723982685,1.1570268429190036,0.0163580085787759
874.0,criteo,drt_direct,1,43,0.4620989763374177,0.0043774467972594,1.6857922487736192,0.0384323043284934
875.0,criteo,drs_direct,1,43,0.4212970297814649,0.0043536736002677,1.653616535510523,0.0358758198234642
876.0,criteo,drq_direct,1,43,0.5079460610626549,0.0043671039780761,1.7125830192001428,0.0374854580824911
877.0,criteo,drq_simple_log,1,43,0.4563882702331439,0.0049957471431226,1.074338821005835,0.0156372673827097
878.0,criteo,drq_simple_direct,1,43,0.4441711474382843,0.0043959144677582,1.9004977326208712,0.0576453693551543
879.0,criteo,x,1,43,0.8860459529808498,0.0045595887526373,1.145192148996901,0.0011795580527928
880.0,criteo,x_log,1,43,0.4243107327626241,0.0047715983997731,1.072197113127025,0.0006618052536606
881.0,criteo,r,1,43,0.5785349124352268,0.0046033270996827,1.095485175020059,0.0017364437518587
882.0,criteo,r_log,1,43,0.4288440828222026,0.004754525413291,1.087104552311807,0.0009393234226827
883.0,criteo,dr_diff,1,43,0.6775244798454181,0.0042487846694352,2.1375335114780705,0.0535849103385729
884.0,criteo,s,2,44,0.3584038564593093,0.0047357947749725,1.084241505539062,0.0011651422973046
885.0,criteo,t,2,44,0.3720484128595269,0.004563276827663,1.113266442428541,0.0005909074942993
886.0,criteo,q,2,44,0.5370401183746167,0.0044617756236981,1.1233600442423324,0.0004168798276411
887.0,criteo,q_simple,2,44,0.4524057524399694,0.004976687009511,1.0379730485745613,0.0083325220572419
888.0,criteo,drt_log,2,44,0.1673279985474098,0.0044671646785114,1.1551982721229734,0.0169444648036917
889.0,criteo,drs_log,2,44,0.1383418308090616,0.0045476839250844,1.1289853490302553,0.0157727675694287
890.0,criteo,drq_log,2,44,0.1961135714814612,0.0044555665299618,1.1421449870787408,0.0161543155634927
891.0,criteo,drt_direct,2,44,0.4259666104987827,0.0045991758713396,1.672977873218274,0.0379644926962439
892.0,criteo,drs_direct,2,44,0.4139613909372641,0.0045750880131692,1.6438819459963188,0.0353407547472134
893.0,criteo,drq_direct,2,44,0.4929681342212419,0.0045992501881786,1.6894527383452915,0.0366664713839897
894.0,criteo,drq_simple_log,2,44,0.4594150306489959,0.0048895908365158,1.0758971766247505,0.0153987041974078
895.0,criteo,drq_simple_direct,2,44,0.4494887068722035,0.0046198250446931,1.879063297856706,0.0567694797974372
896.0,criteo,x,2,44,0.8790983354781661,0.0047501657299608,1.1775500348278414,0.0011077398303671
897.0,criteo,x_log,2,44,0.4050752544185738,0.004661130991212,1.080963856227554,0.0011381184735743
898.0,criteo,r,2,44,0.6175753420462087,0.0047006653156579,1.1109984882557906,0.0015190887982003
899.0,criteo,r_log,2,44,0.4028411664230207,0.004751952016363,1.1014877961404934,0.0010655179676154
900.0,criteo,dr_diff,2,44,0.6704885311087523,0.0044771742559533,2.1642058825816086,0.0530947849914432
901.0,criteo,s,3,45,0.3692395477354686,0.0045777048711913,1.0814148191325066,0.0013461415999862
902.0,criteo,t,3,45,0.3965729635756405,0.0044226963309266,1.070497175660621,0.0010891234511184
903.0,criteo,q,3,45,0.6061093813959464,0.0041994680114493,1.1311440049301225,0.0007864389783021
904.0,criteo,q_simple,3,45,0.4787397250040914,0.0048680001706205,1.0323409845376827,0.0084567975646195
905.0,criteo,drt_log,3,45,0.1472469367790116,0.0042825179685538,1.168500802196932,0.0172117589576164
906.0,criteo,drs_log,3,45,0.1252798400832293,0.004253390048947,1.1413391642215265,0.0160984599109149
907.0,criteo,drq_log,3,45,0.1733237891153578,0.0042694593425397,1.1748540650463957,0.0165400228340268
908.0,criteo,drt_direct,3,45,0.435755395728211,0.0044766453813935,1.713020852974158,0.0384678939385738
909.0,criteo,drs_direct,3,45,0.4185382035893699,0.0044539476879051,1.6781504589387075,0.0358553341858036
910.0,criteo,drq_direct,3,45,0.4944998474560245,0.0044768133684786,1.755408617732254,0.0372669811269579
911.0,criteo,drq_simple_log,3,45,0.4759095824750641,0.0047509311174455,1.0672734673960351,0.0155053510341047
912.0,criteo,drq_simple_direct,3,45,0.4680000438933507,0.0045059565237839,1.9229334647738203,0.0577025191605181
913.0,criteo,x,3,45,0.8836967946267937,0.0045743460731754,1.174619974716069,0.0010803628586714
914.0,criteo,x_log,3,45,0.4215579937852114,0.0045922291210166,1.0879096379948483,0.0010029091585398
915.0,criteo,r,3,45,0.6969679084193221,0.0045086251575974,1.1355833955984336,0.0012883892584283
916.0,criteo,r_log,3,45,0.4262399120920921,0.0046460720875189,1.0773723491907734,0.0009919767879919
917.0,criteo,dr_diff,3,45,0.6663783066334064,0.0043590825828517,2.245310592361328,0.0535361571653978
918.0,criteo,s,4,46,0.2987574273887561,0.0048091040642614,1.0978387767112945,0.0014463405305398
919.0,criteo,t,4,46,0.3642929672850117,0.004307692722039,1.0968026975011296,0.0008863147904511
920.0,criteo,q,4,46,0.5489871514839093,0.0044304088787863,1.1349287703420878,0.0003549159726701
921.0,criteo,q_simple,4,46,0.4474136104655473,0.005017314064236,1.0544430451341438,0.0085924004732919
922.0,criteo,drt_log,4,46,0.1458758592928681,0.004543194183344,1.1844756291349556,0.0166937543132374
923.0,criteo,drs_log,4,46,0.1180883784496231,0.0045208126744167,1.1452432832867896,0.0152945844180781
924.0,criteo,drq_log,4,46,0.1643269361406849,0.0043464859504348,1.1637267200554302,0.0160856301585575
925.0,criteo,drt_direct,4,46,0.4280956804374491,0.0047333673678578,1.680696398874692,0.0379982587982412
926.0,criteo,drs_direct,4,46,0.4011362560504543,0.0047055875142951,1.6338513991136483,0.0352163200319688
927.0,criteo,drq_direct,4,46,0.4781159239710892,0.0047250468405652,1.7162286290656976,0.0365627239746646
928.0,criteo,drq_simple_log,4,46,0.454803211071489,0.0049122804902069,1.07778392673716,0.0154387073881783
929.0,criteo,drq_simple_direct,4,46,0.4450611868824505,0.0047574935750807,1.8500428179689468,0.0567558114162343
930.0,criteo,x,4,46,0.8242061283603417,0.0047100330782638,1.127891633597,0.000921692857542
931.0,criteo,x_log,4,46,0.4024076204134108,0.0048718081122273,1.0889961059583917,0.000779538192073
932.0,criteo,r,4,46,0.629907499130286,0.004867043267419,1.1613799601284842,0.0013131015834576
933.0,criteo,r_log,4,46,0.4096713962352427,0.0050219905658095,1.0975033128655685,0.0008538540525576
934.0,criteo,dr_diff,4,46,0.6928900201453272,0.0046073514045943,2.227071740393412,0.0529147502321372
935.0,criteo,s,5,47,0.2954602229930194,0.0045832933573937,1.0770232199828425,0.0011389414101521
936.0,criteo,t,5,47,0.3152638242748913,0.0043555907333728,1.081017198723032,0.0012290417622738
937.0,criteo,q,5,47,0.5018887114952173,0.0042298259709313,1.0996011869452245,0.0008893586122845
938.0,criteo,q_simple,5,47,0.411937095154548,0.0048243726240718,1.0455408147538512,0.009125363662168
939.0,criteo,drt_log,5,47,0.1481942155309175,0.0043306398533682,1.1579232896856635,0.0170238828431733
940.0,criteo,drs_log,5,47,0.1178426199907587,0.0043446500805292,1.1393919260169003,0.0159910260393383
941.0,criteo,drq_log,5,47,0.1669352107864234,0.004422385504058,1.1336447656306137,0.0163548574287266
942.0,criteo,drt_direct,5,47,0.381046923023087,0.0044800236820738,1.712337454074528,0.0380102327199883
943.0,criteo,drs_direct,5,47,0.3778149090698786,0.0044552388604591,1.6580707891679272,0.0354396952281248
944.0,criteo,drq_direct,5,47,0.4411110662783579,0.0044823070014959,1.731817894968593,0.036948903023309
945.0,criteo,drq_simple_log,5,47,0.4243240734807056,0.0046456284487458,1.0826878597674905,0.0162127955206731
946.0,criteo,drq_simple_direct,5,47,0.4135707901697179,0.0045161837713944,1.9036816677537087,0.0580528934508954
947.0,criteo,x,5,47,0.7832533149942176,0.0046456450091935,1.1412006629100635,0.0007631154926642
948.0,criteo,x_log,5,47,0.3603263475977893,0.0046481059732242,1.063867083898101,0.0004337379556574
949.0,criteo,r,5,47,0.6011506260922781,0.0046505106972292,1.0852828678337254,0.0012629589572542
950.0,criteo,r_log,5,47,0.3648096818864277,0.0045997602170124,1.064118892439618,0.0006036725380007
951.0,criteo,dr_diff,5,47,0.6877797294837311,0.0043882014783224,2.228339961592934,0.0531880445215805
952.0,criteo,s,6,48,0.3596711499978111,0.0047842405273274,1.0882238764827972,0.001078915012127
953.0,criteo,t,6,48,0.3629851033564664,0.0044265413955224,1.0929272311328604,0.0010572403825159
954.0,criteo,q,6,48,0.5695611776327469,0.0043370353123633,1.1115078927344937,0.0005397256955452
955.0,criteo,q_simple,6,48,0.4648987331117757,0.0046622775495157,1.0396858525420465,0.0082503386940285
956.0,criteo,drt_log,6,48,0.1551241227000257,0.0042918536972562,1.175152255012971,0.0166388882760874
957.0,criteo,drs_log,6,48,0.1284018714524899,0.0043562814916606,1.152252202930606,0.0160353875976365
958.0,criteo,drq_log,6,48,0.1716227003555857,0.0043778465094826,1.170858172834397,0.0164365385803852
959.0,criteo,drt_direct,6,48,0.4469475871311368,0.0045890192139212,1.6923244237293116,0.0379298460889722
960.0,criteo,drs_direct,6,48,0.4226946705662269,0.0045585211984102,1.6577053168697198,0.0356107470732248
961.0,criteo,drq_direct,6,48,0.5403366415021253,0.0045816486938121,1.7257078001229715,0.0370035159237727
962.0,criteo,drq_simple_log,6,48,0.4871940119963773,0.0046867589723623,1.0503287647456785,0.0154211338921431
963.0,criteo,drq_simple_direct,6,48,0.4726162820990334,0.0046122699175372,1.9113834433055903,0.0567207742307576
964.0,criteo,x,6,48,0.9109529034086032,0.0045905262981711,1.173983119609047,0.0005743927458321
965.0,criteo,x_log,6,48,0.3990189055666013,0.0046680683681841,1.0922551842010058,0.0005052451305056
966.0,criteo,r,6,48,0.5912083849980492,0.0047346362759633,1.0732517666801606,0.0012200441271107
967.0,criteo,r_log,6,48,0.4005470804086908,0.0046057464899104,1.0865818844379644,0.0005169618009472
968.0,criteo,dr_diff,6,48,0.6923298727517526,0.0044658965441018,2.1790737612054856,0.0532001859497399
969.0,criteo,s,7,49,0.3109730963513224,0.0047351490354368,1.0847782641381185,0.0010805547695471
970.0,criteo,t,7,49,0.3274448934265856,0.0044506972516304,1.071015125163094,0.0007762956702416
971.0,criteo,q,7,49,0.5186958182204129,0.0043350611068125,1.111661272226695,0.000989159233813
972.0,criteo,q_simple,7,49,0.4387723105682859,0.0049070150708598,1.0416685692364434,0.0088881038185527
973.0,criteo,drt_log,7,49,0.1454580517290016,0.0044690836480231,1.1734514959807765,0.0170259178310719
974.0,criteo,drs_log,7,49,0.1215704519437055,0.004430951094062,1.1372424292366805,0.0157237913766362
975.0,criteo,drq_log,7,49,0.1685793589793169,0.0043158223512509,1.1365741216508098,0.0162323972100462
976.0,criteo,drt_direct,7,49,0.3897250556241445,0.0045088425030603,1.6953545530639098,0.0379965395766321
977.0,criteo,drs_direct,7,49,0.3720657319288789,0.0044862974484357,1.657766778233441,0.0353903619050904
978.0,criteo,drq_direct,7,49,0.4354657217154214,0.0045037231574292,1.7122987226077258,0.036871494600887
979.0,criteo,drq_simple_log,7,49,0.4513387668310855,0.0049849746368199,1.0672013387740154,0.0157223030798709
980.0,criteo,drq_simple_direct,7,49,0.425491212042681,0.004527474391343,1.8789682930755536,0.0576152435687874
981.0,criteo,x,7,49,0.788112700284421,0.0046380125254503,1.1405526677006868,0.0007470565256272
982.0,criteo,x_log,7,49,0.375512371270517,0.0047949554049324,1.0737104099086343,0.0005701051432845
983.0,criteo,r,7,49,0.571452762124063,0.0046891318152089,1.0879499307667435,0.0012102935219728
984.0,criteo,r_log,7,49,0.3740317246620745,0.0047114303100882,1.0813722175044709,0.0006995393981418
985.0,criteo,dr_diff,7,49,0.6478058402114151,0.0044079072443075,2.2755952991813326,0.0530591664389722
986.0,criteo,s,8,50,0.3341090474028791,0.004697832527395,1.084462930737886,0.0010940855171679
987.0,criteo,t,8,50,0.3279688274355765,0.0045041279905811,1.0657642647261925,0.0005757082593716
988.0,criteo,q,8,50,0.5783285670402865,0.0043455639770006,1.1271231230749263,0.0008030340615676
989.0,criteo,q_simple,8,50,0.4719011226616056,0.0048258333252502,1.0395518021840526,0.0084031145746322
990.0,criteo,drt_log,8,50,0.1612929420427933,0.0043999556935942,1.1439693900369372,0.0169537395296739
991.0,criteo,drs_log,8,50,0.1383073822775282,0.0044656574951433,1.1221327131744248,0.0155948199098051
992.0,criteo,drq_log,8,50,0.1956823656109356,0.0044436877629154,1.15218619091881,0.0163189926690446
993.0,criteo,drt_direct,8,50,0.4108443968967603,0.0046270041869352,1.6952164531751817,0.0382281768857417
994.0,criteo,drs_direct,8,50,0.3952102229142835,0.0045962596212608,1.6562977469210576,0.0358238971984574
995.0,criteo,drq_direct,8,50,0.5120367901195713,0.004623037083309,1.723013335999914,0.0372411516418467
996.0,criteo,drq_simple_log,8,50,0.4884827711007402,0.0048060975287273,1.0727236333050412,0.0153602281511479
997.0,criteo,drq_simple_direct,8,50,0.4765186758155901,0.0046425394053874,1.8907043661340497,0.0575540603537006
998.0,criteo,x,8,50,0.801606512520872,0.0047711528719896,1.1543890150443452,0.0010538387900542
999.0,criteo,x_log,8,50,0.387330668837212,0.0047028184663077,1.076974826760074,0.000826447962819
1000.0,criteo,r,8,50,0.5560917142867139,0.0048281836117738,1.0950732933389022,0.0010349612688933
1001.0,criteo,r_log,8,50,0.3839848178022598,0.0046517209883482,1.0783987262077817,0.0011507904468499
1002.0,criteo,dr_diff,8,50,0.6159272469828561,0.0045161013881778,2.2611238500886177,0.0533555917119052
1003.0,criteo,s,9,51,0.3462742177396845,0.004844218880948,1.095637121556273,0.0014402737060258
1004.0,criteo,t,9,51,0.3608831466367048,0.0044726573320972,1.0837031643313273,0.0006704255123033
1005.0,criteo,q,9,51,0.6097358173457685,0.0044665702203232,1.1545046480686103,0.0005922577872811
1006.0,criteo,q_simple,9,51,0.4737524905016457,0.0049310106421054,1.029570057793907,0.0082390775587452
1007.0,criteo,drt_log,9,51,0.158143556355111,0.0044916241332748,1.151860759648429,0.0164759766570541
1008.0,criteo,drs_log,9,51,0.1359896118979879,0.0044783364127275,1.1332175353148646,0.0151660024146932
1009.0,criteo,drq_log,9,51,0.1862762776237776,0.0044964400745919,1.141366309370168,0.0157555787964647
1010.0,criteo,drt_direct,9,51,0.432327551706704,0.0046958974912648,1.6888299774851243,0.0374871814095588
1011.0,criteo,drs_direct,9,51,0.4209507826816987,0.0046648539141078,1.6377924405233342,0.0350611381626146
1012.0,criteo,drq_direct,9,51,0.4992797156615864,0.004691580863803,1.7060388196847291,0.0364795584163833
1013.0,criteo,drq_simple_log,9,51,0.4781283950228885,0.0048431579624527,1.06921892438821,0.0150643745830746
1014.0,criteo,drq_simple_direct,9,51,0.4546763954864168,0.0047226087370278,1.876326049047709,0.0567102313195801
1015.0,criteo,x,9,51,0.8600235557055902,0.0047160591329427,1.1931860480695684,0.0011021860800258
1016.0,criteo,x_log,9,51,0.4034331015579446,0.0048612188285413,1.082967160704244,0.0008949891164748
1017.0,criteo,r,9,51,0.626003692996145,0.0047697181503624,1.1078941871406998,0.0010162319857114
1018.0,criteo,r_log,9,51,0.3915181365449336,0.0048068901032458,1.0916898593267763,0.0011077419573599
1019.0,criteo,dr_diff,9,51,0.6701106390774283,0.0045834284863104,2.239050026241753,0.0529117490876302
1020.0,criteo,s,10,52,0.3434553907127116,0.0048170405865705,1.0862231750694322,0.0011810457242854
1021.0,criteo,t,10,52,0.3469243606752277,0.0046236824858381,1.096907977513603,0.0010208087747518
1022.0,criteo,q,10,52,0.6037633339999617,0.0044327682424028,1.118444408587668,0.000846106144719
1023.0,criteo,q_simple,10,52,0.4647996569872281,0.0049070095991369,1.0510011754152129,0.0088256075134444
1024.0,criteo,drt_log,10,52,0.1636806790617759,0.0045149610542378,1.164630839022368,0.0163560919959534
1025.0,criteo,drs_log,10,52,0.1336938577912418,0.0045182500062651,1.1214017008155113,0.0157359343842054
1026.0,criteo,drq_log,10,52,0.186268442789746,0.0044858485475983,1.1412523141507764,0.0162519506159708
1027.0,criteo,drt_direct,10,52,0.4558749784311402,0.0045633785446519,1.6887743005664373,0.0380764948870825
1028.0,criteo,drs_direct,10,52,0.4367317530460815,0.0045311745230713,1.640081462753442,0.0353120267284265
1029.0,criteo,drq_direct,10,52,0.5341662908659588,0.0045588288393104,1.6917581629460392,0.0367874994653049
1030.0,criteo,drq_simple_log,10,52,0.4611147779417954,0.0049076890941566,1.0828020216517498,0.0162263570345403
1031.0,criteo,drq_simple_direct,10,52,0.4548118055393195,0.0045782580941532,1.7882249331909736,0.0571873055627483
1032.0,criteo,x,10,52,0.8823074636085686,0.0047551388488721,1.175431058909533,0.000789871098434
1033.0,criteo,x_log,10,52,0.3770043516012953,0.0049243217456527,1.07900363227291,0.0007094446419563
1034.0,criteo,r,10,52,0.5863812305520992,0.0047382385805413,1.084399009262099,0.0015809958736249
1035.0,criteo,r_log,10,52,0.4022942107620957,0.00481456640251,1.0851335128064403,0.0009029411796395
1036.0,criteo,dr_diff,10,52,0.7756860150647886,0.0044267951383832,2.179360856591448,0.0531416853429521
1037.0,criteo,s,11,53,0.3266893665317882,0.0046774141854911,1.0848350584180748,0.0015231994449531
1038.0,criteo,t,11,53,0.3359212542570453,0.0043887022939487,1.0708931449416508,0.0009019833926189
1039.0,criteo,q,11,53,0.5507803442071115,0.0042471074877475,1.124840792413787,0.0004462982441363
1040.0,criteo,q_simple,11,53,0.463072002742922,0.0050254416711345,1.0473573017268285,0.0080382306978295
1041.0,criteo,drt_log,11,53,0.155450387131389,0.0044585129022173,1.1484178052567464,0.0168510948890729
1042.0,criteo,drs_log,11,53,0.1250195295292719,0.0044150885860609,1.1430670787977115,0.0153995497394544
1043.0,criteo,drq_log,11,53,0.1760795125470502,0.0045035621599111,1.166373874474968,0.0159335336200674
1044.0,criteo,drt_direct,11,53,0.3893122432972904,0.0045375026734026,1.708996519885778,0.0378347045461456
1045.0,criteo,drs_direct,11,53,0.3809045037406335,0.0045131612779098,1.6638313233172422,0.0351114024464517
1046.0,criteo,drq_direct,11,53,0.4557728438483017,0.0045377491854365,1.730641633353606,0.0364974903917496
1047.0,criteo,drq_simple_log,11,53,0.4711265687416506,0.0050257698788677,1.0611156667603183,0.0147918553041482
1048.0,criteo,drq_simple_direct,11,53,0.4510587901117593,0.0045500068062831,1.9240791017244585,0.0567770495696967
1049.0,criteo,x,11,53,0.7714344223643554,0.0046661835039556,1.1535964110014951,0.0012170881212576
1050.0,criteo,x_log,11,53,0.3704115509430949,0.004851667553595,1.0758670029326178,0.0011772884404496
1051.0,criteo,r,11,53,0.5907908557056778,0.0047516872278658,1.1267701573195312,0.0011222137281126
1052.0,criteo,r_log,11,53,0.3734826220048095,0.0049456411486579,1.080727841816111,0.0011366880098166
1053.0,criteo,dr_diff,11,53,0.6215818225744925,0.0044133791367576,2.285992334081555,0.0529963709899861
1054.0,criteo,s,12,54,0.3403455004256894,0.0048487723254542,1.097317096384947,0.0014022587636693
1055.0,criteo,t,12,54,0.3523848074608933,0.0044963259577352,1.0900082625748788,0.000676319309999
1056.0,criteo,q,12,54,0.538705016079335,0.0043941804032049,1.1299871157985233,0.0006200701050878
1057.0,criteo,q_simple,12,54,0.4507188325961266,0.0049562550683583,1.0593766442955774,0.0079413523587745
1058.0,criteo,drt_log,12,54,0.1535958522048237,0.004456089028428,1.1520318545529793,0.0168497993677491
1059.0,criteo,drs_log,12,54,0.1264555526717208,0.0045195196973065,1.1592139880327728,0.0156253418971553
1060.0,criteo,drq_log,12,54,0.1779231490588197,0.004466431410234,1.1355635333759304,0.0161229080007999
1061.0,criteo,drt_direct,12,54,0.4239549142826806,0.0047029983651364,1.6722119033825094,0.0378802096461624
1062.0,criteo,drs_direct,12,54,0.4126844380046512,0.004678480266602,1.634283167043413,0.0352103515139496
1063.0,criteo,drq_direct,12,54,0.4906483354403628,0.0046954197874787,1.6925490278631814,0.0366374701353447
1064.0,criteo,drq_simple_log,12,54,0.4608409909558884,0.0050161004188761,1.0852719135725624,0.0153225387520722
1065.0,criteo,drq_simple_direct,12,54,0.437521259446991,0.0047306875576614,1.8294803493575416,0.0569517303872687
1066.0,criteo,x,12,54,0.8801039607905974,0.0047370882265501,1.172038497119411,0.001350046825183
1067.0,criteo,x_log,12,54,0.3989704338175996,0.0048068103537247,1.0825537974504174,0.0011285795743565
1068.0,criteo,r,12,54,0.6128291880469343,0.0047187803293233,1.1323201425740106,0.0010939490527103
1069.0,criteo,r_log,12,54,0.4185372655798558,0.0047981087686566,1.099773677914725,0.0009433508880902
1070.0,criteo,dr_diff,12,54,0.7206376926614864,0.0045943637908865,2.2399327704013468,0.0531047960035074
1071.0,criteo,s,13,55,0.3781958957681854,0.0047714294270804,1.0924412595966175,0.0011507606041053
1072.0,criteo,t,13,55,0.4046999029434197,0.0044452865753323,1.0832305773215445,0.0008952655968728
1073.0,criteo,q,13,55,0.633831794224474,0.0044351922456967,1.1284646264172662,0.0007940666098641
1074.0,criteo,q_simple,13,55,0.5187248058506839,0.0048129837583196,1.0343562086555709,0.0090419345038051
1075.0,criteo,drt_log,13,55,0.170530906164402,0.0044741411039926,1.1555747195874846,0.0166667826488568
1076.0,criteo,drs_log,13,55,0.1395231752727377,0.0044626536597562,1.1253351259163056,0.0157288538194116
1077.0,criteo,drq_log,13,55,0.1939796675381924,0.0044747781213509,1.1614788361996318,0.0162056814784017
1078.0,criteo,drt_direct,13,55,0.4336292149267873,0.0045754444183081,1.685836295381656,0.0383296940015934
1079.0,criteo,drs_direct,13,55,0.4253105145872955,0.0045528125059402,1.645496589444285,0.0358180421814403
1080.0,criteo,drq_direct,13,55,0.5314427330328093,0.0045752782029446,1.7131789688469343,0.0371439794800901
1081.0,criteo,drq_simple_log,13,55,0.5212463995012098,0.0047599667697228,1.086471321758962,0.0160036224089752
1082.0,criteo,drq_simple_direct,13,55,0.50655187162133,0.0045995677208808,1.911080350310442,0.0575292444656951
1083.0,criteo,x,13,55,0.8766892010453735,0.004659790769199,1.1449511577334628,0.0014016866973126
1084.0,criteo,x_log,13,55,0.4316194023308231,0.0046501045263657,1.097814065815431,0.0013334318535738
1085.0,criteo,r,13,55,0.6376996085952187,0.0046368814569482,1.124527816023537,0.0014810331681654
1086.0,criteo,r_log,13,55,0.4337822872346892,0.0047452862031655,1.0845665434556913,0.0011234392373003
1087.0,criteo,dr_diff,13,55,0.5597775107874261,0.0044497028967492,2.2621242160131803,0.053300968584424
1088.0,criteo,s,14,56,0.3448359553449791,0.0048468352741615,1.0941601340590354,0.0012289527298093
1089.0,criteo,t,14,56,0.3738761037914213,0.0047807858780173,1.0829197015490286,0.0006286600891167
1090.0,criteo,q,14,56,0.6082619977191479,0.0043327279824373,1.1301321106384576,0.0004555880318747
1091.0,criteo,q_simple,14,56,0.4823251033592273,0.0048402635481817,1.0409543571577526,0.008471582566145
1092.0,criteo,drt_log,14,56,0.1557581233916325,0.0046016385412324,1.1487097925737322,0.0159376226736904
1093.0,criteo,drs_log,14,56,0.1296576357065577,0.0046094648277295,1.1361125729241124,0.0154598246908787
1094.0,criteo,drq_log,14,56,0.1816386433408707,0.0045646280527634,1.1433077338893365,0.0158504837897157
1095.0,criteo,drt_direct,14,56,0.4356367334069833,0.0046779096117678,1.6952607450712118,0.0379612858955616
1096.0,criteo,drs_direct,14,56,0.4232312023063798,0.0046516882046198,1.6483500628209025,0.0353342795364562
1097.0,criteo,drq_direct,14,56,0.5125694696704075,0.0046728455513636,1.706485832762514,0.0367954314510695
1098.0,criteo,drq_simple_log,14,56,0.4909883340031133,0.0048442316357523,1.087463970763006,0.0144070824111671
1099.0,criteo,drq_simple_direct,14,56,0.4859935332937959,0.0046990855850655,1.850213958762864,0.0567791112150039
1100.0,criteo,x,14,56,0.8288499770752256,0.0046182873433803,1.1832802748674325,0.0012703576656773
1101.0,criteo,x_log,14,56,0.4093977800764292,0.0048925675595797,1.095088686354295,0.0011714553130549
1102.0,criteo,r,14,56,0.6327109071415671,0.0047549946758064,1.0851918342058544,0.0011313497995481
1103.0,criteo,r_log,14,56,0.4052358085862253,0.0049146855397307,1.0866698123905356,0.0010137428460367
1104.0,criteo,dr_diff,14,56,0.6671439502212035,0.0045572463932842,2.1613672886203794,0.0531408573284523
1105.0,criteo,s,15,57,0.3582353542805745,0.0046121218202268,1.078246726612021,0.0014127606467458
1106.0,criteo,t,15,57,0.3733967848311064,0.0044863915651361,1.0794998226249823,0.0010521273282619
1107.0,criteo,q,15,57,0.5353025100931001,0.0042590894472408,1.0906086983143966,0.0007888178290202
1108.0,criteo,q_simple,15,57,0.4288892545971687,0.0048511285107312,1.042359382780612,0.0091592164519873
1109.0,criteo,drt_log,15,57,0.1637644479108673,0.0043060600522491,1.1630264184595522,0.0173688719127004
1110.0,criteo,drs_log,15,57,0.1330612508686193,0.0043606755114208,1.1380983303114425,0.0160088463651467
1111.0,criteo,drq_log,15,57,0.1771427134285956,0.0041920694243805,1.1522946525737168,0.0167055998889924
1112.0,criteo,drt_direct,15,57,0.4095623056400315,0.0044912621123252,1.710422065626234,0.0384033322833899
1113.0,criteo,drs_direct,15,57,0.3957794965692067,0.004462501989084,1.6771537471337603,0.0359509827178049
1114.0,criteo,drq_direct,15,57,0.4786139395478448,0.0044880640370532,1.7433704732851658,0.0372200038671422
1115.0,criteo,drq_simple_log,15,57,0.4368461279381588,0.0048217076984367,1.0696650672997352,0.0162663286158509
1116.0,criteo,drq_simple_direct,15,57,0.4274621491978301,0.0045169406072641,1.915501429505568,0.0580227480945201
1117.0,criteo,x,15,57,0.8240378809431546,0.0044943158959422,1.1655440980850718,0.0011787693924465
1118.0,criteo,x_log,15,57,0.3950302663250125,0.0045458443876655,1.085961624296651,0.0009948171149454
1119.0,criteo,r,15,57,0.5618515585589465,0.0046514816825267,1.11948653243387,0.0010865075970232
1120.0,criteo,r_log,15,57,0.4101550928969806,0.0046391623877954,1.0735215678786447,0.0008885846850083
1121.0,criteo,dr_diff,15,57,0.5586069195776671,0.0043784919596426,2.238237900122849,0.0534845266146438
1122.0,criteo,s,16,58,0.3354194813067557,0.0047270050455451,1.0859160889144468,0.000922386982148
1123.0,criteo,t,16,58,0.355670974462555,0.0044852707035629,1.100521678805154,0.0011015938165888
1124.0,criteo,q,16,58,0.5863981991813476,0.0043592847529299,1.1115368284025893,0.0008131016585397
1125.0,criteo,q_simple,16,58,0.4491891767741667,0.0046185021645013,1.0369694172670645,0.008747761421779
1126.0,criteo,drt_log,16,58,0.1597293080796307,0.0045038878068785,1.1390009945507025,0.0161756270389307
1127.0,criteo,drs_log,16,58,0.133069986175474,0.0045192591575911,1.1221815721125283,0.0156486995747177
1128.0,criteo,drq_log,16,58,0.1889037077984217,0.0044040522443084,1.1433455832037531,0.0162409498363345
1129.0,criteo,drt_direct,16,58,0.4311668806838509,0.0045268999586654,1.6927264853088673,0.0381365872391045
1130.0,criteo,drs_direct,16,58,0.4227556381028681,0.0045002446357242,1.6586612364908335,0.0356745361321525
1131.0,criteo,drq_direct,16,58,0.5010591873107939,0.004522562986116,1.7383632561001838,0.037061378996375
1132.0,criteo,drq_simple_log,16,58,0.4529849665024945,0.0045225249934792,1.0714533058665978,0.0157145589368513
1133.0,criteo,drq_simple_direct,16,58,0.4399206551235564,0.0045445744999323,1.930887757163964,0.0574331157370813
1134.0,criteo,x,16,58,0.8626731626732216,0.0047372080578494,1.2045239709464466,0.000706358750094
1135.0,criteo,x_log,16,58,0.3874970417525556,0.0047609116333996,1.0808356007163866,0.0005711736462814
1136.0,criteo,r,16,58,0.6006066621925019,0.0046712944752386,1.109125975805848,0.0021506880109888
1137.0,criteo,r_log,16,58,0.3918705075327429,0.0046775568507843,1.0725097490536115,0.0003477614487269
1138.0,criteo,dr_diff,16,58,0.6202897246303039,0.004417255554533,2.268866735739859,0.0533287859920725
1139.0,criteo,s,17,59,0.3402569147627101,0.0048804575892455,1.0923370450030905,0.0011141894691504
1140.0,criteo,t,17,59,0.3568631071221371,0.0045796648133055,1.068781213813316,0.0007329153503041
1141.0,criteo,q,17,59,0.5530608261260499,0.0044325345790844,1.1150928550851116,0.0011779667399524
1142.0,criteo,q_simple,17,59,0.4645123444149226,0.0048410834158101,1.0355864199576723,0.0083192071165041
1143.0,criteo,drt_log,17,59,0.1655923347246353,0.0045840603475863,1.1676075069626684,0.016847447674623
1144.0,criteo,drs_log,17,59,0.1359017896736942,0.0044291322512089,1.1395642491548377,0.0154427887156073
1145.0,criteo,drq_log,17,59,0.1833097179899057,0.0045033798173198,1.1429291634615528,0.0161959329824421
1146.0,criteo,drt_direct,17,59,0.4164962062296622,0.0045911160877291,1.6960893797742205,0.0379322075420778
1147.0,criteo,drs_direct,17,59,0.3966842263697048,0.0045691718475607,1.6504028168355651,0.035355903505234
1148.0,criteo,drq_direct,17,59,0.4812339787206257,0.0045862483427414,1.7160090657539226,0.0367438550129948
1149.0,criteo,drq_simple_log,17,59,0.4824752600102981,0.0049394679150432,1.0676869135502876,0.0147424668885504
1150.0,criteo,drq_simple_direct,17,59,0.4579712569966141,0.0046167309465234,1.8887737671209204,0.0565937978547719
1151.0,criteo,x,17,59,0.854080926243292,0.0047381488162376,1.16912833987194,0.00068500688168
1152.0,criteo,x_log,17,59,0.4043231531327595,0.0049239912617925,1.077515043291935,0.0008085851481055
1153.0,criteo,r,17,59,0.6342102635324773,0.0047635683636935,1.1241143982732822,0.0015230550527024
1154.0,criteo,r_log,17,59,0.4140788966865478,0.0049259080919488,1.0908284129882124,0.0005537036271995
1155.0,criteo,dr_diff,17,59,0.7014605879514155,0.0044899429918099,2.2248573858128387,0.0530417570908271
1156.0,criteo,s,18,60,0.3410318458699442,0.0047911183489516,1.0861161634087573,0.0015392265719288
1157.0,criteo,t,18,60,0.3551513317165586,0.0045283646003241,1.090326414999334,0.0008300243330758
1158.0,criteo,q,18,60,0.6016811751175464,0.0043221598070804,1.110238375354216,0.0006476704252018
1159.0,criteo,q_simple,18,60,0.4883102423894963,0.0050331544850413,1.0374406943117185,0.0077039595412955
1160.0,criteo,drt_log,18,60,0.1538633310128205,0.0044373522968201,1.1546701673355633,0.0165335208914424
1161.0,criteo,drs_log,18,60,0.1282954213214424,0.0044706869704863,1.1449787818785178,0.0157789100840117
1162.0,criteo,drq_log,18,60,0.1743889767821902,0.0043596888369718,1.1764762099532502,0.0163154550901664
1163.0,criteo,drt_direct,18,60,0.4159472509090354,0.0046281692536307,1.6783079949956754,0.0381965522200216
1164.0,criteo,drs_direct,18,60,0.397621052086236,0.0045973815861669,1.661144373658871,0.0356503073238801
1165.0,criteo,drq_direct,18,60,0.4880244566743683,0.0046211073565445,1.728826350575391,0.0370208607082861
1166.0,criteo,drq_simple_log,18,60,0.4982891658563702,0.0049505127159446,1.0788370235099127,0.0140304832771319
1167.0,criteo,drq_simple_direct,18,60,0.4822300508062975,0.004646037348277,1.902069953718433,0.0567621155914954
1168.0,criteo,x,18,60,0.8618844913789647,0.0045973189863907,1.1662277965657346,0.0008792541584596
1169.0,criteo,x_log,18,60,0.3965732322295896,0.0048200436908694,1.0923960702457536,0.0011580455530897
1170.0,criteo,r,18,60,0.6179987040477086,0.0047680700205328,1.089505344453613,0.0010921226106161
1171.0,criteo,r_log,18,60,0.3809745768214188,0.0048486814573067,1.0888140965274735,0.0013960774742462
1172.0,criteo,dr_diff,18,60,0.6740265163584669,0.0044936660034408,2.173349842164457,0.0534108020099346
1173.0,criteo,s,19,61,0.3348064969812552,0.0048619916150527,1.10151405391087,0.0012472878185178
1174.0,criteo,t,19,61,0.3598835845112824,0.0043526043551717,1.1088458756422597,0.0007868940636058
1175.0,criteo,q,19,61,0.5455504662417727,0.0044033464879306,1.1091633138238166,0.000733415077313
1176.0,criteo,q_simple,19,61,0.4262800197481446,0.004762787612975,1.05008974791578,0.0090432714679241
1177.0,criteo,drt_log,19,61,0.1590427063298218,0.0047440027717599,1.163966004177963,0.0163052957516727
1178.0,criteo,drs_log,19,61,0.1341150042590879,0.0046585765680095,1.1314942005994952,0.0151951708762346
1179.0,criteo,drq_log,19,61,0.1777264866864234,0.0045942361865862,1.133457511902741,0.0157013156835664
1180.0,criteo,drt_direct,19,61,0.4306083649178385,0.0047531069079103,1.6594865900415154,0.0372884319620907
1181.0,criteo,drs_direct,19,61,0.4135447420744793,0.0047240549416448,1.6246662006711692,0.0350172685857244
1182.0,criteo,drq_direct,19,61,0.4958434508560712,0.0047464876725355,1.6987334443265478,0.0363280966350215
1183.0,criteo,drq_simple_log,19,61,0.4421766236244393,0.0047651672812869,1.067665799754875,0.0163474779456148
1184.0,criteo,drq_simple_direct,19,61,0.4274691965522377,0.004768437461944,1.906858464053424,0.0570722578817176
1185.0,criteo,x,19,61,0.8563661247148362,0.0048125266362888,1.1416077104242814,0.0013263394807236
1186.0,criteo,x_log,19,61,0.4026008801024299,0.0049361271776146,1.1003142956632572,0.0008852274504289
1187.0,criteo,r,19,61,0.5897791637005727,0.004919867410263,1.0960086647839136,0.0016014957998661
1188.0,criteo,r_log,19,61,0.3988665854115771,0.004954998684831,1.0937365689140417,0.0005996952427103
1189.0,criteo,dr_diff,19,61,0.7703647438703256,0.0046407624858659,2.1420338146332187,0.0529012380459703
1190.0,criteo,s,20,62,0.3072260094803114,0.0045803448743609,1.073891962428796,0.000634876077777
1191.0,criteo,t,20,62,0.3261241980001736,0.0043114450383107,1.100537161450538,0.0012701845521817
1192.0,criteo,q,20,62,0.4850779374546639,0.004183727477295,1.098084441904695,0.0012358789013718
1193.0,criteo,q_simple,20,62,0.3925926490538862,0.0045345109482167,1.0441669523515675,0.0084483076863461
1194.0,criteo,drt_log,20,62,0.1427812056498225,0.004266497060647,1.146679383694224,0.0169431586986304
1195.0,criteo,drs_log,20,62,0.1197912932014311,0.0043086782523762,1.1396708047189616,0.0158051423821187
1196.0,criteo,drq_log,20,62,0.1709240843306463,0.0042909853959889,1.1434512805767432,0.0164022811016373
1197.0,criteo,drt_direct,20,62,0.3893968831426473,0.0044495923390137,1.7021477740316784,0.0379806721802225
1198.0,criteo,drs_direct,20,62,0.3717873263350029,0.004428013288853,1.6730809393322377,0.0354422916294092
1199.0,criteo,drq_direct,20,62,0.446962931561671,0.0044493924444583,1.7164211834527376,0.0369842364889401
1200.0,criteo,drq_simple_log,20,62,0.3984951751201879,0.0046767176221709,1.0677155366281093,0.0152109340082722
1201.0,criteo,drq_simple_direct,20,62,0.3766696488462728,0.0044664748370784,1.8964396612089351,0.0569051577791078
1202.0,criteo,x,20,62,0.7861132686066719,0.0044642451122684,1.1755124265738095,0.0006382032221702
1203.0,criteo,x_log,20,62,0.3570811558938476,0.0045684409361932,1.069778274059499,0.0006374724803544
1204.0,criteo,r,20,62,0.5324698308464697,0.0045195984833931,1.0789522220874592,0.0018144105580626
1205.0,criteo,r_log,20,62,0.3556388409757403,0.0045789901364004,1.0814877633964195,0.0006072139022649
1206.0,criteo,dr_diff,20,62,0.7400522838163646,0.0043309478074725,2.196203273950553,0.0532076976773869
1207.0,criteo,s,21,63,0.3503828738165797,0.0047988978761248,1.090369548838793,0.0009185629472009
1208.0,criteo,t,21,63,0.3705295967961948,0.0044062306586263,1.057574998401989,0.0009804033454628
1209.0,criteo,q,21,63,0.5898624634392298,0.0040542311404235,1.0803375561147903,0.0010489252713082
1210.0,criteo,q_simple,21,63,0.4566695584645053,0.0044811968212266,1.054306609082705,0.0084469446855436
1211.0,criteo,drt_log,21,63,0.1417557010250716,0.0042668965384976,1.193972085426133,0.0167533223240232
1212.0,criteo,drs_log,21,63,0.1159666069226097,0.0041579142674378,1.162340621658916,0.0162227350747082
1213.0,criteo,drq_log,21,63,0.162946479125287,0.0041692671714874,1.1811119631568474,0.0167321971912488
1214.0,criteo,drt_direct,21,63,0.4320947686188665,0.0046198281881427,1.697528819574272,0.0381939796983186
1215.0,criteo,drs_direct,21,63,0.3968403226374657,0.0045879438975504,1.6800441244162196,0.0355598630636539
1216.0,criteo,drq_direct,21,63,0.4798675942713934,0.0046081989789947,1.7838424735635063,0.0370644737666097
1217.0,criteo,drq_simple_log,21,63,0.473497226242106,0.0045806188295467,1.0715873413031076,0.0155202796612915
1218.0,criteo,drq_simple_direct,21,63,0.4550563557978249,0.0046490490477446,1.9519470320622767,0.0573792615529027
1219.0,criteo,x,21,63,0.8522468621349342,0.0046345970905017,1.1596932077548312,0.0007203163350859
1220.0,criteo,x_log,21,63,0.4032756139406797,0.0045145258827478,1.0808724292890406,0.0005043465183415
1221.0,criteo,r,21,63,0.629903350247419,0.0047153396650293,1.1192399865541791,0.0012626537597744
1222.0,criteo,r_log,21,63,0.4019244678138352,0.0046066992683617,1.082306350280834,0.0004580668526204
1223.0,criteo,dr_diff,21,63,0.6400225524103067,0.0045093277179234,2.249176521644166,0.0532968099870818
1224.0,criteo,s,22,64,0.3568092406770511,0.0046099008211541,1.0802320876374705,0.0010968092149319
1225.0,criteo,t,22,64,0.3875727885497546,0.0043095598943784,1.075729191302722,0.0013122040537638
1226.0,criteo,q,22,64,0.6429170433838385,0.0042293447239676,1.1231994841792887,0.000943877851941
1227.0,criteo,q_simple,22,64,0.4929560994733475,0.0048473749589987,1.0577204330088423,0.0088856166391603
1228.0,criteo,drt_log,22,64,0.1793922786279294,0.0043701340570126,1.143138867438623,0.0173978889401564
1229.0,criteo,drs_log,22,64,0.1495102019930707,0.0043358061725076,1.1139203514160252,0.0159857663165563
1230.0,criteo,drq_log,22,64,0.2087082653181302,0.004312183186318,1.166588302020405,0.0166059791744874
1231.0,criteo,drt_direct,22,64,0.4673053649179433,0.0043952028603693,1.6910818315200749,0.0385477346554782
1232.0,criteo,drs_direct,22,64,0.4496418629243688,0.0043681219736737,1.6488373078646426,0.0360087299485546
1233.0,criteo,drq_direct,22,64,0.5640524196107872,0.0043894134572285,1.6995545510568926,0.0372697148040776
1234.0,criteo,drq_simple_log,22,64,0.4882056820566907,0.0047569592549068,1.0682331979295083,0.0160282428964696
1235.0,criteo,drq_simple_direct,22,64,0.4795560242681733,0.004413295128281,1.9527674787856144,0.0575922624972514
1236.0,criteo,x,22,64,0.909641666409537,0.0045464176370974,1.1468886161897287,0.0007263474137761
1237.0,criteo,x_log,22,64,0.4166998099336974,0.0047058423412799,1.084774703989645,0.0004468552709085
1238.0,criteo,r,22,64,0.6099649930633613,0.0045336070996327,1.0952402166137798,0.0016301556668354
1239.0,criteo,r_log,22,64,0.4151568070916334,0.0047213212774169,1.0833117110707196,0.0005502722635555
1240.0,criteo,dr_diff,22,64,0.7395671496842149,0.0042711770626668,2.16497595323002,0.053572458297641
1241.0,criteo,s,23,65,0.348723046661801,0.004651629581509,1.0893599294785163,0.0011441585140688
1242.0,criteo,t,23,65,0.3818864002943827,0.0043566302950396,1.095371747527828,0.0009327791686478
1243.0,criteo,q,23,65,0.5579904416725177,0.0042136761695629,1.107785458754436,0.0006643480143049
1244.0,criteo,q_simple,23,65,0.4294014786298588,0.0045435770283249,1.0486219186360497,0.0088708469555797
1245.0,criteo,drt_log,23,65,0.1735902011641992,0.0044485355221752,1.1614877010515166,0.0161500622271641
1246.0,criteo,drs_log,23,65,0.1416097273813008,0.0045512670082228,1.1291619439809044,0.0150993425496529
1247.0,criteo,drq_log,23,65,0.1990437941073297,0.0045829723302588,1.1362497543220975,0.0157030040014945
1248.0,criteo,drt_direct,23,65,0.4705916903084857,0.0046357965159887,1.6653977161574487,0.0379859590719539
1249.0,criteo,drs_direct,23,65,0.4444516551184179,0.0046089178601534,1.633350292517277,0.035044309336731
1250.0,criteo,drq_direct,23,65,0.534488604376069,0.0046298749517705,1.6732044557007464,0.0363285256600629
1251.0,criteo,drq_simple_log,23,65,0.4403996556220801,0.0045107006315806,1.083868830377388,0.0161230445587042
1252.0,criteo,drq_simple_direct,23,65,0.4350643086662442,0.0046538934892199,1.8685099383352093,0.0571309291966843
1253.0,criteo,x,23,65,0.9209234021086958,0.0048445885361358,1.1686862778062417,0.001109321636383
1254.0,criteo,x_log,23,65,0.43011371297406,0.0046723508188351,1.0966034195281211,0.0007919035576397
1255.0,criteo,r,23,65,0.6757337560953283,0.0048195569826802,1.18264533338644,0.0014769367913318
1256.0,criteo,r_log,23,65,0.4457602901527748,0.0046340330587666,1.1016531971229284,0.0005842857714709
1257.0,criteo,dr_diff,23,65,0.7242717680960737,0.0045251380673705,2.105828582928705,0.0530018841842589
1258.0,criteo,s,24,66,0.317185250535289,0.0046853382222731,1.078871853615097,0.0010496043362733
1259.0,criteo,t,24,66,0.3299722167325922,0.0043584779011403,1.1033768445426464,0.0011525188366648
1260.0,criteo,q,24,66,0.5308911286950251,0.0042547208594421,1.1105928021860352,0.0006721864983143
1261.0,criteo,q_simple,24,66,0.4196450169829595,0.0048973809780688,1.0513033532605345,0.0083226867012813
1262.0,criteo,drt_log,24,66,0.1476983012068315,0.0044475364825987,1.1717883129647664,0.0169684122808826
1263.0,criteo,drs_log,24,66,0.1206706067093339,0.0043110627814018,1.13422161325349,0.0159124267733053
1264.0,criteo,drq_log,24,66,0.1670856975838017,0.0043843592831582,1.153864202525055,0.0161939055380575
1265.0,criteo,drt_direct,24,66,0.3925713526499761,0.0045252904327849,1.7119757978270576,0.0379744545779359
1266.0,criteo,drs_direct,24,66,0.385255440780238,0.004506603982744,1.6675148706683212,0.0354215965298802
1267.0,criteo,drq_direct,24,66,0.4633674889242314,0.0045258831373834,1.7212973367610942,0.0369773411067014
1268.0,criteo,drq_simple_log,24,66,0.4253055373215135,0.0047959316366295,1.0741301604787017,0.0152865580369469
1269.0,criteo,drq_simple_direct,24,66,0.4063763529521689,0.0045505290008506,1.8879594141523293,0.0571479080789523
1270.0,criteo,x,24,66,0.7915482742744566,0.0047112115534281,1.1616769814859085,0.0009290767085672
1271.0,criteo,x_log,24,66,0.364084686790292,0.004653149761042,1.0727530236873877,0.0008419157336872
1272.0,criteo,r,24,66,0.5334052551023991,0.0046867017793299,1.1151954933812367,0.0013440992559049
1273.0,criteo,r_log,24,66,0.3728652697571033,0.0046801174184849,1.0823530792659872,0.0007818273574227
1274.0,criteo,dr_diff,24,66,0.6053074515103996,0.0044151035118583,2.2455535544274547,0.0530169549819162
1275.0,megafon,s,0,42,1.4610230746819544,0.0415556084062731,1.1625144755196537,0.0270095123198835
1276.0,megafon,t,0,42,1.532163652236389,0.0426394803078736,1.129902829108309,0.0221336491410948
1277.0,megafon,q,0,42,1.2499513905373858,0.0400097858534222,1.1079443758846474,0.0165842760902217
1278.0,megafon,q_simple,0,42,1.2527498553667449,0.0402932475417342,1.1102089771334602,0.0169988741586185
1279.0,megafon,drt_log,0,42,1.3053912507935483,0.0403046508379751,1.1905008375581254,0.0570645086490348
1280.0,megafon,drs_log,0,42,1.3243155753044165,0.0408235336449635,1.1749479683940385,0.0429441966311176
1281.0,megafon,drq_log,0,42,1.293951509188513,0.0405299696827384,1.1532310575005982,0.0363795191111739
1282.0,megafon,drt_direct,0,42,1.2373347921823812,0.0308279968413287,2.4196909994281897,0.3175808702138228
1283.0,megafon,drs_direct,0,42,1.1948094025900282,0.0291547191534591,2.2541116707775624,0.2763231920884637
1284.0,megafon,drq_direct,0,42,1.1990371376045146,0.0297925493492627,2.228749174797531,0.2676988382628151
1285.0,megafon,drq_simple_log,0,42,1.2533314693318889,0.0393085390665005,1.1101243159059957,0.0124878651274835
1286.0,megafon,drq_simple_direct,0,42,1.176059874757898,0.0319439938873066,1.7696650404339194,0.1623306837818026
1287.0,megafon,x,0,42,1.4692648229965046,0.0415238632380397,1.1482162515990082,0.0222970606550219
1288.0,megafon,x_log,0,42,1.3087372941508637,0.0408255390793852,1.1209468265176938,0.0136390052746253
1289.0,megafon,r,0,42,1.4810069910082344,0.0417453204006156,1.1628115481812764,0.023330870636862
1290.0,megafon,r_log,0,42,1.2946213051667064,0.0405863075049565,1.110877329160663,0.0099584835073222
1291.0,megafon,dr_diff,0,42,1.5274854923101395,0.0389449049604797,2.147057005185833,0.2538309251632389
1292.0,megafon,s,1,43,1.3881587533480162,0.0396789876474547,1.1685407797823342,0.0257190022805563
1293.0,megafon,t,1,43,1.4937429840299306,0.0413263925683377,1.1002334343245153,0.0238486051947404
1294.0,megafon,q,1,43,1.1883234622442005,0.0396264265770426,1.1228611946706952,0.0232083530327954
1295.0,megafon,q_simple,1,43,1.1909327404775554,0.0396643206647819,1.1345211700309743,0.0250995285149754
1296.0,megafon,drt_log,1,43,1.2078698974625288,0.0399010699190393,1.155014350110107,0.0459732638095373
1297.0,megafon,drs_log,1,43,1.2049539872146622,0.0398713513353576,1.138542409688,0.03325971392531
1298.0,megafon,drq_log,1,43,1.2217274324681218,0.0398579453578715,1.109171107541549,0.0281741465723651
1299.0,megafon,drt_direct,1,43,1.1990337709301595,0.0301998574841157,2.358236310512116,0.3094564597036404
1300.0,megafon,drs_direct,1,43,1.150497574339918,0.0291096409697624,2.174825604224134,0.2663707935454544
1301.0,megafon,drq_direct,1,43,1.137477883330844,0.029303634128406,2.1566454731229854,0.2595001427122794
1302.0,megafon,drq_simple_log,1,43,1.1833845050366447,0.0393358926998853,1.104316184220234,0.0183625725425219
1303.0,megafon,drq_simple_direct,1,43,1.0857127462681544,0.0315045264645276,1.719558233956944,0.1534348786344119
1304.0,megafon,x,1,43,1.424692526720171,0.0406236201671591,1.1416634152416585,0.0280851634698601
1305.0,megafon,x_log,1,43,1.259710589270835,0.0396651146792502,1.1052252342779316,0.0159501990789787
1306.0,megafon,r,1,43,1.402205776375487,0.0406369805193483,1.161181313657781,0.0289395197683782
1307.0,megafon,r_log,1,43,1.2479191028622076,0.0390824191233983,1.091110208983623,0.0143526463169599
1308.0,megafon,dr_diff,1,43,1.4682817677841349,0.0385083385084525,2.080147361146396,0.2472256298377
1309.0,megafon,s,2,44,1.419117286073454,0.0410140753816951,1.1620246241115637,0.0270160017207618
1310.0,megafon,t,2,44,1.542478590260498,0.0425586704775447,1.0871862781925286,0.0279197508402147
1311.0,megafon,q,2,44,1.235841589754881,0.0381271171268857,1.1067748216512243,0.0163214923466336
1312.0,megafon,q_simple,2,44,1.240440492647983,0.0383015191633971,1.1081652788438705,0.0184673048914241
1313.0,megafon,drt_log,2,44,1.2464304495813143,0.0392913333965522,1.198213177834769,0.0554912310986062
1314.0,megafon,drs_log,2,44,1.2740813888468787,0.0393332812451442,1.1797842527809017,0.038736711076082
1315.0,megafon,drq_log,2,44,1.2911681422166537,0.0396053192978585,1.1606223455190705,0.0351831615926547
1316.0,megafon,drt_direct,2,44,1.2274154383975076,0.0296748408570339,2.432873455213084,0.3147015434700053
1317.0,megafon,drs_direct,2,44,1.1996267506588356,0.0284398773655474,2.225664680001371,0.2698329752760803
1318.0,megafon,drq_direct,2,44,1.1820220033708029,0.0294025779076395,2.229725665332785,0.2636652025914499
1319.0,megafon,drq_simple_log,2,44,1.2528724592816236,0.039330018845481,1.1050837533439188,0.0151248158158244
1320.0,megafon,drq_simple_direct,2,44,1.1710615061188052,0.0313182773442621,1.777932235346099,0.1590216370888975
1321.0,megafon,x,2,44,1.4764993051900344,0.0418786047800883,1.1419352427724951,0.0268769874850283
1322.0,megafon,x_log,2,44,1.2894881020435227,0.0399407175454912,1.0918291842874346,0.0100714944271998
1323.0,megafon,r,2,44,1.4741911517842743,0.0417011657932033,1.1497016819919377,0.0277493690323441
1324.0,megafon,r_log,2,44,1.290320347642899,0.0397206123231936,1.0993411834533178,0.0095914605103412
1325.0,megafon,dr_diff,2,44,1.5193316196098745,0.0382001313452069,2.137922322353827,0.2519465181380403
1326.0,megafon,s,3,45,1.3422771307344885,0.0413056778397028,1.1876013466567032,0.0233217258937862
1327.0,megafon,t,3,45,1.4571427486294906,0.042868579545996,1.084128115188532,0.0252127632441637
1328.0,megafon,q,3,45,1.1564275373482928,0.0401442246281871,1.1211752923025415,0.0157142231399493
1329.0,megafon,q_simple,3,45,1.1564314822770512,0.0405749695309467,1.1256014555173235,0.0165207858696941
1330.0,megafon,drt_log,3,45,1.1571871489822616,0.0406763593689711,1.1770473949539522,0.057159639018323
1331.0,megafon,drs_log,3,45,1.1772375093369232,0.040403839048669,1.1519098014830147,0.0367453942870941
1332.0,megafon,drq_log,3,45,1.1609733973786542,0.0404955532732099,1.1251402167831008,0.0321942532074919
1333.0,megafon,drt_direct,3,45,1.1852895530039769,0.0303580412625898,2.417744945208531,0.3129837607205434
1334.0,megafon,drs_direct,3,45,1.1487301300875652,0.0289069357407902,2.252645185690994,0.2698573401817569
1335.0,megafon,drq_direct,3,45,1.1066768467252874,0.0296722911829552,2.2570518693838904,0.2642859984442857
1336.0,megafon,drq_simple_log,3,45,1.1538371274798953,0.0401526859587782,1.118878223284935,0.0128588665071202
1337.0,megafon,drq_simple_direct,3,45,1.0825478691547912,0.0315310636878116,1.778831221141916,0.1613671157914966
1338.0,megafon,x,3,45,1.3914116333702125,0.0426880200615351,1.1405212849547026,0.0224531209577027
1339.0,megafon,x_log,3,45,1.2478370729308974,0.0415938351606936,1.113588240810692,0.0114239979935064
1340.0,megafon,r,3,45,1.3726088340256075,0.0422424641801307,1.1296350669420172,0.02525072254173
1341.0,megafon,r_log,3,45,1.2235053475441031,0.0408486250629096,1.1090283044882017,0.0128068472062034
1342.0,megafon,dr_diff,3,45,1.4715629238730197,0.0386291259211231,2.137230953522757,0.2526952432117662
1343.0,megafon,s,4,46,1.4803417520061302,0.0413600108424838,1.154635119479981,0.0221755272554263
1344.0,megafon,t,4,46,1.608498936630313,0.0432441379990002,1.1069036061637088,0.0284485293920141
1345.0,megafon,q,4,46,1.24572566397538,0.0405415746584953,1.1325262657553947,0.0180258785466935
1346.0,megafon,q_simple,4,46,1.2548183616549595,0.0407509188552942,1.127054190809345,0.0197321304272006
1347.0,megafon,drt_log,4,46,1.2948421324379973,0.040461453195723,1.1637346786396534,0.0559197611365565
1348.0,megafon,drs_log,4,46,1.3024888362742122,0.0406714185305033,1.158143400748616,0.0353596033584028
1349.0,megafon,drq_log,4,46,1.330658499996917,0.0411976382706531,1.1310897803568036,0.0303843814641602
1350.0,megafon,drt_direct,4,46,1.304404029528601,0.0313821102099069,2.40873623308498,0.315699290377812
1351.0,megafon,drs_direct,4,46,1.23751609862407,0.0300165750552816,2.241288820031801,0.273991700457227
1352.0,megafon,drq_direct,4,46,1.254685305599361,0.0297867489370675,2.1768274895269526,0.2628019288121576
1353.0,megafon,drq_simple_log,4,46,1.300224786246723,0.0407178731791632,1.114050622298668,0.0130363575920907
1354.0,megafon,drq_simple_direct,4,46,1.1905849847396397,0.031879137853311,1.7371850372716169,0.1597869004620512
1355.0,megafon,x,4,46,1.550518873898579,0.0423450651682841,1.130980445796724,0.0253209628302187
1356.0,megafon,x_log,4,46,1.3412991196183592,0.0414769456559297,1.1153397728350494,0.0096756641471089
1357.0,megafon,r,4,46,1.5303440399917514,0.0421770252730289,1.1729088230858655,0.0246309474606147
1358.0,megafon,r_log,4,46,1.3352866304460138,0.0410352918951462,1.1052601104692454,0.0093583013937672
1359.0,megafon,dr_diff,4,46,1.6080160945713986,0.039867548274972,2.1125833074276525,0.2507841483354515
1360.0,megafon,s,5,47,1.438087514183432,0.0425473620731301,1.1869280169676997,0.0217922609964775
1361.0,megafon,t,5,47,1.5284655668966909,0.0437346186801155,1.1149406436047924,0.0264980187683116
1362.0,megafon,q,5,47,1.2404634252299422,0.0411497296137994,1.145844031924182,0.0137078176237324
1363.0,megafon,q_simple,5,47,1.249250041636943,0.0412992073496473,1.1375379331784348,0.0150473990061799
1364.0,megafon,drt_log,5,47,1.260917735994534,0.0411693955511768,1.1869672641788576,0.0607371738447095
1365.0,megafon,drs_log,5,47,1.2587253323608636,0.0409768216051343,1.175167610668124,0.0442922273487834
1366.0,megafon,drq_log,5,47,1.2911424413281063,0.0415084869485822,1.1210172666748557,0.0388478907022155
1367.0,megafon,drt_direct,5,47,1.2436706407449605,0.0315999550267704,2.478511718557807,0.3204301824048134
1368.0,megafon,drs_direct,5,47,1.2026512277984394,0.0303495460269819,2.293674761173447,0.2771296555728678
1369.0,megafon,drq_direct,5,47,1.197518414028779,0.0304877871044031,2.2600692737093326,0.2695048720792766
1370.0,megafon,drq_simple_log,5,47,1.2228532745458287,0.0408001998990677,1.112449615174164,0.010567114720269
1371.0,megafon,drq_simple_direct,5,47,1.1502275771916428,0.0326210414999155,1.7930193725185533,0.1630859295462195
1372.0,megafon,x,5,47,1.4546365529755223,0.0432800334889239,1.1601869973982886,0.0245087979907247
1373.0,megafon,x_log,5,47,1.2987313905950664,0.0421686088494654,1.1313980210364654,0.0089294265635775
1374.0,megafon,r,5,47,1.4435519058885735,0.0430429692230747,1.1539143966941043,0.0247672933136875
1375.0,megafon,r_log,5,47,1.2911375045587823,0.0417928508481033,1.124065062842628,0.0086435233999514
1376.0,megafon,dr_diff,5,47,1.506334615707105,0.0394282304302845,2.131355130405392,0.2541857510540991
1377.0,megafon,s,6,48,1.356205383288282,0.0403407909076701,1.1704231182054918,0.0197478371122057
1378.0,megafon,t,6,48,1.4517389038869466,0.0416356923251561,1.0856367974007262,0.0229765370301612
1379.0,megafon,q,6,48,1.1251236906317807,0.0386631981139062,1.0978384393032867,0.015285278736396
1380.0,megafon,q_simple,6,48,1.1374320411883592,0.0389846395746293,1.1031648574087614,0.0143635993705848
1381.0,megafon,drt_log,6,48,1.1852891343211944,0.0401736315886723,1.2187427809899158,0.0590860622018015
1382.0,megafon,drs_log,6,48,1.2033678928138871,0.0398781198601167,1.1874036917647277,0.0410828559883025
1383.0,megafon,drq_log,6,48,1.1699701490763912,0.0399218463805383,1.1446676692926456,0.0358588233611394
1384.0,megafon,drt_direct,6,48,1.1816214215540966,0.0301841404200081,2.4219355052221503,0.3208225217081535
1385.0,megafon,drs_direct,6,48,1.115030134981433,0.0287460751608895,2.250184239422981,0.2779467806374018
1386.0,megafon,drq_direct,6,48,1.1284747916280666,0.029521006001216,2.215067624736084,0.2677704215016768
1387.0,megafon,drq_simple_log,6,48,1.126999603600914,0.0390679643999368,1.0937389888108349,0.0111540760935704
1388.0,megafon,drq_simple_direct,6,48,1.0778819106167763,0.0313639130630366,1.7790633782227343,0.1670110571453471
1389.0,megafon,x,6,48,1.3955385494237842,0.0410333797772541,1.1452302565795938,0.0254506658822681
1390.0,megafon,x_log,6,48,1.2379442467537731,0.0404704939231543,1.1050874277962806,0.0112009054985664
1391.0,megafon,r,6,48,1.3975595662633291,0.0415218630872593,1.137501291982291,0.0272217374666024
1392.0,megafon,r_log,6,48,1.2326266596582778,0.040290603394239,1.0956903554568842,0.0099968204794789
1393.0,megafon,dr_diff,6,48,1.4746574939129031,0.0383023080384321,2.1377654064591045,0.2546470305968323
1394.0,megafon,s,7,49,1.4166733722996814,0.0416543525747058,1.1547324220209991,0.0249347604110748
1395.0,megafon,t,7,49,1.4970165694500672,0.0428845999042766,1.077578951715454,0.0255596674876604
1396.0,megafon,q,7,49,1.272039474350969,0.0405247379116598,1.1257023567007387,0.0156465965494466
1397.0,megafon,q_simple,7,49,1.259407650623763,0.0409442365112579,1.1331016382925758,0.0171712137607114
1398.0,megafon,drt_log,7,49,1.2817118782561676,0.0415897195097065,1.205160614751736,0.0560047604247869
1399.0,megafon,drs_log,7,49,1.263507108305954,0.0412824061946824,1.1909614296014808,0.0395550876502497
1400.0,megafon,drq_log,7,49,1.2771405138621226,0.0410406813150137,1.1632122929888764,0.0363406172141672
1401.0,megafon,drt_direct,7,49,1.234713110925738,0.0312980801246636,2.418778166094308,0.3175046678055421
1402.0,megafon,drs_direct,7,49,1.2012569776200597,0.0300826916111018,2.242580456083152,0.2765374858287567
1403.0,megafon,drq_direct,7,49,1.2290561168102283,0.0310632370875763,2.21759298853018,0.2674651605061712
1404.0,megafon,drq_simple_log,7,49,1.2820094262385988,0.0408211313155385,1.10137093979253,0.0137822857216454
1405.0,megafon,drq_simple_direct,7,49,1.166761855513441,0.0328732169986672,1.7754814775505012,0.165931504790659
1406.0,megafon,x,7,49,1.430181613879329,0.0416764428125515,1.1264162307266534,0.0284744104201499
1407.0,megafon,x_log,7,49,1.2815358224779163,0.0410463295009691,1.1062097207007662,0.013843976210882
1408.0,megafon,r,7,49,1.4243828565065992,0.0418554645678105,1.1492818277823458,0.0245387011811075
1409.0,megafon,r_log,7,49,1.285798192189193,0.0408044239763104,1.0941562601153003,0.0113431068866553
1410.0,megafon,dr_diff,7,49,1.4673368161595717,0.0394776438058463,2.157487059052211,0.2527723263291729
1411.0,megafon,s,8,50,1.4695575019576428,0.0401982465050662,1.1475447340156075,0.0258141509177046
1412.0,megafon,t,8,50,1.5749006136516026,0.0416345385286892,1.0881994855023425,0.0252426157191737
1413.0,megafon,q,8,50,1.2590006709817425,0.0407410387595497,1.0968731304969652,0.0206443888851878
1414.0,megafon,q_simple,8,50,1.269508066277217,0.0408711802343283,1.0987904767644798,0.0194573197898839
1415.0,megafon,drt_log,8,50,1.2046895748573234,0.0404070355244696,1.1804553528297017,0.056459051311969
1416.0,megafon,drs_log,8,50,1.2224143269859469,0.0405182837809864,1.1471917412607808,0.0374415121021854
1417.0,megafon,drq_log,8,50,1.2433883401195482,0.0408523848863692,1.1214058771627895,0.0335959466937588
1418.0,megafon,drt_direct,8,50,1.22586353252632,0.0313484115615434,2.394648052152939,0.3151406626957121
1419.0,megafon,drs_direct,8,50,1.1742623898123428,0.0297101003829193,2.1900706492192854,0.2684559085043901
1420.0,megafon,drq_direct,8,50,1.1648320005962638,0.0299518298755999,2.175270616736239,0.2639224553978957
1421.0,megafon,drq_simple_log,8,50,1.2086269872732405,0.0400658440675032,1.0952493172553843,0.0148274470063913
1422.0,megafon,drq_simple_direct,8,50,1.168881727130908,0.0318141880445157,1.706550321100296,0.1562466257793505
1423.0,megafon,x,8,50,1.4806088303545513,0.0408214702074143,1.1479335289245076,0.0240430148195408
1424.0,megafon,x_log,8,50,1.279782294185004,0.040219773649261,1.0866732808389097,0.0112751320640387
1425.0,megafon,r,8,50,1.4735994746713277,0.0411357584540243,1.1508003246161254,0.0259988477394945
1426.0,megafon,r_log,8,50,1.2998098362472732,0.0400827583330814,1.0811167799092989,0.0101458383085268
1427.0,megafon,dr_diff,8,50,1.53336015985211,0.0390270989512231,2.104401677378287,0.248081045205848
1428.0,megafon,s,9,51,1.5298626650092344,0.0421455728147073,1.1997846105676837,0.0238915314408532
1429.0,megafon,t,9,51,1.6074767382881836,0.0436868364543939,1.109529727314294,0.0260771487489199
1430.0,megafon,q,9,51,1.282472961137214,0.0417558580115579,1.1438615330208666,0.0180683077037774
1431.0,megafon,q_simple,9,51,1.295555564038072,0.0419653681667075,1.1423955807647392,0.0174368449809883
1432.0,megafon,drt_log,9,51,1.3104953656859606,0.0419688359452242,1.1743117455337817,0.0515332226738811
1433.0,megafon,drs_log,9,51,1.3192709669263831,0.0416150349476251,1.1555385163402738,0.036596342757803
1434.0,megafon,drq_log,9,51,1.3337151208847868,0.0420629502655658,1.1338822178028911,0.0310030394811714
1435.0,megafon,drt_direct,9,51,1.2787286020236488,0.0325269410727324,2.431553383528241,0.3142315613764192
1436.0,megafon,drs_direct,9,51,1.230515159090361,0.0311835479848157,2.2629660279443624,0.2740682970943574
1437.0,megafon,drq_direct,9,51,1.2343237634932058,0.0313199760268099,2.2211782188940323,0.264274125843196
1438.0,megafon,drq_simple_log,9,51,1.2848810444064085,0.0416433816361597,1.1376398073950391,0.0139721334206438
1439.0,megafon,drq_simple_direct,9,51,1.1947056877072262,0.0330294917443284,1.7752810869250688,0.162255458716453
1440.0,megafon,x,9,51,1.5117214902359173,0.0432788169558199,1.134490449442301,0.027364251342753
1441.0,megafon,x_log,9,51,1.3405348006743425,0.0422079684546912,1.1167159863293996,0.0126170842865902
1442.0,megafon,r,9,51,1.5062835452501848,0.0429855964615694,1.154689981512727,0.027091892856926
1443.0,megafon,r_log,9,51,1.347914103867082,0.0418717679817008,1.116126038558822,0.0116477055872191
1444.0,megafon,dr_diff,9,51,1.5418751937087791,0.0411097269473336,2.13304125392712,0.2511842341361873
1445.0,megafon,s,10,52,1.4155241777876386,0.041836709663762,1.184430898634561,0.0248304586575714
1446.0,megafon,t,10,52,1.5595679038873034,0.0439298491295287,1.0914554902870537,0.0263270072866379
1447.0,megafon,q,10,52,1.2698911692374748,0.0408900426630907,1.1368189761481815,0.0194603973321847
1448.0,megafon,q_simple,10,52,1.2739886100717583,0.0408997783254926,1.1315557687485356,0.0208711790718465
1449.0,megafon,drt_log,10,52,1.2804376351774496,0.0415988003548521,1.1722933969178717,0.0497440543554408
1450.0,megafon,drs_log,10,52,1.2447291142419632,0.041191622315897,1.1411268276877031,0.034177448412446
1451.0,megafon,drq_log,10,52,1.304508578048169,0.0413547345382325,1.132045917218227,0.0282762031790753
1452.0,megafon,drt_direct,10,52,1.263066797066673,0.031081793973156,2.4043254568172685,0.3131781279160109
1453.0,megafon,drs_direct,10,52,1.223532623590735,0.0299297041989327,2.2264459492761417,0.2698039849158244
1454.0,megafon,drq_direct,10,52,1.2239019064822407,0.029981310337517,2.18645508503808,0.2606492465575328
1455.0,megafon,drq_simple_log,10,52,1.2395068580750286,0.0408219135592204,1.1095570299752076,0.0171709598087039
1456.0,megafon,drq_simple_direct,10,52,1.180979926902882,0.0323390529154752,1.742724150276678,0.157155408030263
1457.0,megafon,x,10,52,1.483273763684397,0.0430732238531818,1.154892189207562,0.0265568628118812
1458.0,megafon,x_log,10,52,1.33332708064675,0.0413763782287261,1.112861444123682,0.0138972331123972
1459.0,megafon,r,10,52,1.495347926961523,0.0433225895359343,1.14190920268611,0.0252347454275708
1460.0,megafon,r_log,10,52,1.3115701190587303,0.0411780748751795,1.106786099212499,0.0126426147487823
1461.0,megafon,dr_diff,10,52,1.5294150258750503,0.0400525733272525,2.1100392620955697,0.2501318445993545
1462.0,megafon,s,11,53,1.4289760216814913,0.0422165247206257,1.1736968854938443,0.0229369501570357
1463.0,megafon,t,11,53,1.5331829199136675,0.04374799683765,1.096460090589631,0.0252060054547616
1464.0,megafon,q,11,53,1.2012038492511952,0.0407125506125192,1.1200179432533148,0.0149201650187218
1465.0,megafon,q_simple,11,53,1.2135480643545624,0.0406664550751289,1.1313732248535269,0.0149916117648559
1466.0,megafon,drt_log,11,53,1.2266814700351725,0.0404104791116434,1.2061564902568005,0.060262320349125
1467.0,megafon,drs_log,11,53,1.221530677439762,0.0405238522963012,1.1660801496364703,0.0411633777163776
1468.0,megafon,drq_log,11,53,1.2352742751415886,0.0406348090235541,1.1385043079514936,0.0345236179213281
1469.0,megafon,drt_direct,11,53,1.2228067043592432,0.0310163769798881,2.469411561664588,0.3202155447963942
1470.0,megafon,drs_direct,11,53,1.1569203251265114,0.0295450377521663,2.266001226676396,0.2732246795143178
1471.0,megafon,drq_direct,11,53,1.1781655897121983,0.0296370767400991,2.253127047139573,0.2664431941740565
1472.0,megafon,drq_simple_log,11,53,1.2093288486602995,0.0407082621215321,1.1175497309298368,0.0130522346253385
1473.0,megafon,drq_simple_direct,11,53,1.1175997732998844,0.0321883832471897,1.8263843816814864,0.1621742069616046
1474.0,megafon,x,11,53,1.4581974944356069,0.0428124958148322,1.1166538129197612,0.0233486882951572
1475.0,megafon,x_log,11,53,1.279873075503056,0.041931689914667,1.117616441529422,0.0109714564330799
1476.0,megafon,r,11,53,1.4437650386009215,0.0426158039337582,1.1199315791630586,0.0229727080343672
1477.0,megafon,r_log,11,53,1.2617796648648685,0.0408259589476581,1.111708509746561,0.0095855518472262
1478.0,megafon,dr_diff,11,53,1.4827350063513889,0.0390544792870535,2.1640078088679195,0.2538667428735323
1479.0,megafon,s,12,54,1.40670123137588,0.0424432223827164,1.1765262267798526,0.02288131132895
1480.0,megafon,t,12,54,1.5402303743100114,0.0440774054688487,1.1197943227437783,0.026309594633656
1481.0,megafon,q,12,54,1.2559591681200584,0.0412371641058868,1.1350257533339956,0.0189627981664402
1482.0,megafon,q_simple,12,54,1.2716013404291118,0.0413852708931224,1.1423911315172957,0.0184953485289188
1483.0,megafon,drt_log,12,54,1.2370296253858315,0.0421975871709673,1.1810221590073704,0.0580848313710877
1484.0,megafon,drs_log,12,54,1.2309255123005298,0.0418206367445683,1.1707513289918436,0.0396696631272668
1485.0,megafon,drq_log,12,54,1.2638987871041003,0.0416459672576365,1.1320990482648068,0.0335028545166158
1486.0,megafon,drt_direct,12,54,1.2323004339966992,0.0324816227333511,2.4682514017961954,0.3178567411520681
1487.0,megafon,drs_direct,12,54,1.1942601244319204,0.0306509248273228,2.255256611692842,0.2740117486471344
1488.0,megafon,drq_direct,12,54,1.1894923340864112,0.0318457521384624,2.240970802141841,0.2666611159529822
1489.0,megafon,drq_simple_log,12,54,1.2393105850811523,0.041152953550011,1.1311710914814117,0.0159004954011784
1490.0,megafon,drq_simple_direct,12,54,1.1888589281719832,0.034091462920307,1.7543375302905848,0.1606759662485472
1491.0,megafon,x,12,54,1.4606786882160625,0.0432815557628615,1.1263835927799846,0.0248028554118584
1492.0,megafon,x_log,12,54,1.2923385217603045,0.0421003539509368,1.1267653514809517,0.0116622713402474
1493.0,megafon,r,12,54,1.460217760784294,0.0431611475440298,1.1465207355540872,0.0241009590849592
1494.0,megafon,r_log,12,54,1.28111351416545,0.0419749323331052,1.1217640676654916,0.0120515047993883
1495.0,megafon,dr_diff,12,54,1.5183080042266826,0.0406450538156292,2.128849291041821,0.2519826523340124
1496.0,megafon,s,13,55,1.3954647426485416,0.0422850753811004,1.178111137157941,0.0256450459356249
1497.0,megafon,t,13,55,1.5269653610708411,0.0440509364414236,1.101568231833849,0.0288885617492297
1498.0,megafon,q,13,55,1.1949688706995525,0.0411825228341024,1.148850596512561,0.0125622999857614
1499.0,megafon,q_simple,13,55,1.1975009050852,0.0411586500890969,1.1514473481941971,0.0156632605379663
1500.0,megafon,drt_log,13,55,1.2278262547811785,0.0416197311558266,1.196458602793504,0.0600516947722466
1501.0,megafon,drs_log,13,55,1.260616257930583,0.0415328045440723,1.1779197368878658,0.0459153371441363
1502.0,megafon,drq_log,13,55,1.2645614547817343,0.0419148558382539,1.1361583425317034,0.0405215479939036
1503.0,megafon,drt_direct,13,55,1.2248006637155482,0.0309170457074274,2.4860526665287725,0.3227053652228041
1504.0,megafon,drs_direct,13,55,1.1770420221477866,0.0298055593869156,2.302228013955701,0.2795331718294552
1505.0,megafon,drq_direct,13,55,1.1664027658983371,0.030542111818245,2.2791669313782013,0.2703146592188906
1506.0,megafon,drq_simple_log,13,55,1.1883909631655156,0.0415072532255392,1.115427961501271,0.0097013234021417
1507.0,megafon,drq_simple_direct,13,55,1.116122481901366,0.0327653156563571,1.850443472857524,0.1683864505652455
1508.0,megafon,x,13,55,1.4266604804496257,0.0432306642129833,1.1458856939709463,0.0264716475071741
1509.0,megafon,x_log,13,55,1.2856013889416584,0.0423891336823596,1.1279948188768485,0.0125831103787756
1510.0,megafon,r,13,55,1.4210561480468331,0.0430459854057173,1.1392125597949625,0.0241270844417387
1511.0,megafon,r_log,13,55,1.259058563265792,0.0418640208060119,1.1207257359689424,0.0110758715922406
1512.0,megafon,dr_diff,13,55,1.507765967099599,0.0396820694859319,2.152573042586443,0.2558546686897517
1513.0,megafon,s,14,56,1.4905533472680708,0.0436058056458294,1.1899921320157294,0.0290528927352133
1514.0,megafon,t,14,56,1.5786839964156767,0.0443574097178901,1.1076419771256385,0.0271299600886875
1515.0,megafon,q,14,56,1.2452173224749103,0.0399062418179477,1.140240534506968,0.0199011302265303
1516.0,megafon,q_simple,14,56,1.24594438067142,0.0398365342014977,1.1350065634065545,0.020301866801848
1517.0,megafon,drt_log,14,56,1.2926356709915512,0.0412801740888732,1.1596323084147406,0.0471955640511069
1518.0,megafon,drs_log,14,56,1.311097972999865,0.0414916248026153,1.1671946860167457,0.0347790347747092
1519.0,megafon,drq_log,14,56,1.2980926834855449,0.0416419845238259,1.11472076814767,0.0303230529602475
1520.0,megafon,drt_direct,14,56,1.2733159824710705,0.0317305585038593,2.45245585367158,0.3162311796904616
1521.0,megafon,drs_direct,14,56,1.2607398764750843,0.0305033401460326,2.255102197992278,0.272080821910851
1522.0,megafon,drq_direct,14,56,1.2388284335245554,0.0307321658109409,2.238988823300224,0.2656265409857822
1523.0,megafon,drq_simple_log,14,56,1.279604301437718,0.0417990085631952,1.133761791192803,0.015714753506632
1524.0,megafon,drq_simple_direct,14,56,1.1815371388320692,0.0327887859707404,1.7782054915180556,0.1595244541808618
1525.0,megafon,x,14,56,1.5135517874523157,0.0434920090446202,1.1484307838932883,0.0257956206370798
1526.0,megafon,x_log,14,56,1.3301628589977577,0.0420366714450192,1.114498646037512,0.0126470091389239
1527.0,megafon,r,14,56,1.486360951115376,0.0433468697043791,1.1509847975151597,0.0254396569596411
1528.0,megafon,r_log,14,56,1.3320592036165706,0.0416628187628713,1.1229967057128245,0.0140680698458616
1529.0,megafon,dr_diff,14,56,1.5595469116272953,0.0401804840519084,2.13083509792736,0.2516547848313584
1530.0,megafon,s,15,57,1.3664571241656869,0.0414742032004071,1.1779895733720749,0.0256828377387
1531.0,megafon,t,15,57,1.4883199396552482,0.0439963622895919,1.1120858854495883,0.0214245256001683
1532.0,megafon,q,15,57,1.171856583733079,0.0405041751315557,1.1103590177397462,0.0168453610972015
1533.0,megafon,q_simple,15,57,1.1734713992672876,0.0407454877544568,1.1241376805109309,0.0171575928224212
1534.0,megafon,drt_log,15,57,1.2386668715572255,0.0402261683176775,1.1648450973163238,0.0566843921273007
1535.0,megafon,drs_log,15,57,1.228291275604099,0.0398504709071914,1.157444808958245,0.0433232333865375
1536.0,megafon,drq_log,15,57,1.221971430356841,0.0402608754451889,1.1255197189613015,0.0371927433678275
1537.0,megafon,drt_direct,15,57,1.1972018027333642,0.0303672410062676,2.434051155133896,0.3176101226867408
1538.0,megafon,drs_direct,15,57,1.146736720221894,0.0286839909114132,2.256596431603045,0.2729110526531204
1539.0,megafon,drq_direct,15,57,1.139893890870498,0.0297949996500309,2.253785721743948,0.2673735326310943
1540.0,megafon,drq_simple_log,15,57,1.185894067185773,0.0406818203906657,1.1024724486740969,0.0129834559423408
1541.0,megafon,drq_simple_direct,15,57,1.11270431011827,0.0319378761247453,1.7921853297009964,0.1615020450563098
1542.0,megafon,x,15,57,1.4246200973152263,0.0429506909399996,1.1437946179883012,0.0231959566234877
1543.0,megafon,x_log,15,57,1.2644194804179325,0.0413034840584959,1.121509787494062,0.0090138350107966
1544.0,megafon,r,15,57,1.388648449535603,0.0423965306902256,1.1344645360649546,0.020076927428579
1545.0,megafon,r_log,15,57,1.2584328041627395,0.0410151907211271,1.1191114158374882,0.0090863033935235
1546.0,megafon,dr_diff,15,57,1.4760374784305006,0.0394496545769529,2.145522049751018,0.253069662865122
1547.0,megafon,s,16,58,1.4171312786943309,0.0398886984203747,1.1733015702514815,0.0241793197007067
1548.0,megafon,t,16,58,1.5226358500997523,0.04180056710223,1.091486496088811,0.0244495442578616
1549.0,megafon,q,16,58,1.195082346547726,0.0398749246185435,1.1224435976270504,0.0201946882614792
1550.0,megafon,q_simple,16,58,1.1991519611222838,0.0400435790807188,1.1321632270345776,0.0207482775830612
1551.0,megafon,drt_log,16,58,1.2364537169446803,0.0393589249863493,1.1663203480633155,0.0490880508883948
1552.0,megafon,drs_log,16,58,1.2511154063731935,0.0397186151073014,1.156586495823711,0.0366366733830882
1553.0,megafon,drq_log,16,58,1.282244101795874,0.0400863682789005,1.127891291974362,0.0322179635915569
1554.0,megafon,drt_direct,16,58,1.2308195122285843,0.0298735182736832,2.3211889828904337,0.3109780100193401
1555.0,megafon,drs_direct,16,58,1.216008513016791,0.0285700832693743,2.145615035052105,0.2706205993381991
1556.0,megafon,drq_direct,16,58,1.1879972231596756,0.029492888005898,2.145042060443328,0.2633466091700612
1557.0,megafon,drq_simple_log,16,58,1.1878295200949738,0.0392946278858966,1.100468317764514,0.0154477853885233
1558.0,megafon,drq_simple_direct,16,58,1.12833007967181,0.0315558914367452,1.7201633217434134,0.1587054028031564
1559.0,megafon,x,16,58,1.459953840991267,0.0408577820202265,1.1471574293429498,0.0243058701413815
1560.0,megafon,x_log,16,58,1.2743332909975036,0.0403074659272839,1.105075304081212,0.012218564747082
1561.0,megafon,r,16,58,1.4232592348874953,0.0403760619285063,1.1478453197019984,0.0241668585392261
1562.0,megafon,r_log,16,58,1.2696078233164532,0.0403281340939646,1.1035447136568737,0.0125124345096849
1563.0,megafon,dr_diff,16,58,1.5311943498796,0.0380891418856497,2.090173677554496,0.2478346275362976
1564.0,megafon,s,17,59,1.4322821976505775,0.0411079568192586,1.159718254419885,0.021016057057948
1565.0,megafon,t,17,59,1.5642638449506905,0.0426818418357291,1.1081496529847754,0.0242763173993129
1566.0,megafon,q,17,59,1.2401400429990277,0.0396644902788222,1.1252886440121932,0.0200272223315922
1567.0,megafon,q_simple,17,59,1.2498637895223212,0.0397740648177377,1.1308840713241817,0.0197207558848304
1568.0,megafon,drt_log,17,59,1.265303360513402,0.0404781176836717,1.164098942560666,0.0562173872845061
1569.0,megafon,drs_log,17,59,1.247405041219547,0.0401354849610531,1.142846306766882,0.0374455129313954
1570.0,megafon,drq_log,17,59,1.2417145867930484,0.0402478243025344,1.0995182088838922,0.0370576125596637
1571.0,megafon,drt_direct,17,59,1.238213529258053,0.0317903341767363,2.4395018761928084,0.3167478888467658
1572.0,megafon,drs_direct,17,59,1.1927865759064638,0.0304889756673776,2.2509967999071208,0.2723223355266696
1573.0,megafon,drq_direct,17,59,1.1882299525312543,0.0309201791248648,2.2235719272361925,0.26395877167445
1574.0,megafon,drq_simple_log,17,59,1.2565084325953997,0.0405363693950529,1.1221357464758115,0.0190675643330435
1575.0,megafon,drq_simple_direct,17,59,1.1357024661436443,0.0321829314569084,1.7419872220672594,0.1563441177986661
1576.0,megafon,x,17,59,1.4832924739556264,0.0414702875743632,1.1503211147382095,0.0311107142442337
1577.0,megafon,x_log,17,59,1.2982606990159256,0.0403686740779557,1.1109563134070168,0.0129893641853458
1578.0,megafon,r,17,59,1.4800790725792052,0.041588005555075,1.1738004029079134,0.0292912645384393
1579.0,megafon,r_log,17,59,1.306064879626883,0.0401303598648107,1.1231561408901356,0.0125986884850722
1580.0,megafon,dr_diff,17,59,1.5636055036550278,0.0392536348429864,2.104368655125119,0.2498745857455973
1581.0,megafon,s,18,60,1.48027950627216,0.0419973484506271,1.1899177114258683,0.0213392462591732
1582.0,megafon,t,18,60,1.5796038448617886,0.043136880630109,1.1118320129694408,0.0248519952608428
1583.0,megafon,q,18,60,1.2211821882591685,0.0404307870661102,1.122727563616556,0.0175672401882617
1584.0,megafon,q_simple,18,60,1.2583695781386588,0.0407017565076478,1.1401271835627511,0.0205000023794555
1585.0,megafon,drt_log,18,60,1.3107054892393588,0.040945545675559,1.176368920533169,0.0548733764839448
1586.0,megafon,drs_log,18,60,1.2662698636831191,0.0406516558088373,1.1612988883406978,0.0371854867341369
1587.0,megafon,drq_log,18,60,1.298535602534565,0.0413540880630837,1.1208303554567929,0.0313152576407654
1588.0,megafon,drt_direct,18,60,1.2610026494247744,0.0317904233806696,2.453332799828251,0.3187924977860109
1589.0,megafon,drs_direct,18,60,1.2297921352217491,0.030207480665786,2.2467492847555817,0.273096402618311
1590.0,megafon,drq_direct,18,60,1.2293925320426848,0.0307004217076115,2.244535411017782,0.2651755465281859
1591.0,megafon,drq_simple_log,18,60,1.279130907295316,0.0409321275137284,1.1331040328082609,0.0175776429088214
1592.0,megafon,drq_simple_direct,18,60,1.1984172278500909,0.0331658516409497,1.7891738918314632,0.1601451952114205
1593.0,megafon,x,18,60,1.5247618803164107,0.042845605502739,1.152824516476764,0.026459790545075
1594.0,megafon,x_log,18,60,1.3514211830809044,0.041156512463468,1.128919792202577,0.0121392414019606
1595.0,megafon,r,18,60,1.521292176338584,0.0426106221045845,1.1592812488380264,0.0266348777878906
1596.0,megafon,r_log,18,60,1.331335665134596,0.0409628209267638,1.1252188210147158,0.0097660422475875
1597.0,megafon,dr_diff,18,60,1.5418836847669342,0.0400361307361846,2.1153099404112985,0.2521291199280485
1598.0,megafon,s,19,61,1.4570492487963147,0.0425955014820195,1.1966883172259355,0.0234091942873126
1599.0,megafon,t,19,61,1.5408822148413428,0.044034505966287,1.099025064119804,0.0232876899722616
1600.0,megafon,q,19,61,1.1774402677914857,0.0409771239812772,1.1591498137795244,0.0199439202718935
1601.0,megafon,q_simple,19,61,1.174370512164666,0.0408906688380692,1.1596905472944925,0.0207610658885802
1602.0,megafon,drt_log,19,61,1.2567916979600184,0.0414634092683846,1.190456458002379,0.0541734128264029
1603.0,megafon,drs_log,19,61,1.238496371673937,0.0408057690390083,1.1868129425374492,0.040276795168389
1604.0,megafon,drq_log,19,61,1.2346588559945366,0.0410888291711888,1.152371263454193,0.0337818973321568
1605.0,megafon,drt_direct,19,61,1.2265926326039134,0.0302553513460006,2.469297896739316,0.3175583636034877
1606.0,megafon,drs_direct,19,61,1.1837688820349443,0.0288504029598054,2.2716267441028606,0.2764144280400635
1607.0,megafon,drq_direct,19,61,1.1663458286321386,0.0289782862935278,2.248026941461388,0.2665782694703889
1608.0,megafon,drq_simple_log,19,61,1.168627817571552,0.0401480663316644,1.1535320844356758,0.0143449679866303
1609.0,megafon,drq_simple_direct,19,61,1.0966787231345672,0.0307933818635486,1.7808893248391091,0.1621034863726395
1610.0,megafon,x,19,61,1.474339204269894,0.0430820654096867,1.1593859272392932,0.0251917254649231
1611.0,megafon,x_log,19,61,1.2922592908245552,0.0417583746492535,1.1390087192073215,0.0098757989706881
1612.0,megafon,r,19,61,1.4562328974486758,0.0431407418240196,1.1560077271922655,0.0212049039305657
1613.0,megafon,r_log,19,61,1.280110896802188,0.0418833699835397,1.1398497215315626,0.0119144067522302
1614.0,megafon,dr_diff,19,61,1.5562808070349503,0.0397438682794216,2.1370099685280106,0.2522262862482049
1615.0,megafon,s,20,62,1.3897651499823496,0.0411370607745296,1.1624070677423903,0.0227107733344037
1616.0,megafon,t,20,62,1.4703813602297202,0.0423512886310314,1.09865494021188,0.0242829428422589
1617.0,megafon,q,20,62,1.234416927998499,0.041463776459707,1.1130529224392989,0.0167880043986676
1618.0,megafon,q_simple,20,62,1.2192495997704016,0.0412484919936437,1.1157543656530786,0.017693423808734
1619.0,megafon,drt_log,20,62,1.2255749215707874,0.0411799758723783,1.1583379985536644,0.053523697997624
1620.0,megafon,drs_log,20,62,1.2428623891437354,0.0409303263483301,1.1506639631664093,0.0411435451158287
1621.0,megafon,drq_log,20,62,1.2365027516457856,0.0408881961433598,1.1130742019883826,0.0323534712090934
1622.0,megafon,drt_direct,20,62,1.2149560564853543,0.0308435282530105,2.413972199895168,0.3156314877315926
1623.0,megafon,drs_direct,20,62,1.179309106366982,0.0292388859092713,2.259328137037979,0.2751214992282084
1624.0,megafon,drq_direct,20,62,1.180694578172396,0.029665386462251,2.21240141433444,0.2673720073583581
1625.0,megafon,drq_simple_log,20,62,1.215237490063355,0.0410685727586606,1.107437235049572,0.0158714184233938
1626.0,megafon,drq_simple_direct,20,62,1.1567619335860095,0.0315073515466102,1.7394252307362827,0.1610106038789862
1627.0,megafon,x,20,62,1.418278630568817,0.0417152463578249,1.1502689848878471,0.0261932364185245
1628.0,megafon,x_log,20,62,1.260959313322979,0.0416815450737133,1.1162088616780057,0.0130107226014269
1629.0,megafon,r,20,62,1.3997920345420305,0.0412754612091131,1.1414794621856297,0.0223803414406663
1630.0,megafon,r_log,20,62,1.2623702436183406,0.0410164936671131,1.1055876381857437,0.0090554634828512
1631.0,megafon,dr_diff,20,62,1.4920799486703755,0.03943680525946,2.133165676794946,0.2523257368312727
1632.0,megafon,s,21,63,1.4501695287388092,0.0407010486587233,1.1694441501536863,0.0237597730437478
1633.0,megafon,t,21,63,1.5282825363773445,0.0423845972619674,1.078913394329043,0.0239862393205902
1634.0,megafon,q,21,63,1.1940242307406386,0.0393017284443789,1.1083227502472432,0.01692963218634
1635.0,megafon,q_simple,21,63,1.2048750760830205,0.0391913873384523,1.115562548959357,0.0193260914335333
1636.0,megafon,drt_log,21,63,1.235815297401224,0.039789019491793,1.1962560824291852,0.0569467776423814
1637.0,megafon,drs_log,21,63,1.2581001209952545,0.0395562597754859,1.1925815347587216,0.0427062999356877
1638.0,megafon,drq_log,21,63,1.2208975035666312,0.0394778359052905,1.1610841062566966,0.0349987656812195
1639.0,megafon,drt_direct,21,63,1.22742404728939,0.0291755753044961,2.3873420868962167,0.3198635748161124
1640.0,megafon,drs_direct,21,63,1.226818277806146,0.0283634009382974,2.2178390167623943,0.2782178775097548
1641.0,megafon,drq_direct,21,63,1.172704702684854,0.0285978069197218,2.1927550640498,0.2689265214674812
1642.0,megafon,drq_simple_log,21,63,1.2432493904136817,0.0399462830149408,1.1051158186831278,0.0111864366330645
1643.0,megafon,drq_simple_direct,21,63,1.0915673532856691,0.0303294834354815,1.739844943806771,0.1622234364906613
1644.0,megafon,x,21,63,1.454894487469011,0.0411499985940627,1.1216949838477617,0.0236014863457595
1645.0,megafon,x_log,21,63,1.2878299438686234,0.0404486396983264,1.0867043531541072,0.0112720650099916
1646.0,megafon,r,21,63,1.4123086490037926,0.0408744902842977,1.14762370326388,0.0229355752438538
1647.0,megafon,r_log,21,63,1.279195205064431,0.0398746862778623,1.0886430473091508,0.007736241960529
1648.0,megafon,dr_diff,21,63,1.5107885648219053,0.0384977452517598,2.114157079078286,0.2527983828487744
1649.0,megafon,s,22,64,1.4803099003591758,0.0426376222981763,1.1918273751434478,0.020894231099819
1650.0,megafon,t,22,64,1.5888662938511215,0.0434998520340364,1.1180942197541148,0.0222638620860144
1651.0,megafon,q,22,64,1.223479587389842,0.0393637355339953,1.1310354090904728,0.0177495977122594
1652.0,megafon,q_simple,22,64,1.2446833640278383,0.0395648712986443,1.141100183469065,0.0179330370862757
1653.0,megafon,drt_log,22,64,1.3037921776710442,0.0408835278263877,1.1768094215636915,0.0521683116521967
1654.0,megafon,drs_log,22,64,1.3145581904567014,0.0408645875593249,1.1606642945360015,0.0361680851415478
1655.0,megafon,drq_log,22,64,1.3309227657334208,0.0407355215538687,1.1403360649827483,0.0321656653457116
1656.0,megafon,drt_direct,22,64,1.319474352776798,0.0315991835692449,2.421489666768888,0.314818766853401
1657.0,megafon,drs_direct,22,64,1.2532717125821025,0.0297727903861741,2.234335100093992,0.2715671761791756
1658.0,megafon,drq_direct,22,64,1.2021808928365534,0.0289568966228504,2.193716637305137,0.2638473435295781
1659.0,megafon,drq_simple_log,22,64,1.2970165830772906,0.0406143128384447,1.1272692035752132,0.0155008537210639
1660.0,megafon,drq_simple_direct,22,64,1.1832920509885605,0.0317922898019834,1.7579650429536715,0.1606495473946379
1661.0,megafon,x,22,64,1.5042747927691362,0.042551887058109,1.1390639114581596,0.0211422644581473
1662.0,megafon,x_log,22,64,1.3471818394415722,0.0421281412443201,1.1327665682272852,0.012994240004491
1663.0,megafon,r,22,64,1.486411943081317,0.0426517044085206,1.139229840931162,0.0223490342107748
1664.0,megafon,r_log,22,64,1.3229168312221748,0.0419518704337618,1.12143374074296,0.0136901519562972
1665.0,megafon,dr_diff,22,64,1.544242089638022,0.0391867231142935,2.127092160763323,0.2513534294799396
1666.0,megafon,s,23,65,1.4087883257208138,0.0416286066719,1.1934147815796463,0.0276588782975226
1667.0,megafon,t,23,65,1.5616346090218585,0.043381367370084,1.1112366203722,0.0304068269910949
1668.0,megafon,q,23,65,1.3099335477163625,0.0417319128686007,1.146837136711648,0.0144413075913965
1669.0,megafon,q_simple,23,65,1.3306556315047464,0.0418342531480327,1.1412723307759125,0.0164068149384237
1670.0,megafon,drt_log,23,65,1.256431261671759,0.0413387830425885,1.2146385953773142,0.0640963404591606
1671.0,megafon,drs_log,23,65,1.2722118797577529,0.0411780075092594,1.1852020116349948,0.0416534856937269
1672.0,megafon,drq_log,23,65,1.2815708542390205,0.0412308931792349,1.1412335364005894,0.0356040485042106
1673.0,megafon,drt_direct,23,65,1.2630528260856535,0.0311635912322203,2.5162617924148387,0.3247180267116524
1674.0,megafon,drs_direct,23,65,1.197719103512339,0.0299918280034672,2.3249044545866173,0.2795040262774336
1675.0,megafon,drq_direct,23,65,1.220058582397798,0.0306011279328958,2.287079578065695,0.2686005535238052
1676.0,megafon,drq_simple_log,23,65,1.2929131196119783,0.0418174017749226,1.1363996212752443,0.0166282849269108
1677.0,megafon,drq_simple_direct,23,65,1.1861372113776103,0.0326277717595095,1.827515773951092,0.1623371912727871
1678.0,megafon,x,23,65,1.4447361102409304,0.042349094422539,1.1435829811630536,0.031667543604528
1679.0,megafon,x_log,23,65,1.3265752490774103,0.041864232157112,1.131350083843076,0.0118397156408912
1680.0,megafon,r,23,65,1.4168024676119768,0.0421353466291178,1.138846026786194,0.028472430646252
1681.0,megafon,r_log,23,65,1.2999715432175245,0.0417396722330929,1.1093320130998523,0.0100948114152269
1682.0,megafon,dr_diff,23,65,1.466197831730593,0.0396939728607668,2.168370477951889,0.2552600358978524
1683.0,megafon,s,24,66,1.3907948868441005,0.0407474414264242,1.1307314315928128,0.0292092125118743
1684.0,megafon,t,24,66,1.4626168428001027,0.0420941223990223,1.088927461762499,0.0302240821833722
1685.0,megafon,q,24,66,1.2264277406949975,0.0401859174697681,1.1071510534574531,0.0103141684851945
1686.0,megafon,q_simple,24,66,1.233604309636931,0.0401971749171421,1.1148082229859198,0.0131030250733448
1687.0,megafon,drt_log,24,66,1.2140423024808906,0.0404588232277008,1.211206300008795,0.0603406867442584
1688.0,megafon,drs_log,24,66,1.223872284856729,0.039766194085059,1.193940115158046,0.0444247615035757
1689.0,megafon,drq_log,24,66,1.2156224832984095,0.0403999792956126,1.165573503592472,0.0405899904706238
1690.0,megafon,drt_direct,24,66,1.2127552144464109,0.0299753972460269,2.458366037991864,0.3195778016747608
1691.0,megafon,drs_direct,24,66,1.1553016031298005,0.0282262696920708,2.2816931585808367,0.2809741552354952
1692.0,megafon,drq_direct,24,66,1.1530746944612176,0.0289947251238544,2.2730703363661258,0.2738953043308185
1693.0,megafon,drq_simple_log,24,66,1.1909245915582756,0.0403184771764473,1.0941426948309518,0.0102905674005653
1694.0,megafon,drq_simple_direct,24,66,1.1047058815142194,0.0309163986174255,1.7855448443988564,0.1672690735437712
1695.0,megafon,x,24,66,1.3970241391265643,0.0415871149060586,1.129117938720708,0.0271258247320751
1696.0,megafon,x_log,24,66,1.2763355787651025,0.0402539034559646,1.1031004422158637,0.0096004009875031
1697.0,megafon,r,24,66,1.3619226396472994,0.041247066703669,1.1457677266995074,0.0253960069193017
1698.0,megafon,r_log,24,66,1.2826179936526394,0.0399319021221843,1.1047720527886356,0.0106547798324675
1699.0,megafon,dr_diff,24,66,1.4611468398654237,0.0387948664745558,2.187104807632086,0.256287464955846
1700.0,x5_retail,s,0,42,0.0668832435343795,0.0029488206327471,1.0280009067404217,0.0135853518939521
1701.0,x5_retail,t,0,42,0.0491167412522213,0.0024410944832278,1.0566010118238605,0.0255454288434782
1702.0,x5_retail,q,0,42,0.0330223170362082,0.0022537759084785,1.0785391980322605,0.0314213384899888
1703.0,x5_retail,q_simple,0,42,0.0352718660283108,0.0010172741708068,1.07019872364528,0.036182344513824
1704.0,x5_retail,drt_log,0,42,0.0744500010551878,0.0043386675561884,1.0485707674871874,0.0176572476507595
1705.0,x5_retail,drs_log,0,42,0.0675945477430184,0.0043459784589454,1.0625883494431918,0.0191893726301381
1706.0,x5_retail,drq_log,0,42,0.0749383037135358,0.0034995985219785,1.054116727079035,0.0199531775108719
1707.0,x5_retail,drt_direct,0,42,0.0720887566523005,0.0036120361563288,1.3352588241986625,0.1745398925921323
1708.0,x5_retail,drs_direct,0,42,0.0716769503652248,0.003037467118933,1.3263301353220998,0.1703524937877105
1709.0,x5_retail,drq_direct,0,42,0.072225460582538,0.0032166768096726,1.3313842124706343,0.1713006099254875
1710.0,x5_retail,drq_simple_log,0,42,0.038367479416294,0.0019466040780706,1.0625470192255173,0.0294073692960031
1711.0,x5_retail,drq_simple_direct,0,42,0.055880857844494,0.0002280876027589,1.5154075805616307,0.323257601082668
1712.0,x5_retail,x,0,42,0.0625670001345874,0.0033016509631647,1.0333967545467777,0.0158723928224551
1713.0,x5_retail,x_log,0,42,0.0600525069033162,0.0026168633640237,1.0320382205087626,0.014630820194135
1714.0,x5_retail,r,0,42,0.0746211592598669,0.0034186487592437,1.0346345999479076,0.0144156007412693
1715.0,x5_retail,r_log,0,42,0.0736347830157533,0.0043829459848317,1.0336028808199662,0.0130379489693276
1716.0,x5_retail,dr_diff,0,42,0.0629307991626551,0.0034433752911719,1.656183201257171,0.3706802215904312
1717.0,x5_retail,s,1,43,0.0537419958505651,0.0026370217302671,1.0462042375117937,0.0125927117301735
1718.0,x5_retail,t,1,43,0.0360834151670734,-0.0012579529179725,1.0653328132578663,0.0267837982731523
1719.0,x5_retail,q,1,43,0.0211926381865239,0.0021655353906285,1.0744091675772942,0.0393766896618029
1720.0,x5_retail,q_simple,1,43,0.019310396519115,-0.0004196626180415,1.075247711402704,0.0342670689846196
1721.0,x5_retail,drt_log,1,43,0.0487571781617108,0.0038762779764175,1.0591657227606024,0.0211762530991055
1722.0,x5_retail,drs_log,1,43,0.0486643549180552,0.0052754114233708,1.0506701990234022,0.0214715185024332
1723.0,x5_retail,drq_log,1,43,0.0458406576927004,0.0033549745453694,1.0552135293688538,0.0230774165349002
1724.0,x5_retail,drt_direct,1,43,0.0476402243806737,0.0015760366535941,1.3620475112798591,0.1833640801185029
1725.0,x5_retail,drs_direct,1,43,0.0550277150166809,0.0011960885657732,1.3540857354526297,0.1794031239851309
1726.0,x5_retail,drq_direct,1,43,0.0498984519875163,0.0011445612988879,1.3604996388455834,0.181616047109787
1727.0,x5_retail,drq_simple_log,1,43,0.0331468520511573,0.0016286326301369,1.0652839939150174,0.0327496219147978
1728.0,x5_retail,drq_simple_direct,1,43,0.0436780097060103,0.0009449068382912,1.551261569884609,0.3381120675309607
1729.0,x5_retail,x,1,43,0.0491131578599968,0.003680674566841,1.0338321406418731,0.0159852135646061
1730.0,x5_retail,x_log,1,43,0.0415933323060357,0.0019348106919854,1.0386135053137648,0.0169489755042732
1731.0,x5_retail,r,1,43,0.0492406299232535,0.0053236609456917,1.0450261335220468,0.0165672503470452
1732.0,x5_retail,r_log,1,43,0.0412785638103612,0.0022525251182042,1.034807437251423,0.0138523142981142
1733.0,x5_retail,dr_diff,1,43,0.0487234097153355,0.0022925132390244,1.6883610628926378,0.3777171128721631
1734.0,x5_retail,s,2,44,0.0652694094190617,0.0043404614741331,1.0142628629011174,0.0089298838674936
1735.0,x5_retail,t,2,44,0.0474233466418871,0.0011448540039575,1.0591028014209611,0.031524880401604
1736.0,x5_retail,q,2,44,0.0248855683418429,0.0002133360993715,1.075151955306504,0.0376271442767351
1737.0,x5_retail,q_simple,2,44,0.0278868529660947,-0.0008886579729903,1.0737827518131804,0.0339848184072676
1738.0,x5_retail,drt_log,2,44,0.0595317900499245,0.0034685470632866,1.0495523077422004,0.0166252530767779
1739.0,x5_retail,drs_log,2,44,0.0608461245768581,0.0023963187819627,1.044497707228932,0.0185931231975095
1740.0,x5_retail,drq_log,2,44,0.0521135791609892,0.0019743763028664,1.0527140533148611,0.0142298232437977
1741.0,x5_retail,drt_direct,2,44,0.0683941735523134,0.0026518648366018,1.3405628803768526,0.1761994919502325
1742.0,x5_retail,drs_direct,2,44,0.0652550146285821,0.0029912930822291,1.3330777339447422,0.1729207521730449
1743.0,x5_retail,drq_direct,2,44,0.0675366062749081,0.0031525790550554,1.3392821677648978,0.1755202830647853
1744.0,x5_retail,drq_simple_log,2,44,0.0285556992288005,-0.0009236748196218,1.0662412558914371,0.033899725489753
1745.0,x5_retail,drq_simple_direct,2,44,0.0378867398919677,-0.0005389066982158,1.531678434638617,0.3301663897642857
1746.0,x5_retail,x,2,44,0.0513179754463275,0.0034656225343605,1.0475240626045494,0.0176783822358042
1747.0,x5_retail,x_log,2,44,0.0582435445494953,0.0022980416021257,1.033009266715162,0.0193054810726849
1748.0,x5_retail,r,2,44,0.0439311203443668,0.0014794146038229,1.048276744662767,0.0199189023890913
1749.0,x5_retail,r_log,2,44,0.0648913002462405,0.0034441919489642,1.0325180398041311,0.0113570441122737
1750.0,x5_retail,dr_diff,2,44,0.0716551500796478,0.0034713070219225,1.6634998384073911,0.3721134804411428
1751.0,x5_retail,s,3,45,0.0848545225733889,0.0038144387115228,1.0139806757044367,0.0110704410971029
1752.0,x5_retail,t,3,45,0.0637909191685093,0.0004970715966973,1.0443332911348575,0.0172375053070412
1753.0,x5_retail,q,3,45,0.0318084531819806,0.0008289968056237,1.0724146774144907,0.0374880447173727
1754.0,x5_retail,q_simple,3,45,0.0272948906516392,-0.0036692145998891,1.0854962779660806,0.0382551734748
1755.0,x5_retail,drt_log,3,45,0.0641586058169938,0.0015772413567604,1.0474739026148694,0.0176656813275851
1756.0,x5_retail,drs_log,3,45,0.0673635884056431,0.0018359689347538,1.0555404769796843,0.0140614305532213
1757.0,x5_retail,drq_log,3,45,0.074222877654712,0.0006052513094751,1.046625175587239,0.0129923260138817
1758.0,x5_retail,drt_direct,3,45,0.0864545796177571,0.0027756516211383,1.3393124687737608,0.1779816584393165
1759.0,x5_retail,drs_direct,3,45,0.0921671450121106,0.0027066187476517,1.3325448223089902,0.1745484303476086
1760.0,x5_retail,drq_direct,3,45,0.0837968298189055,0.0026593541578338,1.335916645061444,0.1759128768367933
1761.0,x5_retail,drq_simple_log,3,45,0.0269520672426568,-0.0049546932618722,1.0819891636418897,0.0384007863246211
1762.0,x5_retail,drq_simple_direct,3,45,0.0629359044019364,-0.0004950190574397,1.536571843120574,0.332658384307584
1763.0,x5_retail,x,3,45,0.0753040417754755,0.0035447846374258,1.037536346562759,0.0162884084580047
1764.0,x5_retail,x_log,3,45,0.0818103518644248,0.0035244464460686,1.0243824487027853,0.0112351643550781
1765.0,x5_retail,r,3,45,0.059679352279756,0.0031356278299779,1.042457582461653,0.0148604984688648
1766.0,x5_retail,r_log,3,45,0.0795403859148202,0.0041015500609961,1.0184521859397608,0.0074421601363398
1767.0,x5_retail,dr_diff,3,45,0.0736305003175141,0.0018249742194067,1.665880367428318,0.3738892540275245
1768.0,x5_retail,s,4,46,0.0759526501865861,0.0035776944801052,1.025781767289896,0.0172392457831626
1769.0,x5_retail,t,4,46,0.0582770443380746,0.0033239052776839,1.0614251909021428,0.0285025032523872
1770.0,x5_retail,q,4,46,0.0287670691198549,0.0017355850645376,1.0722140147866253,0.034864374162913
1771.0,x5_retail,q_simple,4,46,0.0306447413172141,0.0022479147730196,1.0727746140492227,0.0358077355633602
1772.0,x5_retail,drt_log,4,46,0.0490475226301663,0.0024660082784305,1.068998337895747,0.0221813416805264
1773.0,x5_retail,drs_log,4,46,0.0276768384978705,0.0011022944125477,1.0669819880432063,0.0226773284915299
1774.0,x5_retail,drq_log,4,46,0.0390183778584156,0.0013386741865018,1.064574555424027,0.0249880573241295
1775.0,x5_retail,drt_direct,4,46,0.0630124930703699,0.0042218777473279,1.3593462748779588,0.1808355344568798
1776.0,x5_retail,drs_direct,4,46,0.0662795119690224,0.0038062061105234,1.3508619588929618,0.1766839574217606
1777.0,x5_retail,drq_direct,4,46,0.0576546132738635,0.004216049874558,1.3555942020665093,0.1784379390054223
1778.0,x5_retail,drq_simple_log,4,46,0.0367349141876358,0.0011972754412836,1.0677358040197835,0.0328470634679917
1779.0,x5_retail,drq_simple_direct,4,46,0.0495931597540055,-0.0007686396842485,1.5477456687917772,0.3395741266514168
1780.0,x5_retail,x,4,46,0.0608141538589785,0.0013929061248535,1.03858443534363,0.020109586891868
1781.0,x5_retail,x_log,4,46,0.0633126377450197,0.0046525423549547,1.044804813565952,0.0209047058715178
1782.0,x5_retail,r,4,46,0.0560537426243137,0.0022624129362181,1.0530995012265576,0.0257753168230474
1783.0,x5_retail,r_log,4,46,0.0674424827607063,0.003893871514748,1.0421196221693634,0.0169670452058725
1784.0,x5_retail,dr_diff,4,46,0.0533491315120699,0.003733087900801,1.68308916861704,0.3743694941862956
1785.0,x5_retail,s,5,47,0.0633162573449053,0.0026344549765911,1.024665975889587,0.0103499788188483
1786.0,x5_retail,t,5,47,0.0399536820011598,0.002333810577969,1.0640612096883535,0.0225063477827724
1787.0,x5_retail,q,5,47,0.0326670005313127,-0.0007699497581995,1.0781768877930495,0.0374371581583877
1788.0,x5_retail,q_simple,5,47,0.0228280574255279,-0.001036585427611,1.0738443773487816,0.038115654479496
1789.0,x5_retail,drt_log,5,47,0.0460569068908001,0.001448661055817,1.0603116477649073,0.0219242012593659
1790.0,x5_retail,drs_log,5,47,0.042822592599562,0.0035684393532235,1.0544704259222035,0.0202697610185543
1791.0,x5_retail,drq_log,5,47,0.0410398296177942,0.0015990221295481,1.0655208036441508,0.0244286065116905
1792.0,x5_retail,drt_direct,5,47,0.0559183235709839,8.181980860075266e-05,1.3540346093199462,0.182016155838584
1793.0,x5_retail,drs_direct,5,47,0.0599591669189891,0.0001019007395227,1.3466684215275682,0.1782467127932092
1794.0,x5_retail,drq_direct,5,47,0.0497161367576035,-0.0001160324201827,1.352722216689433,0.179240514844489
1795.0,x5_retail,drq_simple_log,5,47,0.0191503502321213,-0.0006468624442019,1.0673686746059938,0.0325860343346242
1796.0,x5_retail,drq_simple_direct,5,47,0.0349322771750677,0.0012091127250095,1.536510183198886,0.3315638955968854
1797.0,x5_retail,x,5,47,0.0492578271497015,0.002774907225443,1.0386055001214167,0.0144961517936797
1798.0,x5_retail,x_log,5,47,0.0609828388031896,0.0025518391374923,1.0351140593402763,0.0155991002581404
1799.0,x5_retail,r,5,47,0.0479820412603193,0.002156680347027,1.0519324326951154,0.0138647234456131
1800.0,x5_retail,r_log,5,47,0.056557701633205,0.0024756063553464,1.036119507296538,0.0165453380529994
1801.0,x5_retail,dr_diff,5,47,0.0551296515232144,0.0005639257459227,1.680799100747406,0.3754842458863001
1802.0,x5_retail,s,6,48,0.0837285702242722,0.0036929804090187,1.0230808737906714,0.0064661030350866
1803.0,x5_retail,t,6,48,0.0696484026888628,0.0012652120615011,1.057400236586882,0.0190240189472958
1804.0,x5_retail,q,6,48,0.0354623073308977,0.000109922704257,1.0827013006762745,0.0380061920389238
1805.0,x5_retail,q_simple,6,48,0.0208243344437935,-0.0004459144915643,1.0912511515337386,0.0457117257616685
1806.0,x5_retail,drt_log,6,48,0.0473824604466004,0.0014013107642025,1.0583095659247572,0.0176130174055416
1807.0,x5_retail,drs_log,6,48,0.0659418814041674,0.0020852713346411,1.051137274274827,0.0191365948583474
1808.0,x5_retail,drq_log,6,48,0.0588644249328909,-0.0001294546854743,1.0486423890932486,0.0181810204200224
1809.0,x5_retail,drt_direct,6,48,0.0879382684856067,0.0045146524002521,1.3333239342890464,0.1748594632461648
1810.0,x5_retail,drs_direct,6,48,0.0846005473551434,0.0046147361189036,1.326149721292585,0.1718840380216529
1811.0,x5_retail,drq_direct,6,48,0.0807879826870199,0.0043431574625595,1.3317157235626214,0.1728355155718454
1812.0,x5_retail,drq_simple_log,6,48,0.0173823124916343,-0.0007991643156586,1.077882116877938,0.0387896976799606
1813.0,x5_retail,drq_simple_direct,6,48,0.0477556016993887,-0.0033766603365744,1.539234070173373,0.3338923880576273
1814.0,x5_retail,x,6,48,0.0738110596667875,0.0021253449098542,1.028944005839994,0.0175976101472473
1815.0,x5_retail,x_log,6,48,0.0831466669693783,0.0025316762290515,1.030247805100848,0.0164833831230955
1816.0,x5_retail,r,6,48,0.071273529248484,0.003312837095362,1.0436798916149173,0.0193651067724511
1817.0,x5_retail,r_log,6,48,0.083641844806809,0.002828593010429,1.029525567260448,0.0147860565999577
1818.0,x5_retail,dr_diff,6,48,0.0929958840725282,0.0044076723976671,1.6541395575426514,0.3715881587472948
1819.0,x5_retail,s,7,49,0.0881787128421469,0.0042176091998826,1.0135653663029351,0.0124869637760627
1820.0,x5_retail,t,7,49,0.0604604988796315,0.0029382831863297,1.0534421726137229,0.0292927076057923
1821.0,x5_retail,q,7,49,0.0315813067112136,0.0010186461163411,1.067810496258044,0.0376655806902576
1822.0,x5_retail,q_simple,7,49,0.0303112319323528,0.0026094761262541,1.0678133973047377,0.0327548309696727
1823.0,x5_retail,drt_log,7,49,0.0627487503654049,0.0044777549031897,1.0486643808624505,0.0176748497466334
1824.0,x5_retail,drs_log,7,49,0.07078588190607,0.0043759317632984,1.0511683762808777,0.0161547440429686
1825.0,x5_retail,drq_log,7,49,0.063187506045788,0.0035484734143141,1.0459078101844097,0.0162730393258185
1826.0,x5_retail,drt_direct,7,49,0.093928282262294,0.0032676739606883,1.3513366493453556,0.1822833276150542
1827.0,x5_retail,drs_direct,7,49,0.1002610854305925,0.0033230930122874,1.3401082597358795,0.1785994276467484
1828.0,x5_retail,drq_direct,7,49,0.0901698685370775,0.0031412390025137,1.3457272595742238,0.1800330640108386
1829.0,x5_retail,drq_simple_log,7,49,0.0445216830455614,0.0050658658255741,1.06335427348609,0.0350093414000071
1830.0,x5_retail,drq_simple_direct,7,49,0.059165511473372,0.001680263684769,1.5328790651163977,0.334616310143286
1831.0,x5_retail,x,7,49,0.0744676969996172,0.0038464286540305,1.0303071539865811,0.0167829037284202
1832.0,x5_retail,x_log,7,49,0.0864459753976176,0.0039063516465258,1.029153090053083,0.0176459907277625
1833.0,x5_retail,r,7,49,0.0673286500343131,0.005444878995782,1.0388194912705688,0.0176392242881561
1834.0,x5_retail,r_log,7,49,0.0827248326440037,0.0044458085709266,1.0203764171794036,0.0150433500329597
1835.0,x5_retail,dr_diff,7,49,0.0795234830476967,0.0020218317253461,1.678178777222148,0.3786452334029674
1836.0,x5_retail,s,8,50,0.0877874762566508,0.0076653499217788,1.0133822870177172,0.0082507963834403
1837.0,x5_retail,t,8,50,0.072715040420588,0.0040542522676057,1.0551430643970314,0.0226183192423096
1838.0,x5_retail,q,8,50,0.0361247434604241,0.0024332446884754,1.0791593014518892,0.0370699517626495
1839.0,x5_retail,q_simple,8,50,0.0249235978953799,0.0032202971477334,1.072980522257036,0.0406370349449682
1840.0,x5_retail,drt_log,8,50,0.06163301279106,0.0040026346853762,1.0548023177729735,0.0214258485772443
1841.0,x5_retail,drs_log,8,50,0.0578623591497535,0.0050050524307805,1.0436544525317684,0.0184953889811789
1842.0,x5_retail,drq_log,8,50,0.0642555427937185,0.0060536105586924,1.0441681377248082,0.0122899999570158
1843.0,x5_retail,drt_direct,8,50,0.0733743846499885,0.003033619530538,1.347476794122581,0.176570859184277
1844.0,x5_retail,drs_direct,8,50,0.075790315409894,0.0027422310055742,1.337407325472913,0.1731110022839505
1845.0,x5_retail,drq_direct,8,50,0.0672148266307308,0.0024939881798479,1.3430070640374543,0.1745645487485221
1846.0,x5_retail,drq_simple_log,8,50,0.0127882699969101,-0.0007003418065283,1.0798582080963053,0.0405582633423369
1847.0,x5_retail,drq_simple_direct,8,50,0.0412437221972152,-0.0002517685569026,1.5359328405918986,0.3333029848111271
1848.0,x5_retail,x,8,50,0.0832765321481996,0.0057313990685789,1.0363082958350265,0.012137712108447
1849.0,x5_retail,x_log,8,50,0.0920663539941428,0.0075020833455924,1.0226224453938495,0.0164776908648448
1850.0,x5_retail,r,8,50,0.0496805202821115,0.0042441888896795,1.0446402484826494,0.0266087297452489
1851.0,x5_retail,r_log,8,50,0.0878041519850438,0.006889548594601,1.0247411280570442,0.0121193134347895
1852.0,x5_retail,dr_diff,8,50,0.0815513700627914,0.0036644061987613,1.6664230595338314,0.3730237178998949
1853.0,x5_retail,s,9,51,0.0254500009495386,0.0008080614459486,1.0478034126550082,0.0228947735058722
1854.0,x5_retail,t,9,51,0.0327867374814285,0.0026002840942133,1.0668082342454983,0.0277294668000997
1855.0,x5_retail,q,9,51,0.0231097365179311,0.0027576453388244,1.082370806311917,0.0359195286319701
1856.0,x5_retail,q_simple,9,51,0.0156541250947548,0.0009265309598886,1.085209719700586,0.0396078421119166
1857.0,x5_retail,drt_log,9,51,0.0343601932702029,0.002846177560205,1.06519580620755,0.0266430378469246
1858.0,x5_retail,drs_log,9,51,0.0338394165775988,0.003468448790325,1.060729479609304,0.0246222797393721
1859.0,x5_retail,drq_log,9,51,0.024156746352824,0.0014842515829504,1.069507497548245,0.0272975630313998
1860.0,x5_retail,drt_direct,9,51,0.0405626044284519,0.0005292657539836,1.3659500066070016,0.1803272876355851
1861.0,x5_retail,drs_direct,9,51,0.0347955826827759,0.0003128146040903,1.356545468763946,0.1769238689117217
1862.0,x5_retail,drq_direct,9,51,0.0313835465552909,-0.0002900344927426,1.363429078838071,0.1787716789800777
1863.0,x5_retail,drq_simple_log,9,51,0.0026622420301742,0.0001069410482026,1.093344772782233,0.0408619493600864
1864.0,x5_retail,drq_simple_direct,9,51,0.0106638058585517,0.0002759287283455,1.5554354896420648,0.3365374649321514
1865.0,x5_retail,x,9,51,0.0324197717424594,0.0022551291728748,1.062342184202268,0.0214303310386396
1866.0,x5_retail,x_log,9,51,0.0304220872201963,0.0018509153113877,1.0499588260242594,0.0233045350557964
1867.0,x5_retail,r,9,51,0.0267074834135891,0.001244797980481,1.0660117476625064,0.028081572615182
1868.0,x5_retail,r_log,9,51,0.0325849828062352,0.0023456059225124,1.058674101236618,0.0207916428261567
1869.0,x5_retail,dr_diff,9,51,0.0335032059103654,0.0014346121595777,1.6856315743147017,0.3752295956772961
1870.0,x5_retail,s,10,52,0.0665480180134583,0.0017907496779294,1.0290518996818023,0.0174289703510102
1871.0,x5_retail,t,10,52,0.0390792308505079,0.0002915989179871,1.0763857900227598,0.0355768174363222
1872.0,x5_retail,q,10,52,0.0362561781309032,0.0042411319790051,1.0696783712788285,0.032765706852679
1873.0,x5_retail,q_simple,10,52,0.0349938820361701,0.0028517525617718,1.0739147310044577,0.0312134453014123
1874.0,x5_retail,drt_log,10,52,0.0629621746034736,0.0040414849622158,1.052534827083612,0.0254698508007615
1875.0,x5_retail,drs_log,10,52,0.0618681534480554,0.003527274411304,1.049443712113583,0.0199019857681737
1876.0,x5_retail,drq_log,10,52,0.0646019690694246,0.0051713662574868,1.0493649792511457,0.0210575692944148
1877.0,x5_retail,drt_direct,10,52,0.0674622200728372,0.0044073473622147,1.3317884136941545,0.1717557659969421
1878.0,x5_retail,drs_direct,10,52,0.0680512576183813,0.0043365678089448,1.3229510620040943,0.1681036829981648
1879.0,x5_retail,drq_direct,10,52,0.0667804794383686,0.0045614518889637,1.327234308683704,0.169712745235021
1880.0,x5_retail,drq_simple_log,10,52,0.03516614863365,0.0023849352857789,1.0699782683039556,0.0354190807894336
1881.0,x5_retail,drq_simple_direct,10,52,0.0492611120266552,-0.0010061098815304,1.5188629341076103,0.3238647999751447
1882.0,x5_retail,x,10,52,0.0615657457267875,0.0035406950957984,1.0351792440226368,0.0162615126292929
1883.0,x5_retail,x_log,10,52,0.0607754505722879,0.0022485460297535,1.0323058619520038,0.0152572526783228
1884.0,x5_retail,r,10,52,0.0462580868785207,0.0037015503590347,1.0527511087001076,0.0208837811613605
1885.0,x5_retail,r_log,10,52,0.0648771805102408,0.0029934916644419,1.0319858527536128,0.0134367463619685
1886.0,x5_retail,dr_diff,10,52,0.0655329940830995,0.0050488047988802,1.655898190867094,0.3699453345367455
1887.0,x5_retail,s,11,53,0.0636560842864515,0.0054081226769532,1.025709744564569,0.0187398115581357
1888.0,x5_retail,t,11,53,0.0526230289100255,-0.0008603114024109,1.0593347850897588,0.0223786002497627
1889.0,x5_retail,q,11,53,0.0232319691937701,-0.0025589527880778,1.080387727044805,0.0397802624958996
1890.0,x5_retail,q_simple,11,53,0.0112157006944768,-0.0025079199959192,1.0856057925216842,0.04596566899482
1891.0,x5_retail,drt_log,11,53,0.0471190194464876,0.002024875519951,1.0698441490408712,0.0229918341724753
1892.0,x5_retail,drs_log,11,53,0.0605461021337943,0.0024486608480927,1.0654667377149247,0.0238366322730232
1893.0,x5_retail,drq_log,11,53,0.0515639953391382,0.002779393013665,1.0636049227499196,0.0198263841392925
1894.0,x5_retail,drt_direct,11,53,0.0876983717535639,0.0030264745518594,1.3361406793028558,0.171770455379296
1895.0,x5_retail,drs_direct,11,53,0.0924436026972279,0.0027719934251799,1.325703968147575,0.1685906618699525
1896.0,x5_retail,drq_direct,11,53,0.0731340411566607,0.0023932974066834,1.3307905077813469,0.1703359808972772
1897.0,x5_retail,drq_simple_log,11,53,0.0152349143938548,0.0008553758881033,1.079287349242027,0.0427510740064818
1898.0,x5_retail,drq_simple_direct,11,53,0.0270160341916547,-0.0020830160150766,1.5196349144566608,0.3226583109528454
1899.0,x5_retail,x,11,53,0.0597522318399963,0.0026458376036859,1.0375588179229844,0.0148900532947207
1900.0,x5_retail,x_log,11,53,0.063123302835836,0.0019801241045767,1.0337867604415394,0.0181396472220172
1901.0,x5_retail,r,11,53,0.0553262664864211,0.0013334574058396,1.04706651391781,0.0203764736314591
1902.0,x5_retail,r_log,11,53,0.064976924483743,0.0030209635539154,1.0240664907409889,0.0172244305063704
1903.0,x5_retail,dr_diff,11,53,0.0619096052242391,0.0023247014766724,1.658328088035699,0.3672772575205574
1904.0,x5_retail,s,12,54,0.066380567488673,0.0030827237250503,1.025010304679638,0.0088840539747747
1905.0,x5_retail,t,12,54,0.0486593659141953,0.0024407088824349,1.0541050374441243,0.0252144808736281
1906.0,x5_retail,q,12,54,0.029555641466969,-0.0031295932357916,1.0756381469027405,0.0390649062240601
1907.0,x5_retail,q_simple,12,54,0.0143361885346851,-0.0057749935796218,1.0868873069049332,0.0413517076613672
1908.0,x5_retail,drt_log,12,54,0.0579653366504773,0.0026559256184699,1.0549510987864803,0.0222454072913379
1909.0,x5_retail,drs_log,12,54,0.0621310489626154,0.0032987467234966,1.049890123608456,0.0203610607450136
1910.0,x5_retail,drq_log,12,54,0.0598177942222448,0.0031262919252845,1.0543084682632542,0.01584741787984
1911.0,x5_retail,drt_direct,12,54,0.0714888603208769,0.0046618424225921,1.3473728244323953,0.1797055245428277
1912.0,x5_retail,drs_direct,12,54,0.0767907961689009,0.0046852287703975,1.338508701933096,0.17636723698123
1913.0,x5_retail,drq_direct,12,54,0.0599313257718332,0.0037826942708029,1.3439966021345309,0.177567373814988
1914.0,x5_retail,drq_simple_log,12,54,0.0229631300392252,-0.003803760464938,1.0865807867685917,0.0389897152733489
1915.0,x5_retail,drq_simple_direct,12,54,0.0404346043088206,-0.0033674791139507,1.5439583034550537,0.3331697331507303
1916.0,x5_retail,x,12,54,0.0641461437041353,0.0039026407896577,1.0232259131871129,0.0200762832265446
1917.0,x5_retail,x_log,12,54,0.0652613890751423,0.0046691241654245,1.0330718176242497,0.0127796867652964
1918.0,x5_retail,r,12,54,0.0617001561333558,0.0041122894468926,1.0426297573346752,0.016726876070314
1919.0,x5_retail,r_log,12,54,0.0650618772894153,0.0045908581903161,1.028692567917227,0.0173703953568044
1920.0,x5_retail,dr_diff,12,54,0.0700870952456831,0.0050073797655027,1.669746306979048,0.376157702870796
1921.0,x5_retail,s,13,55,0.0710064829124303,0.0035901420095698,1.025917530549343,0.0137237035400079
1922.0,x5_retail,t,13,55,0.0495187404911225,0.0040622389194977,1.0618555812087678,0.0232830353442103
1923.0,x5_retail,q,13,55,0.0302170974134214,0.000764114403902,1.085457580587032,0.0374882110531314
1924.0,x5_retail,q_simple,13,55,0.0297494576795316,-0.0003488879704436,1.075653080997277,0.0462093930251144
1925.0,x5_retail,drt_log,13,55,0.0591118418393996,0.0050143182285095,1.0550970679166984,0.0154113929128802
1926.0,x5_retail,drs_log,13,55,0.0509552385392417,0.0058157957198818,1.049514036674636,0.025806527890651
1927.0,x5_retail,drq_log,13,55,0.0468809552290268,0.0055508845445656,1.053151243556672,0.0208779881428644
1928.0,x5_retail,drt_direct,13,55,0.0744094751292268,0.0010639942062171,1.346814622253964,0.1795018336972618
1929.0,x5_retail,drs_direct,13,55,0.0750796198015877,0.0008884786078632,1.3391231093324871,0.1765204251291916
1930.0,x5_retail,drq_direct,13,55,0.0635126438926774,0.0003359015667836,1.347280520078332,0.1787836647629668
1931.0,x5_retail,drq_simple_log,13,55,0.0347732877942155,0.0015517512093132,1.0698198291411136,0.0318613628472608
1932.0,x5_retail,drq_simple_direct,13,55,0.049239072745187,0.0018469022861024,1.5324819288956952,0.331182250769319
1933.0,x5_retail,x,13,55,0.0664694982221156,0.0051149005646068,1.0332515004752734,0.0159568266666322
1934.0,x5_retail,x_log,13,55,0.0734174097284945,0.0043227231581097,1.0357088602324178,0.0148444482719554
1935.0,x5_retail,r,13,55,0.0340298921956281,0.0018693209772875,1.0647418792652066,0.0207624336940875
1936.0,x5_retail,r_log,13,55,0.0725699644363153,0.003608211725977,1.0303670425248472,0.0130642571527705
1937.0,x5_retail,dr_diff,13,55,0.0777322281760704,0.000677560768142,1.6704753777222845,0.3745574704412377
1938.0,x5_retail,s,14,56,0.0807053936756101,0.0059490397592644,1.0309676903259395,0.0106645890075045
1939.0,x5_retail,t,14,56,0.068418142912453,0.0046486415253907,1.0527135461571775,0.0208696275157004
1940.0,x5_retail,q,14,56,0.0307412534480879,0.0017930290489105,1.0810275230959312,0.0322851775556148
1941.0,x5_retail,q_simple,14,56,0.0237171271547749,0.0011815454168115,1.0792040541118346,0.034275013573095
1942.0,x5_retail,drt_log,14,56,0.0748764160163966,0.0071210905719167,1.056237992544832,0.0169221236337316
1943.0,x5_retail,drs_log,14,56,0.067733237436895,0.0067141835434619,1.0566659846612991,0.0168848220233441
1944.0,x5_retail,drq_log,14,56,0.0635715241212637,0.0058486214871499,1.0476223773483233,0.0184365786231327
1945.0,x5_retail,drt_direct,14,56,0.0620548497539266,0.0031757858973108,1.357460751698365,0.1794288304648193
1946.0,x5_retail,drs_direct,14,56,0.0580098848105887,0.0025506036562365,1.348747967915093,0.1759719118788855
1947.0,x5_retail,drq_direct,14,56,0.0594647423183489,0.0024363450855539,1.3523023139701429,0.1769361220736814
1948.0,x5_retail,drq_simple_log,14,56,0.0325259479071098,0.0001515117665941,1.0834017555199824,0.0379853319515302
1949.0,x5_retail,drq_simple_direct,14,56,0.050217574187062,0.0015231002383982,1.5463767626208174,0.3366781273216918
1950.0,x5_retail,x,14,56,0.0727226469755395,0.0041431008710015,1.0344367347129837,0.0144425155681806
1951.0,x5_retail,x_log,14,56,0.0782954176214449,0.0060751990497901,1.029311953362411,0.0105589776871503
1952.0,x5_retail,r,14,56,0.0699584696484252,0.0043889632576021,1.0510010809421746,0.0143431377030281
1953.0,x5_retail,r_log,14,56,0.079885484988913,0.0058156401612803,1.0307982864753666,0.0125151311510168
1954.0,x5_retail,dr_diff,14,56,0.0524132927694718,0.0029086300221361,1.6802418854800003,0.3737050733482499
1955.0,x5_retail,s,15,57,0.0989241750326668,0.0086242123863742,1.0207572813011752,0.0162890121558879
1956.0,x5_retail,t,15,57,0.0406846041804942,0.0025527962614529,1.062418091586255,0.0280765334892899
1957.0,x5_retail,q,15,57,0.0269351782561237,0.0050916628174377,1.07324421289384,0.0339173589203239
1958.0,x5_retail,q_simple,15,57,0.01692213494595,0.0017801768230283,1.0787138417407254,0.0380728991629856
1959.0,x5_retail,drt_log,15,57,0.0787725505765992,0.0086172090748934,1.034632512900924,0.0145892986820678
1960.0,x5_retail,drs_log,15,57,0.0678147952346526,0.0083405476539283,1.0472969128348508,0.0135226156906549
1961.0,x5_retail,drq_log,15,57,0.0748778225853512,0.008096678794093,1.042074400362339,0.0118179033185612
1962.0,x5_retail,drt_direct,15,57,0.077877027655244,0.0069047373742709,1.3446205480210498,0.1775716128809946
1963.0,x5_retail,drs_direct,15,57,0.0802708855506053,0.0065987582738113,1.334561603028828,0.1744162730492611
1964.0,x5_retail,drq_direct,15,57,0.0708805257245919,0.0062789490510934,1.343233612790585,0.1771942910544352
1965.0,x5_retail,drq_simple_log,15,57,0.0128184397008499,-0.0002607261988038,1.0758967606187833,0.038629653165378
1966.0,x5_retail,drq_simple_direct,15,57,0.038036910240593,-0.0010619971917681,1.5386833522932584,0.3339913216513617
1967.0,x5_retail,x,15,57,0.0611073524480523,0.0073836898187958,1.028061666245051,0.0142353124089835
1968.0,x5_retail,x_log,15,57,0.0729102803581152,0.0069667704365818,1.030195209608075,0.0137816823133043
1969.0,x5_retail,r,15,57,0.0612327517299748,0.0063899658432924,1.0376918588127513,0.0145860712522815
1970.0,x5_retail,r_log,15,57,0.0756737354610588,0.0076665688783501,1.0289562359811923,0.0146646500356139
1971.0,x5_retail,dr_diff,15,57,0.0632821240347283,0.0058046261952237,1.6699248004020824,0.3755189346300346
1972.0,x5_retail,s,16,58,0.0888523394115985,0.004772224328465,1.022170854736303,0.0137456887326552
1973.0,x5_retail,t,16,58,0.0511274520606122,0.0052558259994769,1.0499421483931173,0.0193443465354246
1974.0,x5_retail,q,16,58,0.0351842938275883,-0.0003481069005484,1.0779577642459095,0.0340183046319704
1975.0,x5_retail,q_simple,16,58,0.0313959186121961,9.166237293495304e-07,1.0711750763384609,0.0342567580624453
1976.0,x5_retail,drt_log,16,58,0.0520606225659687,0.0038045221316749,1.0502571300140138,0.0197063072851579
1977.0,x5_retail,drs_log,16,58,0.0625174007967814,0.00426253971753,1.044215972206196,0.0204104309038226
1978.0,x5_retail,drq_log,16,58,0.0578542483932467,0.0029166542935542,1.0524888631957017,0.0201052381310209
1979.0,x5_retail,drt_direct,16,58,0.0632165376485616,0.0026164090262305,1.353295070239518,0.1821504611131453
1980.0,x5_retail,drs_direct,16,58,0.0690909075968173,0.0027667267994619,1.345166205307165,0.1780384549557747
1981.0,x5_retail,drq_direct,16,58,0.067111358417667,0.0022403940520963,1.3499580968938332,0.1797717347445908
1982.0,x5_retail,drq_simple_log,16,58,0.0409629069632786,-6.096974490495816e-05,1.0730732283137756,0.0350499344992199
1983.0,x5_retail,drq_simple_direct,16,58,0.0407714561004848,0.0001238821161989,1.5467000726050804,0.3361280600577003
1984.0,x5_retail,x,16,58,0.0606610220762804,0.0040168696739715,1.0353119213836637,0.0192429892047206
1985.0,x5_retail,x_log,16,58,0.0646667934557834,0.0051479977336855,1.0278018146882986,0.0133756243190817
1986.0,x5_retail,r,16,58,0.050034075548744,0.0032986666064065,1.0452790779902217,0.016917302728033
1987.0,x5_retail,r_log,16,58,0.0659015580348429,0.0054728705237296,1.038368402757638,0.011969520690086
1988.0,x5_retail,dr_diff,16,58,0.0473210796631085,0.0026954908520224,1.6796212296194868,0.3765316917695627
1989.0,x5_retail,s,17,59,0.1111024572041718,0.0075650884898894,1.0213251321566352,0.0135657047683006
1990.0,x5_retail,t,17,59,0.0887910783239673,0.0061635086132867,1.0439906895871542,0.0211336110628449
1991.0,x5_retail,q,17,59,0.0547596118715252,0.0028878220723346,1.0651963729373992,0.0337315185083031
1992.0,x5_retail,q_simple,17,59,0.0431949411204888,0.0031367447741724,1.063098805502185,0.0319343123753584
1993.0,x5_retail,drt_log,17,59,0.0910524573194253,0.0067126933989409,1.0461287866544349,0.0144047711022427
1994.0,x5_retail,drs_log,17,59,0.0778829864544405,0.0065386485088135,1.0372877801317364,0.0134620394668531
1995.0,x5_retail,drq_log,17,59,0.0813404504352823,0.0069057202237823,1.046406948551035,0.0129277367079493
1996.0,x5_retail,drt_direct,17,59,0.1093524003098418,0.0070422995393631,1.3181419097388802,0.1694032073787175
1997.0,x5_retail,drs_direct,17,59,0.116457851734274,0.0064617495151489,1.3124053030931035,0.1660189448511506
1998.0,x5_retail,drq_direct,17,59,0.1136969791695832,0.0065208349972524,1.3166123415237538,0.16769468578382
1999.0,x5_retail,drq_simple_log,17,59,0.0430688114177857,0.0026274920200548,1.0636992774556668,0.0323380571815833
2000.0,x5_retail,drq_simple_direct,17,59,0.0644812551982352,-0.0024123568361479,1.5173347920795517,0.3282231792134172
2001.0,x5_retail,x,17,59,0.1170802511397144,0.007532358292471,1.0227999181815206,0.0109724403967709
2002.0,x5_retail,x_log,17,59,0.1196925260329067,0.0087461741116709,1.0203923522430365,0.0083603318048884
2003.0,x5_retail,r,17,59,0.0962059642273365,0.0083908776965424,1.0437244179477745,0.0142542198114005
2004.0,x5_retail,r_log,17,59,0.1345584010810143,0.009564052613489,1.018792143019328,0.0089458875560562
2005.0,x5_retail,dr_diff,17,59,0.1032611306167616,0.0062345205872334,1.6411218859874634,0.3674185486108769
2006.0,x5_retail,s,18,60,0.0522011199550997,0.0033918533977066,1.0338228281161284,0.0159244471959946
2007.0,x5_retail,t,18,60,0.0363008325111664,0.0012091667285464,1.0645790817355174,0.0307091772644789
2008.0,x5_retail,q,18,60,0.0336571307047033,0.0008525582198767,1.0699643254553712,0.0345757106435617
2009.0,x5_retail,q_simple,18,60,0.0253290387981315,0.0013181604587814,1.0668083691822894,0.0354440885769823
2010.0,x5_retail,drt_log,18,60,0.0544052122621059,0.0019209205961152,1.0557364851581754,0.0191968496893412
2011.0,x5_retail,drs_log,18,60,0.0463926322221046,0.002027005692778,1.053792153054779,0.024595334155522
2012.0,x5_retail,drq_log,18,60,0.0460213007706225,0.0022325733503167,1.0542082929390968,0.0166258083645852
2013.0,x5_retail,drt_direct,18,60,0.0591281466463999,0.001924097335835,1.3456283695917304,0.1766585506401381
2014.0,x5_retail,drs_direct,18,60,0.0626661452198051,0.0019594357984441,1.336532289334453,0.1732362872881236
2015.0,x5_retail,drq_direct,18,60,0.0570631336555678,0.0016140936839761,1.3412440142087525,0.1740729335818574
2016.0,x5_retail,drq_simple_log,18,60,0.0127645637888775,-5.467000187894464e-05,1.0710453240348918,0.0387746605498317
2017.0,x5_retail,drq_simple_direct,18,60,0.0386715623965356,0.0011205185724942,1.538638592173093,0.3368336703855213
2018.0,x5_retail,x,18,60,0.0588602691542645,0.0042137947917359,1.02954530078867,0.0147176331020142
2019.0,x5_retail,x_log,18,60,0.0583556344457243,0.0035156596197375,1.0306822654843204,0.0174926174452472
2020.0,x5_retail,r,18,60,0.0577694644340081,0.0044767821075013,1.0438425343342674,0.0120884126790324
2021.0,x5_retail,r_log,18,60,0.0573314065535344,0.0032086320561248,1.02953035538838,0.0136538232863113
2022.0,x5_retail,dr_diff,18,60,0.0515992131843117,0.0024187406566923,1.66555072196916,0.3708746986099981
2023.0,x5_retail,s,19,61,0.0934696604873497,0.0067160540033781,1.0205776808200957,0.0129365542694262
2024.0,x5_retail,t,19,61,0.0692693663513299,0.0058691466852806,1.0393184911954845,0.0181234135187776
2025.0,x5_retail,q,19,61,0.0213236341029778,0.0034235648841812,1.077913106657408,0.0399043849323812
2026.0,x5_retail,q_simple,19,61,0.018522122641553,0.0026983595510403,1.06884169915562,0.0408509417727357
2027.0,x5_retail,drt_log,19,61,0.0506191871479493,0.006596860635335,1.0573714775381884,0.018793363518361
2028.0,x5_retail,drs_log,19,61,0.0500959025559399,0.0054895290603398,1.0519651378801378,0.0207283473845742
2029.0,x5_retail,drq_log,19,61,0.0507462213448677,0.0048122958191324,1.0538301452040235,0.0188391710991204
2030.0,x5_retail,drt_direct,19,61,0.0886985403975597,0.0059129316559572,1.327515055875696,0.1728436551145769
2031.0,x5_retail,drs_direct,19,61,0.0952969878497362,0.0058419392169419,1.3174437095591287,0.1689563702307576
2032.0,x5_retail,drq_direct,19,61,0.0860741835016511,0.0056362831820763,1.3228551052542667,0.1708387952464251
2033.0,x5_retail,drq_simple_log,19,61,0.0275008338963114,0.0028648656671552,1.0667827821214917,0.0301423231121044
2034.0,x5_retail,drq_simple_direct,19,61,0.0448388313919183,-0.0034262253792013,1.533673965453333,0.3333247317638049
2035.0,x5_retail,x,19,61,0.0693418710010955,0.0046214389308313,1.029488381188721,0.0156421651408967
2036.0,x5_retail,x_log,19,61,0.0861882740129116,0.0057330604376817,1.017810078446144,0.0124330325267587
2037.0,x5_retail,r,19,61,0.0580455298838897,0.0046090121024104,1.0412203056165328,0.0181131600317986
2038.0,x5_retail,r_log,19,61,0.0806525026177791,0.0044198575443435,1.0176969250495946,0.0092343935720907
2039.0,x5_retail,dr_diff,19,61,0.0774445610404772,0.006353371670145,1.651113190493227,0.3702735797879277
2040.0,x5_retail,s,20,62,0.0765406926697911,0.0070745257309711,1.023292737766478,0.0144417566951038
2041.0,x5_retail,t,20,62,0.0639891019958245,0.0045165993059313,1.0591222324345697,0.0213942339173516
2042.0,x5_retail,q,20,62,0.0460372077576596,0.0042586440223458,1.068550673024394,0.0345607589313133
2043.0,x5_retail,q_simple,20,62,0.0335593038366803,0.0049075335852179,1.0630024225047252,0.0321293081694118
2044.0,x5_retail,drt_log,20,62,0.0651046126264141,0.0074077020953945,1.052978782625853,0.0214616940046306
2045.0,x5_retail,drs_log,20,62,0.0671555612127701,0.0070564402597679,1.0496944536459831,0.018893170594855
2046.0,x5_retail,drq_log,20,62,0.0599174767945771,0.0072497584613877,1.0519759277969094,0.0207732046029783
2047.0,x5_retail,drt_direct,20,62,0.0656930986030015,0.0054822399566395,1.3350329576406228,0.1715440847358219
2048.0,x5_retail,drs_direct,20,62,0.0664923640510635,0.0056404739044743,1.3265463210195925,0.1679590408672777
2049.0,x5_retail,drq_direct,20,62,0.0562991099688776,0.005064609679038,1.3308719638393176,0.1697983860338576
2050.0,x5_retail,drq_simple_log,20,62,0.0325457969054183,0.0053253370031678,1.0630362654418906,0.0312568496796904
2051.0,x5_retail,drq_simple_direct,20,62,0.0467473944434466,0.0002637788279814,1.5217165610684755,0.3299342769834382
2052.0,x5_retail,x,20,62,0.0608982411235357,0.0046302099024708,1.0371623814940365,0.0176876155488945
2053.0,x5_retail,x_log,20,62,0.070515626788884,0.0063886701766382,1.0319815070121583,0.0111987774166028
2054.0,x5_retail,r,20,62,0.0609427388129018,0.0061281191845245,1.0463211779329058,0.0195946754773661
2055.0,x5_retail,r_log,20,62,0.0679339910871603,0.0069055198786426,1.0319561417984,0.0120095713142239
2056.0,x5_retail,dr_diff,20,62,0.0687932442846197,0.0072158511906352,1.656483981943881,0.3694569879508522
2057.0,x5_retail,s,21,63,0.0584596418584291,0.0024699359154241,1.0279383595661524,0.0193720761524486
2058.0,x5_retail,t,21,63,0.0354344544666789,-0.0005367025292552,1.0774287677643433,0.030366108344004
2059.0,x5_retail,q,21,63,0.0534529752815429,0.0003230042133147,1.0761937495537268,0.0334862832752197
2060.0,x5_retail,q_simple,21,63,0.0446137888485738,0.0018466190264065,1.0644629910607026,0.0316449947620559
2061.0,x5_retail,drt_log,21,63,0.052448623131581,0.0024872044738565,1.0539500501611647,0.0206426897659401
2062.0,x5_retail,drs_log,21,63,0.0592297710143818,0.0033856978593144,1.049183431206641,0.0169214649670979
2063.0,x5_retail,drq_log,21,63,0.0526014813794057,0.0021389366206843,1.058959907159359,0.0188649501117002
2064.0,x5_retail,drt_direct,21,63,0.0748924633803937,0.0035604131624459,1.3409623354120686,0.1773358567490655
2065.0,x5_retail,drs_direct,21,63,0.0789516344572047,0.0035235235290279,1.331568954324884,0.1736331056606713
2066.0,x5_retail,drq_direct,21,63,0.080628091792436,0.0036597259730822,1.337884261500067,0.1755551803081565
2067.0,x5_retail,drq_simple_log,21,63,0.0434704388179545,0.0010025217244362,1.0627308561497797,0.0370607331153741
2068.0,x5_retail,drq_simple_direct,21,63,0.0629549037323402,-0.0017177818287541,1.5246815238078857,0.326578353678308
2069.0,x5_retail,x,21,63,0.0517088351094181,0.0016358673157605,1.0435541424051522,0.0132014024885109
2070.0,x5_retail,x_log,21,63,0.0481632148438471,0.0018174168338911,1.042581290768941,0.015709722466189
2071.0,x5_retail,r,21,63,0.0471943387939597,0.0017803036190987,1.0490640456474314,0.0203213629330356
2072.0,x5_retail,r_log,21,63,0.0491730180659564,0.0013974491314843,1.0432803668806283,0.0185373126390451
2073.0,x5_retail,dr_diff,21,63,0.0670665765945282,0.0036655047500135,1.6602540012746505,0.3720818150397579
2074.0,x5_retail,s,22,64,0.0776540956107052,0.0048894587905424,1.0232474293269067,0.0172418299068885
2075.0,x5_retail,t,22,64,0.0540733957025294,0.0021438021512707,1.058417843939044,0.0225159311063363
2076.0,x5_retail,q,22,64,0.0199253860443544,-0.0003668532070186,1.0842835019109716,0.0383698676786567
2077.0,x5_retail,q_simple,22,64,0.0178377261827205,-0.0003386202760109,1.084028954090522,0.0382502113744797
2078.0,x5_retail,drt_log,22,64,0.0561536193913088,0.0043897950702487,1.0475956553025478,0.0138138888019544
2079.0,x5_retail,drs_log,22,64,0.0731867424889693,0.0061036168804085,1.0444836836429106,0.0124841709713556
2080.0,x5_retail,drq_log,22,64,0.0517625306331985,0.0045852919342184,1.05350829024662,0.0220484034901158
2081.0,x5_retail,drt_direct,22,64,0.0633575657904439,0.002388325916772,1.3440175682126851,0.1772631718682887
2082.0,x5_retail,drs_direct,22,64,0.0695709817912255,0.0021864817267655,1.3370043148278803,0.173677191441934
2083.0,x5_retail,drq_direct,22,64,0.0614099016029991,0.0019867382832071,1.3426417384744045,0.1750872061022969
2084.0,x5_retail,drq_simple_log,22,64,0.0336597016196087,0.0007666028360173,1.0805256245539496,0.0326254641386823
2085.0,x5_retail,drq_simple_direct,22,64,0.0433301084172368,-0.0010389878107769,1.5377963821515532,0.3323958249891512
2086.0,x5_retail,x,22,64,0.0645428215157941,0.0045843984647723,1.0290879064735754,0.0122141067861126
2087.0,x5_retail,x_log,22,64,0.0699890485478571,0.0038314970778623,1.032903980117277,0.0099056066282767
2088.0,x5_retail,r,22,64,0.0543000024436464,0.0061712498845551,1.0494018161167953,0.0172978525950909
2089.0,x5_retail,r_log,22,64,0.0710922458828324,0.0043590809783831,1.0265292484585935,0.011003757452687
2090.0,x5_retail,dr_diff,22,64,0.0579590425151592,0.0026761742427094,1.6645772693927268,0.3726044203589816
2091.0,x5_retail,s,23,65,0.0717333649366673,0.0016301072743099,1.0290316686462848,0.0153363027951746
2092.0,x5_retail,t,23,65,0.0621742478671289,0.0002224329964944,1.066228004869893,0.0322492460151222
2093.0,x5_retail,q,23,65,0.0533936077286032,0.0039969912087717,1.061332316151092,0.0309130413187144
2094.0,x5_retail,q_simple,23,65,0.0342781169984358,-0.0011947922092652,1.0767699776200383,0.0351590580425131
2095.0,x5_retail,drt_log,23,65,0.0695770147498795,0.0035347408630636,1.0457098356984933,0.0242365143769056
2096.0,x5_retail,drs_log,23,65,0.0566538383459911,0.0030073008376156,1.0457403479986982,0.0251535279054417
2097.0,x5_retail,drq_log,23,65,0.0666681916708384,0.0017410532637511,1.0473346117933096,0.0226875639499762
2098.0,x5_retail,drt_direct,23,65,0.0840295703743942,0.00560573357824,1.336900615175885,0.174803724415663
2099.0,x5_retail,drs_direct,23,65,0.085942065218763,0.0054893001636165,1.3283272971552906,0.1708776990389421
2100.0,x5_retail,drq_direct,23,65,0.0743262091133849,0.0052423588980715,1.3342887416680806,0.1725944999711707
2101.0,x5_retail,drq_simple_log,23,65,0.0312121840820152,0.0006331579223023,1.077690280583441,0.037231683263296
2102.0,x5_retail,drq_simple_direct,23,65,0.0477269584776047,-0.0033851743897583,1.5411774234102789,0.3341873803011854
2103.0,x5_retail,x,23,65,0.0521258129274988,0.0020133934907094,1.044443729587755,0.0169346314137354
2104.0,x5_retail,x_log,23,65,0.0703953736264071,0.0024808031144302,1.034800748629342,0.0186748511651445
2105.0,x5_retail,r,23,65,0.0632033405178513,0.0024503919776803,1.0525500644989785,0.0191380703522243
2106.0,x5_retail,r_log,23,65,0.0702502670290374,0.0027099013824677,1.0306425324999342,0.0177068069773804
2107.0,x5_retail,dr_diff,23,65,0.0867046517055907,0.0066685762137453,1.6566292075314326,0.3703911910631777
2108.0,x5_retail,s,24,66,0.0806239505502111,0.0019011956039169,1.033919615821242,0.0186915879074577
2109.0,x5_retail,t,24,66,0.0471110694877026,0.0004769057453549,1.0638764025671907,0.0267718588875512
2110.0,x5_retail,q,24,66,0.0325315090226367,0.0016329143436,1.0800623459320815,0.0374887948679519
2111.0,x5_retail,q_simple,24,66,0.0130752160710476,-0.0006095137075901,1.0839671379949216,0.0402862595629976
2112.0,x5_retail,drt_log,24,66,0.0554138783234372,0.0024341727343226,1.059965155462407,0.0205167089163503
2113.0,x5_retail,drs_log,24,66,0.0471210018962979,0.0032857316086085,1.0527669384406697,0.0195922514959108
2114.0,x5_retail,drq_log,24,66,0.0562700375443101,0.004527701592917,1.0572699195329431,0.0197287961479079
2115.0,x5_retail,drt_direct,24,66,0.0706857507853233,0.0006607817287844,1.3589057319059112,0.1840578332862626
2116.0,x5_retail,drs_direct,24,66,0.0735352827545561,0.00058706270412,1.3500476867233622,0.1796605633194965
2117.0,x5_retail,drq_direct,24,66,0.0695736621221227,0.000320364793328,1.356981974590169,0.1822571139937264
2118.0,x5_retail,drq_simple_log,24,66,0.0172814936287091,0.0021805210016072,1.076346209759108,0.0459613761466535
2119.0,x5_retail,drq_simple_direct,24,66,0.0408001170031013,0.0023084579499105,1.5510052089770836,0.3429681745048396
2120.0,x5_retail,x,24,66,0.0660527213754709,0.0010885154685539,1.0483297341999802,0.0176701434438679
2121.0,x5_retail,x_log,24,66,0.0645483215829034,0.002308115226412,1.0389930725559549,0.0141774918635004
2122.0,x5_retail,r,24,66,0.0569856252562808,0.0029545600389566,1.0559045772562452,0.0182404242363355
2123.0,x5_retail,r_log,24,66,0.075927620333017,0.0037328908420431,1.032465182267926,0.015903948218543
2124.0,x5_retail,dr_diff,24,66,0.0612487441964821,-0.000227798470993,1.684958432596662,0.3777928831941605
2900.0,rhc,s,0,42,0.0724687133474519,-0.0046930109239607,1.0171810947673017,0.0111031030251085
2901.0,rhc,t,0,42,0.0724687133474519,-0.0046930109239607,1.0171810947673017,0.0111031030251085
2902.0,rhc,q,0,42,0.0414171803786744,0.0243676088026304,1.872091992587151,0.845512298968821
2903.0,rhc,drt_log,0,42,0.4597290969012853,0.0246321988763908,1.0623707004837886,0.1385039113347455
2904.0,rhc,drs_log,0,42,0.4597290969012853,0.0246321988763908,1.0623707004837886,0.1385039113347455
2905.0,rhc,drq_log,0,42,0.1169071813772504,-0.0293866118309379,1.5493463778367846,0.5312228404545212
2906.0,rhc,drt_direct,0,42,0.3415680885246401,-0.0471147133560177,1.303451227141234,0.055491341631878
2907.0,rhc,drs_direct,0,42,0.3415680885246401,-0.0471147133560177,1.303451227141234,0.055491341631878
2908.0,rhc,drq_direct,0,42,-0.1487059819134939,-0.0604438379398638,1.300308811639682,0.1034545414523012
2909.0,rhc,x,0,42,-0.4263591231119468,-0.1904066486694934,1.1219391214247143,0.3845455513299137
2910.0,rhc,x_log,0,42,0.0724687133474519,-0.0046930109239607,1.0171810947673017,0.0111031030251085
2911.0,rhc,r,0,42,0.490022101837229,0.1371707255379177,1.0787363206622531,0.2249406121328537
2912.0,rhc,r_log,0,42,0.0255790840758634,0.0123654884899033,1.0689733250285518,
2913.0,rhc,dr_diff,0,42,-0.0186182320938127,-0.0249903969824779,1.0155556904553569,0.1033802686166383
2914.0,rhc,s,1,43,-0.0405734471517402,-0.0063794629322395,1.087443362324879,0.0548782480797516
2915.0,rhc,t,1,43,-0.0405734471517402,-0.0063794629322395,1.087443362324879,0.0548782480797516
2916.0,rhc,q,1,43,0.0498630135614721,0.0240608587049122,1.729775134552617,0.806394740442065
2917.0,rhc,drt_log,1,43,0.2383651827035646,0.0253909774350312,1.1885647572099522,0.1383402268748597
2918.0,rhc,drs_log,1,43,0.2383651827035646,0.0253909774350312,1.1885647572099522,0.1383402268748597
2919.0,rhc,drq_log,1,43,0.3301381189979138,0.0164122963207609,1.3808105720394723,0.3858018323866088
2920.0,rhc,drt_direct,1,43,0.1173273028606143,-0.0156118612612504,1.0544751383797362,0.0673771317789609
2921.0,rhc,drs_direct,1,43,0.1173273028606143,-0.0156118612612504,1.0544751383797362,0.0673771317789609
2922.0,rhc,drq_direct,1,43,-0.0750230752410034,-0.0483050747150679,1.2731473983540078,0.1130604675175064
2923.0,rhc,x,1,43,-0.4209862230698428,-0.1791353085274687,1.3262680370169193,0.2998946020268082
2924.0,rhc,x_log,1,43,-0.0405734471517402,-0.0063794629322395,1.087443362324879,0.0548782480797516
2925.0,rhc,r,1,43,0.3918900840494945,0.1169189207535137,1.0982335785503905,0.2708102509515206
2926.0,rhc,r_log,1,43,-0.0732424530224657,-0.0130150830517596,1.1294154065721378,
2927.0,rhc,dr_diff,1,43,-0.1006333891462002,-0.0232247139128631,1.0349344633542727,0.1300804378169615
2928.0,rhc,s,2,44,0.0306912048704279,-0.0075187774772869,1.0869341999671025,0.0561143070409121
2929.0,rhc,t,2,44,0.0306912048704279,-0.0075187774772869,1.0869341999671025,0.0561143070409121
2930.0,rhc,q,2,44,-0.0390250872181212,0.0105219494985369,1.9928873522253896,0.8357951368974976
2931.0,rhc,drt_log,2,44,0.2453051854538286,0.0057804242376423,1.1971230577348588,0.1524925450188833
2932.0,rhc,drs_log,2,44,0.2453051854538286,0.0057804242376423,1.1971230577348588,0.1524925450188833
2933.0,rhc,drq_log,2,44,-0.0454313033368791,-0.0130615143323621,1.6089903334022635,0.3967964504688386
2934.0,rhc,drt_direct,2,44,0.0274624007611381,-0.0264175030672907,1.1536452728092408,0.0741768039607769
2935.0,rhc,drs_direct,2,44,0.0274624007611381,-0.0264175030672907,1.1536452728092408,0.0741768039607769
2936.0,rhc,drq_direct,2,44,-0.1729369081882872,-0.0486157252144071,1.419543363190746,0.1390900942280211
2937.0,rhc,x,2,44,-0.4235961543427595,-0.1884605855575866,1.1466007275654648,0.2853984333297197
2938.0,rhc,x_log,2,44,0.0306912048704279,-0.0075187774772869,1.0869341999671025,0.0561143070409121
2939.0,rhc,r,2,44,0.4937091334320516,0.0967077209279824,1.2473090551708008,0.24324103936723
2940.0,rhc,r_log,2,44,-0.0087243484533845,0.0129983009768322,1.0801195073914085,
2941.0,rhc,dr_diff,2,44,-0.1050862972595447,-0.0294096936069207,1.011561262397451,0.1048168761887212
2942.0,rhc,s,3,45,-0.0083821797690764,-0.021013545796214,1.1091167845874124,0.0677554075387915
2943.0,rhc,t,3,45,-0.0083821797690764,-0.021013545796214,1.1091167845874124,0.0677554075387915
2944.0,rhc,q,3,45,0.1761680962591632,0.0402062516452054,1.7464163950261324,0.7853153442125814
2945.0,rhc,drt_log,3,45,0.0827291057123214,-0.0114302160714794,1.290425984907625,0.1572136797839235
2946.0,rhc,drs_log,3,45,0.0827291057123214,-0.0114302160714794,1.290425984907625,0.1572136797839235
2947.0,rhc,drq_log,3,45,-0.1248591010663424,-0.0494442988381695,1.793941036448763,0.4124267193228096
2948.0,rhc,drt_direct,3,45,0.101947957444568,-0.0347701527838465,1.0538803539716737,0.0299896456056233
2949.0,rhc,drs_direct,3,45,0.101947957444568,-0.0347701527838465,1.0538803539716737,0.0299896456056233
2950.0,rhc,drq_direct,3,45,-0.1500827408777664,-0.0796586162367758,1.3432804764597654,0.1201047486483332
2951.0,rhc,x,3,45,-0.4443582253858892,-0.1845947507340768,1.299057443318276,0.2476223006018267
2952.0,rhc,x_log,3,45,-0.0083821797690764,-0.021013545796214,1.1091167845874124,0.0677554075387915
2953.0,rhc,r,3,45,0.7697682488915389,0.1353110016116798,1.1488525635476103,0.3089842459449577
2954.0,rhc,r_log,3,45,0.0225544733190301,0.0050965297156502,1.035825776994921,
2955.0,rhc,dr_diff,3,45,-0.1282351283939254,-0.0208179130909568,1.028200087645558,0.14240488094287
2956.0,rhc,s,4,46,-0.0143707576452392,0.0012463879900331,1.0229928458870143,0.014826863016278
2957.0,rhc,t,4,46,-0.0143707576452392,0.0012463879900331,1.0229928458870143,0.014826863016278
2958.0,rhc,q,4,46,0.0920191801929759,0.0176434129277251,1.766881696476046,0.6924736654384008
2959.0,rhc,drt_log,4,46,0.1314086243112862,-0.0065230248676849,1.1880133552167826,0.1027579098942078
2960.0,rhc,drs_log,4,46,0.1314086243112862,-0.0065230248676849,1.1880133552167826,0.1027579098942078
2961.0,rhc,drq_log,4,46,-0.0067202293095129,-0.0284594821047153,1.5753203416473698,0.3335147818641172
2962.0,rhc,drt_direct,4,46,0.4554679793932166,-0.0269384585219729,1.1353732470922406,0.0495830594117355
2963.0,rhc,drs_direct,4,46,0.4554679793932166,-0.0269384585219729,1.1353732470922406,0.0495830594117355
2964.0,rhc,drq_direct,4,46,-0.0273758541087338,-0.0303956666452837,1.1428261883694324,0.1405313401881083
2965.0,rhc,x,4,46,-0.4312616968558556,-0.1654831849854381,1.256508639704114,0.3484314734077979
2966.0,rhc,x_log,4,46,-0.0143707576452392,0.0012463879900331,1.0229928458870143,0.014826863016278
2967.0,rhc,r,4,46,0.4348408337579392,0.1108163221563592,1.351053925279523,0.2071526532099573
2968.0,rhc,r_log,4,46,-0.1701289789614651,0.0150856696927078,1.13478655204378,
2969.0,rhc,dr_diff,4,46,-0.043152898279172,-0.0051464445724242,1.0188298701870362,0.0579073083028087
2970.0,rhc,s,5,47,0.0091494555903961,-0.0129887926329446,1.105620150002339,0.0664854112273676
2971.0,rhc,t,5,47,0.0091494555903961,-0.0129887926329446,1.105620150002339,0.0664854112273676
2972.0,rhc,q,5,47,0.0628373212444417,0.0342178324925483,1.7513139328351215,0.670371919282011
2973.0,rhc,drt_log,5,47,0.2816617436664548,-0.0143626058795116,1.2928157677172436,0.1746050284922548
2974.0,rhc,drs_log,5,47,0.2816617436664548,-0.0143626058795116,1.2928157677172436,0.1746050284922548
2975.0,rhc,drq_log,5,47,0.0871802224001774,-0.0091540785888348,1.5068531855481,0.4029412361683102
2976.0,rhc,drt_direct,5,47,0.0587116116213652,-0.0687387252078763,1.1831472371370455,0.0494453921225322
2977.0,rhc,drs_direct,5,47,0.0587116116213652,-0.0687387252078763,1.1831472371370455,0.0494453921225322
2978.0,rhc,drq_direct,5,47,0.1163635557638869,-0.0124948269952741,1.19653232028261,0.0992333663634965
2979.0,rhc,x,5,47,-0.4758383728664498,-0.1847137968722419,1.167300411904366,0.3684637196872238
2980.0,rhc,x_log,5,47,0.0091494555903961,-0.0129887926329446,1.105620150002339,0.0664854112273676
2981.0,rhc,r,5,47,0.5013360996273881,0.1214002287878713,1.1225022472643895,0.2473090138684552
2982.0,rhc,r_log,5,47,0.1986878569127328,0.0190277499849573,1.1161441502396257,
2983.0,rhc,dr_diff,5,47,-0.0521053360553724,-0.0134068197774429,1.0282421233850192,0.1226220174270638
2984.0,rhc,s,6,48,-0.030142011633834,0.0152491008571396,1.0334801496924884,0.0212618192012641
2985.0,rhc,t,6,48,-0.030142011633834,0.0152491008571396,1.0334801496924884,0.0212618192012641
2986.0,rhc,q,6,48,-0.0206107520283624,0.0416762017330491,1.8431523382516448,0.7166684972233999
2987.0,rhc,drt_log,6,48,0.007376386293415,-0.0237471412036249,1.303351315980982,0.1124538950701804
2988.0,rhc,drs_log,6,48,0.007376386293415,-0.0237471412036249,1.303351315980982,0.1124538950701804
2989.0,rhc,drq_log,6,48,-0.1110205023981985,-0.0084208021389327,1.8038595522284664,0.5174193795181968
2990.0,rhc,drt_direct,6,48,0.0380780686373216,-0.0468591608091892,1.062378040434987,0.0652951870867678
2991.0,rhc,drs_direct,6,48,0.0380780686373216,-0.0468591608091892,1.062378040434987,0.0652951870867678
2992.0,rhc,drq_direct,6,48,-0.134752930254058,-0.0219448621526294,1.2446095498190142,0.1135323042207036
2993.0,rhc,x,6,48,-0.4166693986635653,-0.1831500902067318,1.3285888706704216,0.3817413829969134
2994.0,rhc,x_log,6,48,-0.030142011633834,0.0152491008571396,1.0334801496924884,0.0212618192012641
2995.0,rhc,r,6,48,0.3194535097094146,0.1262208665637346,1.182371641620396,0.1509231712610252
2996.0,rhc,r_log,6,48,0.0531702545749328,0.0303364350042505,1.062289821604615,
2997.0,rhc,dr_diff,6,48,-0.0622377660020523,-0.0136743637947958,1.0147465859317724,0.0945102592843054
2998.0,rhc,s,7,49,-0.015650437577285,-0.0078999985115269,1.0938137073437786,0.0583060052625439
2999.0,rhc,t,7,49,-0.015650437577285,-0.0078999985115269,1.0938137073437786,0.0583060052625439
3000.0,rhc,q,7,49,0.0771627963704268,0.0181371372053403,1.7765893132969637,0.6184578518540687
3001.0,rhc,drt_log,7,49,0.0279204620572,-0.0167390894757107,1.2497060864749865,0.1133547126683029
3002.0,rhc,drs_log,7,49,0.0279204620572,-0.0167390894757107,1.2497060864749865,0.1133547126683029
3003.0,rhc,drq_log,7,49,0.1488997761081001,-0.0079785773894114,1.400173348124086,0.3231837035011177
3004.0,rhc,drt_direct,7,49,0.1380924139304105,-0.0569155865227317,1.0873273767841185,0.0559122145174352
3005.0,rhc,drs_direct,7,49,0.1380924139304105,-0.0569155865227317,1.0873273767841185,0.0559122145174352
3006.0,rhc,drq_direct,7,49,0.1347874602090162,-0.060734174449537,1.2400406065817309,0.0504888772029268
3007.0,rhc,x,7,49,-0.4573884019106889,-0.1785624079756638,1.232646980039623,0.3105374733969481
3008.0,rhc,x_log,7,49,-0.015650437577285,-0.0078999985115269,1.0938137073437786,0.0583060052625439
3009.0,rhc,r,7,49,0.4609059908173987,0.1182102966162551,1.187228916385266,0.2200469355438114
3010.0,rhc,r_log,7,49,-0.1150279375045996,0.0180517677347772,1.1534416496327822,
3011.0,rhc,dr_diff,7,49,-0.1137746363440788,-0.0263286278809955,1.044166453647327,0.07424543003034
3012.0,rhc,s,8,50,0.0180656857514305,-0.0005236270149709,1.094959325667921,0.0591206820962814
3013.0,rhc,t,8,50,0.0180656857514305,-0.0005236270149709,1.094959325667921,0.0591206820962814
3014.0,rhc,q,8,50,0.1952090448611698,0.052189966334458,1.6517059260882068,0.7737926533110465
3015.0,rhc,drt_log,8,50,0.0140071667677457,-0.0493713789323786,1.4672535396460478,0.109124796529827
3016.0,rhc,drs_log,8,50,0.0140071667677457,-0.0493713789323786,1.4672535396460478,0.109124796529827
3017.0,rhc,drq_log,8,50,0.0374503078564794,0.0112399233396642,1.5242923936222623,0.3506955698953063
3018.0,rhc,drt_direct,8,50,-0.0642089307509634,-0.057386605663724,1.086047116160335,0.0467985096437669
3019.0,rhc,drs_direct,8,50,-0.0642089307509634,-0.057386605663724,1.086047116160335,0.0467985096437669
3020.0,rhc,drq_direct,8,50,-0.0320652595062738,-0.0289849725661594,1.0747401292146663,0.0937602135631397
3021.0,rhc,x,8,50,-0.4575087508902652,-0.1631556626111589,1.259845088837033,0.3152891362399969
3022.0,rhc,x_log,8,50,0.0180656857514305,-0.0005236270149709,1.094959325667921,0.0591206820962814
3023.0,rhc,r,8,50,0.6597463362530815,0.1214194953362819,1.130401441082421,0.2742790673954745
3024.0,rhc,r_log,8,50,-0.0406573331998385,-0.0048138192789366,1.04444302469258,
3025.0,rhc,dr_diff,8,50,-0.1262371284985216,-0.0247311350813981,1.0041223568576547,0.1148887433084757
3026.0,rhc,s,9,51,0.0317596022877435,0.0116006309179713,1.1059826688295056,0.0637399313244119
3027.0,rhc,t,9,51,0.0317596022877435,0.0116006309179713,1.1059826688295056,0.0637399313244119
3028.0,rhc,q,9,51,0.0734498141460955,0.035088374272826,1.730928400782679,0.5562103041965216
3029.0,rhc,drt_log,9,51,0.1619632535566419,-0.0209271733646115,1.174665211700766,0.1327341242638062
3030.0,rhc,drs_log,9,51,0.1619632535566419,-0.0209271733646115,1.174665211700766,0.1327341242638062
3031.0,rhc,drq_log,9,51,-0.0371533729825288,-0.0376443895810381,1.5819562398121991,0.4647053903905053
3032.0,rhc,drt_direct,9,51,0.0825824728878876,-0.0353476593134804,1.0940351457080386,0.043467390285614
3033.0,rhc,drs_direct,9,51,0.0825824728878876,-0.0353476593134804,1.0940351457080386,0.043467390285614
3034.0,rhc,drq_direct,9,51,-0.1630432383391346,-0.0495527254640413,1.1817339534864528,0.1065759564871109
3035.0,rhc,x,9,51,-0.4724206123173025,-0.1761453534150426,1.5365522676849517,0.3178094574928947
3036.0,rhc,x_log,9,51,0.0317596022877435,0.0116006309179713,1.1059826688295056,0.0637399313244119
3037.0,rhc,r,9,51,0.5004300983824224,0.127266174833815,1.1509925222441977,0.2320577434180048
3038.0,rhc,r_log,9,51,0.1673582768196522,0.0266315044653805,1.115418633417227,
3039.0,rhc,dr_diff,9,51,-0.0572749491876822,-0.0026304751884501,1.0375021688073012,0.1202194480034714
3040.0,rhc,s,10,52,0.025046994406312,-0.006111422881104,1.1155839168380792,0.0710663018094073
3041.0,rhc,t,10,52,0.025046994406312,-0.006111422881104,1.1155839168380792,0.0710663018094073
3042.0,rhc,q,10,52,0.0925323617328879,0.0045203007989407,1.835646786640243,0.7034930676146868
3043.0,rhc,drt_log,10,52,0.3731873154980796,-0.0153096071909209,1.285717256489097,0.1407350286015782
3044.0,rhc,drs_log,10,52,0.3731873154980796,-0.0153096071909209,1.285717256489097,0.1407350286015782
3045.0,rhc,drq_log,10,52,0.1922278001258437,-0.011533923267867,1.4428435572390643,0.2533530852106236
3046.0,rhc,drt_direct,10,52,0.0607936862339726,-0.0129680934600522,1.159008727901727,0.0557300645757785
3047.0,rhc,drs_direct,10,52,0.0607936862339726,-0.0129680934600522,1.159008727901727,0.0557300645757785
3048.0,rhc,drq_direct,10,52,-0.0580025186805601,-0.0347700567315262,1.2091989617781072,0.0985609609469406
3049.0,rhc,x,10,52,-0.4343665696552924,-0.1662656473622502,1.1740831647010654,0.2415850474531042
3050.0,rhc,x_log,10,52,0.025046994406312,-0.006111422881104,1.1155839168380792,0.0710663018094073
3051.0,rhc,r,10,52,0.4392236074357409,0.1187375072555815,1.1563051692329194,0.2636208034765102
3052.0,rhc,r_log,10,52,0.2061619402835652,0.0222550289154673,1.1000390285981154,
3053.0,rhc,dr_diff,10,52,-0.0223778632212063,-0.0068720883191835,1.0033409520550938,0.111202186655212
3054.0,rhc,s,11,53,0.0230410452281937,-0.0116430636207151,1.0767027729192875,0.0488301980165784
3055.0,rhc,t,11,53,0.0230410452281937,-0.0116430636207151,1.0767027729192875,0.0488301980165784
3056.0,rhc,q,11,53,0.0617389391313709,0.0258375043974346,1.7513127158150823,0.7438157182306813
3057.0,rhc,drt_log,11,53,0.0869073752961284,-0.0143674786992682,1.2096950073348074,0.0997287372218437
3058.0,rhc,drs_log,11,53,0.0869073752961284,-0.0143674786992682,1.2096950073348074,0.0997287372218437
3059.0,rhc,drq_log,11,53,0.1596304169190476,-0.0184534578316575,1.4719934354955313,0.5400106881180264
3060.0,rhc,drt_direct,11,53,0.0865780312789505,-0.0323418396028815,1.0678889465916546,0.0470730286602824
3061.0,rhc,drs_direct,11,53,0.0865780312789505,-0.0323418396028815,1.0678889465916546,0.0470730286602824
3062.0,rhc,drq_direct,11,53,-0.0513508897849821,-0.0505457188365342,1.141733770892411,0.1410496346508276
3063.0,rhc,x,11,53,-0.4149183226465902,-0.1552246148289341,1.1478013241134604,0.2591319562460101
3064.0,rhc,x_log,11,53,0.0230410452281937,-0.0116430636207151,1.0767027729192875,0.0488301980165784
3065.0,rhc,r,11,53,0.340607412715735,0.0988468354533806,1.1402287078183997,0.2200280698964772
3066.0,rhc,r_log,11,53,0.0257446426600749,-0.0190843505602311,1.1175415747296746,
3067.0,rhc,dr_diff,11,53,-0.1139017251155859,-0.0236187140407409,1.002545075797156,0.0971747888752765
3068.0,rhc,s,12,54,0.0487842160289024,0.0159654829900358,1.0256893522199646,0.0168108792147643
3069.0,rhc,t,12,54,0.0487842160289024,0.0159654829900358,1.0256893522199646,0.0168108792147643
3070.0,rhc,q,12,54,0.0337322083152904,0.0178604934501078,1.7990922317035407,0.7882895490808356
3071.0,rhc,drt_log,12,54,0.0728469517854819,0.0162183511620753,1.1259185027412073,0.1300282511959137
3072.0,rhc,drs_log,12,54,0.0728469517854819,0.0162183511620753,1.1259185027412073,0.1300282511959137
3073.0,rhc,drq_log,12,54,-0.0774232006113182,-0.0301695784566721,1.6254222254312718,0.3108405369144798
3074.0,rhc,drt_direct,12,54,0.0177609322785259,-0.0249832837501628,1.145711345742614,0.0561171369106522
3075.0,rhc,drs_direct,12,54,0.0177609322785259,-0.0249832837501628,1.145711345742614,0.0561171369106522
3076.0,rhc,drq_direct,12,54,-0.1330029032687603,-0.0839501100939546,1.2196141382648895,0.1334772604455098
3077.0,rhc,x,12,54,-0.4114685767122206,-0.1972986213471656,1.3091392229334708,0.2673289697061258
3078.0,rhc,x_log,12,54,0.0487842160289024,0.0159654829900358,1.0256893522199646,0.0168108792147643
3079.0,rhc,r,12,54,0.547709068140636,0.1305199428582504,1.44700621296863,0.2345751890277937
3080.0,rhc,r_log,12,54,-0.025904534875428,0.0156963537219003,1.0990401660705298,
3081.0,rhc,dr_diff,12,54,-0.1296281587627982,-0.0422070944701522,1.021247391681966,0.1153506010161352
3082.0,rhc,s,13,55,-0.0219426376120093,-0.0077428670214768,1.0809828627200564,0.0506424865756341
3083.0,rhc,t,13,55,-0.0219426376120093,-0.0077428670214768,1.0809828627200564,0.0506424865756341
3084.0,rhc,q,13,55,0.2311312678858055,0.0556616510801346,1.5940647647918706,0.7731248184123136
3085.0,rhc,drt_log,13,55,-0.0148771485556942,0.0180465594902147,1.2274126985245688,0.1242751617990389
3086.0,rhc,drs_log,13,55,-0.0148771485556942,0.0180465594902147,1.2274126985245688,0.1242751617990389
3087.0,rhc,drq_log,13,55,-0.1413799367426984,-0.0493894936427276,1.8080153377402783,0.3292885593716123
3088.0,rhc,drt_direct,13,55,0.1374144500527869,-0.0244948676236867,1.2420665332031713,0.0644830804138879
3089.0,rhc,drs_direct,13,55,0.1374144500527869,-0.0244948676236867,1.2420665332031713,0.0644830804138879
3090.0,rhc,drq_direct,13,55,-0.1945423889697752,-0.0738576043779561,1.357867286625724,0.1080254280918631
3091.0,rhc,x,13,55,-0.4591942197615001,-0.1797311076905354,1.2738895421360192,0.3935403658747881
3092.0,rhc,x_log,13,55,-0.0219426376120093,-0.0077428670214768,1.0809828627200564,0.0506424865756341
3093.0,rhc,r,13,55,0.638254419159415,0.1156228990035083,1.14620680173771,0.2587549226004539
3094.0,rhc,r_log,13,55,-0.1265036086300401,0.0174757623951137,1.0701419427484715,
3095.0,rhc,dr_diff,13,55,-0.1148611771970762,-0.0390207531809421,1.0196000887609158,0.1360738169748469
3096.0,rhc,s,14,56,-0.0613081226948866,0.0135840478864673,1.0718942731277532,0.0466845929400995
3097.0,rhc,t,14,56,-0.0613081226948866,0.0135840478864673,1.0718942731277532,0.0466845929400995
3098.0,rhc,q,14,56,0.2634483046423104,0.0444808403730838,1.745967892665057,0.706810043795613
3099.0,rhc,drt_log,14,56,0.1360519028870199,-0.00657671390771,1.2315622143321123,0.1864784711733673
3100.0,rhc,drs_log,14,56,0.1360519028870199,-0.00657671390771,1.2315622143321123,0.1864784711733673
3101.0,rhc,drq_log,14,56,0.0451248859089754,-0.0215817944385418,1.6058106403528762,0.5064178632401777
3102.0,rhc,drt_direct,14,56,0.0510114571996886,-0.0547887221723049,1.19355814817745,0.0694400239813041
3103.0,rhc,drs_direct,14,56,0.0510114571996886,-0.0547887221723049,1.19355814817745,0.0694400239813041
3104.0,rhc,drq_direct,14,56,-0.1210155779061357,-0.0377196645503954,1.22516229675403,0.1415212210589627
3105.0,rhc,x,14,56,-0.418517359533332,-0.1608718212207844,1.1114457770697606,0.292829773974516
3106.0,rhc,x_log,14,56,-0.0613081226948866,0.0135840478864673,1.0718942731277532,0.0466845929400995
3107.0,rhc,r,14,56,0.3599008731953463,0.111418086312567,1.2273456503267028,0.1823449584442475
3108.0,rhc,r_log,14,56,0.2804285098111658,0.002477172723615,1.1994525917425574,
3109.0,rhc,dr_diff,14,56,-0.0874108781185043,-0.017370410963141,1.0282526248096284,0.0941568030618169
3110.0,rhc,s,15,57,0.0819132885898892,0.0130809894908576,1.1661043658515948,0.1024654870951746
3111.0,rhc,t,15,57,0.0819132885898892,0.0130809894908576,1.1661043658515948,0.1024654870951746
3112.0,rhc,q,15,57,-0.0525168290683977,0.0072149487878167,1.845640604087652,0.6530111917305238
3113.0,rhc,drt_log,15,57,0.0790937395635744,-0.0059198722927903,1.2589498581713272,0.150145583694545
3114.0,rhc,drs_log,15,57,0.0790937395635744,-0.0059198722927903,1.2589498581713272,0.150145583694545
3115.0,rhc,drq_log,15,57,0.3024079780242368,-0.0221243934164866,1.4161242109656416,0.2391580752641247
3116.0,rhc,drt_direct,15,57,0.091659807584669,-0.0419042170764784,1.0621902569001327,0.0489549600877153
3117.0,rhc,drs_direct,15,57,0.091659807584669,-0.0419042170764784,1.0621902569001327,0.0489549600877153
3118.0,rhc,drq_direct,15,57,-0.0211035674320754,-0.0631305467758101,1.3262549578912388,0.0954516449003039
3119.0,rhc,x,15,57,-0.4633464963386163,-0.1828574363475858,1.2683622242513486,0.2489929375766651
3120.0,rhc,x_log,15,57,0.0819132885898892,0.0130809894908576,1.1661043658515948,0.1024654870951746
3121.0,rhc,r,15,57,0.3606072225355452,0.1032208984515813,1.052298798420619,0.2610342205004275
3122.0,rhc,r_log,15,57,0.0802003562049307,-0.0022782889978392,1.1050808834425994,
3123.0,rhc,dr_diff,15,57,-0.0899688062068591,-0.0331283201294433,1.041542646465362,0.1256641268983949
3124.0,rhc,s,16,58,-0.0251455912205061,0.0161397175268896,1.021352622876128,0.0134431301769426
3125.0,rhc,t,16,58,-0.0251455912205061,0.0161397175268896,1.021352622876128,0.0134431301769426
3126.0,rhc,q,16,58,-0.126997340028977,-0.0059355273015322,2.0148880464593324,0.6297844943534611
3127.0,rhc,drt_log,16,58,0.3038671638403525,-0.0169416945360486,1.1720747681536845,0.1368460172931986
3128.0,rhc,drs_log,16,58,0.3038671638403525,-0.0169416945360486,1.1720747681536845,0.1368460172931986
3129.0,rhc,drq_log,16,58,0.0138967291883032,0.0156644980887276,1.5166689766067154,0.4195045256983003
3130.0,rhc,drt_direct,16,58,0.094042535532673,-0.0415713153847707,1.1289820571018423,0.0526369619049535
3131.0,rhc,drs_direct,16,58,0.094042535532673,-0.0415713153847707,1.1289820571018423,0.0526369619049535
3132.0,rhc,drq_direct,16,58,-0.1275171912414721,-0.0239516463479902,1.1371854653136977,0.1017718097166022
3133.0,rhc,x,16,58,-0.4104203693760097,-0.1759630116673138,1.2378230799592331,0.3275316197938108
3134.0,rhc,x_log,16,58,-0.0251455912205061,0.0161397175268896,1.021352622876128,0.0134431301769426
3135.0,rhc,r,16,58,0.3323439625513829,0.1257827838513222,1.1901578850491858,0.2089627675551188
3136.0,rhc,r_log,16,58,0.0450997108643018,0.0263252025441333,1.1647358256640767,
3137.0,rhc,dr_diff,16,58,-0.065648436724931,-0.0188660515294031,1.00561917443876,0.0856340015617152
3138.0,rhc,s,17,59,0.031580062373832,0.0072050557032645,1.0625925925925928,0.0400663821716453
3139.0,rhc,t,17,59,0.031580062373832,0.0072050557032645,1.0625925925925928,0.0400663821716453
3140.0,rhc,q,17,59,-0.0550029534735103,-0.0172019463663167,1.9305756707791288,0.583605012356243
3141.0,rhc,drt_log,17,59,0.1668273567277562,0.0133194644079185,1.2278629791450837,0.1310547923275986
3142.0,rhc,drs_log,17,59,0.1668273567277562,0.0133194644079185,1.2278629791450837,0.1310547923275986
3143.0,rhc,drq_log,17,59,0.1861442486915172,-0.022238792940088,1.4341560907934954,0.3866403909640625
3144.0,rhc,drt_direct,17,59,0.1120197440623553,-0.0243154597143299,1.0822592446431805,0.0650522633114502
3145.0,rhc,drs_direct,17,59,0.1120197440623553,-0.0243154597143299,1.0822592446431805,0.0650522633114502
3146.0,rhc,drq_direct,17,59,-0.0706084655590353,-0.0435489740222449,1.192482177003669,0.1308422002484679
3147.0,rhc,x,17,59,-0.4417416835907883,-0.1820759861542446,1.3189331196759964,0.3211089297123722
3148.0,rhc,x_log,17,59,0.031580062373832,0.0072050557032645,1.0625925925925928,0.0400663821716453
3149.0,rhc,r,17,59,0.3428880375505447,0.0936460192625802,1.066642343433514,0.1871127394655271
3150.0,rhc,r_log,17,59,0.1934664489095621,0.0288162404620106,1.132535511816098,
3151.0,rhc,dr_diff,17,59,-0.1100221180650496,-0.0390635537714623,1.010389835040659,0.1542400950351867
3152.0,rhc,s,18,60,0.0671997613457486,0.0051534209777188,1.0956421074295122,0.0602932113781583
3153.0,rhc,t,18,60,0.0671997613457486,0.0051534209777188,1.0956421074295122,0.0602932113781583
3154.0,rhc,q,18,60,0.0153991593142155,0.0526303065923256,1.6670474900092136,0.78111365154436
3155.0,rhc,drt_log,18,60,0.0559255141426002,0.0135131706302042,1.2711719693497947,0.1531955300670945
3156.0,rhc,drs_log,18,60,0.0559255141426002,0.0135131706302042,1.2711719693497947,0.1531955300670945
3157.0,rhc,drq_log,18,60,-0.0732927348938203,-0.0140030959184515,1.5785286932630225,0.4799107680599408
3158.0,rhc,drt_direct,18,60,0.0694771752311445,-0.0259929264209777,1.0754209664023948,0.0638720718118587
3159.0,rhc,drs_direct,18,60,0.0694771752311445,-0.0259929264209777,1.0754209664023948,0.0638720718118587
3160.0,rhc,drq_direct,18,60,-0.1802668038321775,-0.0553982364478353,1.3741069231332068,0.1474785585448554
3161.0,rhc,x,18,60,-0.4332878983733271,-0.1771680655839075,1.1226316635040685,0.3045396722102699
3162.0,rhc,x_log,18,60,0.0671997613457486,0.0051534209777188,1.0956421074295122,0.0602932113781583
3163.0,rhc,r,18,60,0.641055369583599,0.1200996475578766,1.111203331912758,0.2662817446572022
3164.0,rhc,r_log,18,60,-0.0518622874033372,0.0045794734827251,1.1045179888416978,
3165.0,rhc,dr_diff,18,60,-0.1060721544511461,-0.0254140825599763,1.0173555173447892,0.1012855172121824
3166.0,rhc,s,19,61,0.0172655813465552,0.0115937363040645,1.0767388290932811,0.0484894152803807
3167.0,rhc,t,19,61,0.0172655813465552,0.0115937363040645,1.0767388290932811,0.0484894152803807
3168.0,rhc,q,19,61,-0.0161487269770377,-0.0061889597451319,1.8096767352719865,0.6961905143395968
3169.0,rhc,drt_log,19,61,0.3324908396671342,-0.0194939373745725,1.1303828937990743,0.1095188602767107
3170.0,rhc,drs_log,19,61,0.3324908396671342,-0.0194939373745725,1.1303828937990743,0.1095188602767107
3171.0,rhc,drq_log,19,61,0.1719633603439172,-0.0167586617095508,1.4545630930183644,0.3237178946616409
3172.0,rhc,drt_direct,19,61,0.0761795928661426,-0.0595457361869917,1.1023564717156342,0.0656196176702708
3173.0,rhc,drs_direct,19,61,0.0761795928661426,-0.0595457361869917,1.1023564717156342,0.0656196176702708
3174.0,rhc,drq_direct,19,61,-0.0548331626707965,-0.0341946043377202,1.2247310949250352,0.0984015340470066
3175.0,rhc,x,19,61,-0.4201739493678051,-0.1662374165989783,1.1978773625029835,0.29902725685319
3176.0,rhc,x_log,19,61,0.0172655813465552,0.0115937363040645,1.0767388290932811,0.0484894152803807
3177.0,rhc,r,19,61,0.4564824747518379,0.0938010054435816,1.1025998338374734,0.2218758937453717
3178.0,rhc,r_log,19,61,-0.0644769568889165,0.0090196043323814,1.1100149921001914,
3179.0,rhc,dr_diff,19,61,-0.0582890313431969,-0.0238249565307103,1.0190759964309348,0.0873639556824528
3180.0,rhc,s,20,62,0.027416484410109,0.015812659493992,1.122620995298942,0.0759414118612764
3181.0,rhc,t,20,62,0.027416484410109,0.015812659493992,1.122620995298942,0.0759414118612764
3182.0,rhc,q,20,62,0.0715389369009171,0.0382489992202465,1.6936949879645522,0.8011502127043781
3183.0,rhc,drt_log,20,62,0.2748465308312926,0.0148143153507466,1.2196683041592111,0.1021687126053524
3184.0,rhc,drs_log,20,62,0.2748465308312926,0.0148143153507466,1.2196683041592111,0.1021687126053524
3185.0,rhc,drq_log,20,62,0.2342143099022799,-0.0095517634611989,1.4182502475224772,0.4638560845272514
3186.0,rhc,drt_direct,20,62,0.3227053209302128,-0.0332713087935302,1.19368549535042,0.0467568733723164
3187.0,rhc,drs_direct,20,62,0.3227053209302128,-0.0332713087935302,1.19368549535042,0.0467568733723164
3188.0,rhc,drq_direct,20,62,0.0328485589058544,-0.057863260017803,1.1932325718820205,0.1105294489122008
3189.0,rhc,x,20,62,-0.4584100553620014,-0.1703643831124703,1.2399596116633425,0.2564469500090962
3190.0,rhc,x_log,20,62,0.027416484410109,0.015812659493992,1.122620995298942,0.0759414118612764
3191.0,rhc,r,20,62,0.6526616731187884,0.1152851779662413,1.1103545975318891,0.2551075865557027
3192.0,rhc,r_log,20,62,-0.0479703852657316,0.05581561977456,1.0416045726940837,
3193.0,rhc,dr_diff,20,62,-0.0844714556938603,-0.0169420327474036,1.0269753056879425,0.1014120051510793
3194.0,rhc,s,21,63,0.05777456571678,0.0210535143537403,1.0038490222282286,0.002480677170028
3195.0,rhc,t,21,63,0.05777456571678,0.0210535143537403,1.0038490222282286,0.002480677170028
3196.0,rhc,q,21,63,0.0589062402355118,0.0164478266532606,1.751808717767973,0.8095526379781315
3197.0,rhc,drt_log,21,63,0.01965090335776,-0.0202425386809584,1.262187213651717,0.1731695996431131
3198.0,rhc,drs_log,21,63,0.01965090335776,-0.0202425386809584,1.262187213651717,0.1731695996431131
3199.0,rhc,drq_log,21,63,-0.0892820036609751,-0.0575663018181825,1.5979968590196836,0.3093899872714957
3200.0,rhc,drt_direct,21,63,0.0543941592920833,-0.0485172645474882,1.3242736447559311,0.06310002198232
3201.0,rhc,drs_direct,21,63,0.0543941592920833,-0.0485172645474882,1.3242736447559311,0.06310002198232
3202.0,rhc,drq_direct,21,63,-0.2680243450226239,-0.1099032801233915,1.2373421317777704,0.1288704747305213
3203.0,rhc,x,21,63,-0.3999690533781307,-0.1883165477201338,1.2569590487730509,0.3766364945047619
3204.0,rhc,x_log,21,63,0.05777456571678,0.0210535143537403,1.0038490222282286,0.002480677170028
3205.0,rhc,r,21,63,0.5543744212781743,0.1346493067962122,1.113601977721429,0.2138029102057049
3206.0,rhc,r_log,21,63,0.0084276746132851,0.0106806900869317,1.0448325196160118,
3207.0,rhc,dr_diff,21,63,-0.0783469046290302,-0.0261512846295353,1.0039007771515065,0.1343107916126854
3208.0,rhc,s,22,64,0.0665450417223143,0.0031430873671452,1.068115035948734,0.0428178424051876
3209.0,rhc,t,22,64,0.0665450417223143,0.0031430873671452,1.068115035948734,0.0428178424051876
3210.0,rhc,q,22,64,0.2002985924036906,0.0330591032272438,1.7525967680636108,0.7700751856249762
3211.0,rhc,drt_log,22,64,-0.0128263184306487,-0.0090473658466269,1.3790696566009135,0.1376862533673015
3212.0,rhc,drs_log,22,64,-0.0128263184306487,-0.0090473658466269,1.3790696566009135,0.1376862533673015
3213.0,rhc,drq_log,22,64,0.1946565521991112,0.0109032190933895,1.3771909826587874,0.3871371478509115
3214.0,rhc,drt_direct,22,64,0.1394053618039188,-0.0233861508888154,1.1555562535980457,0.0774653934939775
3215.0,rhc,drs_direct,22,64,0.1394053618039188,-0.0233861508888154,1.1555562535980457,0.0774653934939775
3216.0,rhc,drq_direct,22,64,-0.1038009692035208,-0.0279672041272104,1.2117246001761552,0.0897126638889651
3217.0,rhc,x,22,64,-0.4381682653577629,-0.173899084372629,1.7935027051366683,0.3521644368305487
3218.0,rhc,x_log,22,64,0.0665450417223143,0.0031430873671452,1.068115035948734,0.0428178424051876
3219.0,rhc,r,22,64,0.6276516779189694,0.1324161341729776,1.1441261472552415,0.2486903528371247
3220.0,rhc,r_log,22,64,0.0230670237008387,0.0061538672136265,1.06141407411931,
3221.0,rhc,dr_diff,22,64,-0.0810956600954481,-0.0187813664874597,1.046369168943818,0.0624721667128681
3222.0,rhc,s,23,65,-0.0266966872467393,-0.0046163321412992,1.0479476033491846,0.0313423727520644
3223.0,rhc,t,23,65,-0.0266966872467393,-0.0046163321412992,1.0479476033491846,0.0313423727520644
3224.0,rhc,q,23,65,0.1020163937647806,0.0487334448142391,1.6782389479447604,0.735125386414441
3225.0,rhc,drt_log,23,65,0.2643949241594587,-0.029891706774909,1.229059572469604,0.1359691300758378
3226.0,rhc,drs_log,23,65,0.2643949241594587,-0.029891706774909,1.229059572469604,0.1359691300758378
3227.0,rhc,drq_log,23,65,0.112473962822587,-0.0154248091144094,1.4572300318575744,0.3441321597948306
3228.0,rhc,drt_direct,23,65,0.0919802526935811,-0.054345112470098,1.13253613726687,0.0952508664858691
3229.0,rhc,drs_direct,23,65,0.0919802526935811,-0.054345112470098,1.13253613726687,0.0952508664858691
3230.0,rhc,drq_direct,23,65,-0.1832062467198231,-0.0549348752839538,1.3112901552153655,0.0925192365434655
3231.0,rhc,x,23,65,-0.4007897259932425,-0.1842466326776818,1.1673466722911836,0.288451015295995
3232.0,rhc,x_log,23,65,-0.0266966872467393,-0.0046163321412992,1.0479476033491846,0.0313423727520644
3233.0,rhc,r,23,65,0.4693021135745185,0.1285688938807235,1.0502531423975452,0.2252349640584417
3234.0,rhc,r_log,23,65,-0.070625101849215,-0.0301867476573983,1.1530902429697778,
3235.0,rhc,dr_diff,23,65,-0.0725180598250309,-0.0300885800487941,1.0171720166264462,0.1219961932955513
3236.0,rhc,s,24,66,-0.083724414799354,-0.0077787885850492,1.0027810247418665,0.0018371234057886
3237.0,rhc,t,24,66,-0.083724414799354,-0.0077787885850492,1.0027810247418665,0.0018371234057886
3238.0,rhc,q,24,66,0.0623646636961557,-0.0062632205921059,1.8054248794136505,0.8135024639151959
3239.0,rhc,drt_log,24,66,0.1711698424652866,-0.0162016846533313,1.2128020645370876,0.1665236785812353
3240.0,rhc,drs_log,24,66,0.1711698424652866,-0.0162016846533313,1.2128020645370876,0.1665236785812353
3241.0,rhc,drq_log,24,66,-0.1051918851006593,-0.0417602008713583,1.6233441447992467,0.3228500741594584
3242.0,rhc,drt_direct,24,66,0.0945365569148598,-0.0474199649742534,1.1903925273174634,0.0664290945503106
3243.0,rhc,drs_direct,24,66,0.0945365569148598,-0.0474199649742534,1.1903925273174634,0.0664290945503106
3244.0,rhc,drq_direct,24,66,-0.2017160955356643,-0.0757444094137567,1.3368481034818809,0.1064246212569226
3245.0,rhc,x,24,66,-0.3861625772405167,-0.1842312819122726,1.1127998963725234,0.304878704662841
3246.0,rhc,x_log,24,66,-0.083724414799354,-0.0077787885850492,1.0027810247418665,0.0018371234057886
3247.0,rhc,r,24,66,0.4650089400365663,0.1145051862577197,1.0562359534113777,0.2270483231005741
3248.0,rhc,r_log,24,66,-0.0062405620783458,0.0028811544670056,1.0990115926433772,
3249.0,rhc,dr_diff,24,66,-0.0791285258731547,-0.0201650168980338,1.01830239172174,0.0766040258371104
3250.0,cattaneo,s,0,42,0.1337947058179962,0.004033360734428,2.418940165045912,0.021005884868778
3251.0,cattaneo,t,0,42,0.446874580837227,0.0059408779703399,4.64322228479473,0.0704768690387099
3252.0,cattaneo,q,0,42,-0.3509252407033691,-0.0121866283258438,2.84197843345879,0.2053786355372652
3253.0,cattaneo,drt_log,0,42,0.5669505994386528,0.0060177746351394,4.49545007244053,0.1275439057543324
3254.0,cattaneo,drs_log,0,42,0.0153779333592849,-0.0008238035262605,2.78945894427616,0.1017599601541988
3255.0,cattaneo,drq_log,0,42,-0.4788706999393022,-0.0133637922771285,4.852817561388828,0.1257348830657777
3256.0,cattaneo,drt_direct,0,42,0.4612434441929123,0.0025866410250738,11.374051469159374,0.7044549966067165
3257.0,cattaneo,drs_direct,0,42,-0.0914731715880676,0.0017013217202063,2.5200069667045395,0.2813420763390351
3258.0,cattaneo,drq_direct,0,42,-0.5570416894354715,-0.0030390510953893,3.3131595764321475,0.405508783400523
3259.0,cattaneo,x,0,42,0.1795312465635414,0.0044122330055225,5.015976501917448,0.1064694843266248
3260.0,cattaneo,x_log,0,42,0.4125869630768948,0.0082177733428498,3.653975245084938,0.0882005974993116
3261.0,cattaneo,r,0,42,0.5336143575532031,0.0035096029229104,9.076182945946345,0.1918715276967892
3262.0,cattaneo,r_log,0,42,0.5879866235821072,0.0103054810970345,3.1842505485929378,0.1426341379567393
3263.0,cattaneo,dr_diff,0,42,0.7763614740901228,0.0082404544224385,10.343423115485074,0.5942171358180924
3264.0,cattaneo,s,1,43,0.0819521377038317,-0.0028619089039501,2.13705700868775,0.0831800398767569
3265.0,cattaneo,t,1,43,0.947128451709252,0.0085350764774526,3.918169117874141,0.1211459158499152
3266.0,cattaneo,q,1,43,1.8363142501405965,-0.0014257919724183,3.669485196308655,0.1391339304562762
3267.0,cattaneo,drt_log,1,43,1.1223017901942818,0.0045450883194936,7.601728456613831,0.1457856209731639
3268.0,cattaneo,drs_log,1,43,1.4962642335761944,0.0021770843213676,3.893364914111471,0.1224430208603031
3269.0,cattaneo,drq_log,1,43,0.890529791590176,0.0003273851868139,4.230621464694822,0.2188683257243367
3270.0,cattaneo,drt_direct,1,43,-0.4301179381161795,-0.0121905880564968,8.550103186962552,0.5990809622994236
3271.0,cattaneo,drs_direct,1,43,0.2610448282199562,-0.0068091780488225,3.2869099308028,0.2024929391181302
3272.0,cattaneo,drq_direct,1,43,0.1572591587922729,-0.0087236203806698,5.572036047420887,0.2968843086934755
3273.0,cattaneo,x,1,43,0.6073356363256854,-0.0022260010045614,8.302088410897722,0.0935034909618002
3274.0,cattaneo,x_log,1,43,0.6502487135435056,0.0077647330295217,3.5850088808781586,0.0602965258805617
3275.0,cattaneo,r,1,43,1.8867356412649685,0.0029100351596519,7.890409991848752,0.1072268582712592
3276.0,cattaneo,r_log,1,43,0.0875460677842854,0.0027888572358606,3.0116822044222253,0.1544659462094131
3277.0,cattaneo,dr_diff,1,43,1.489092624704687,0.0105535139172724,11.642820813329738,0.5513331703283902
3278.0,cattaneo,s,2,44,1.6909641893694132,0.0141310469778733,1.5234743546563336,0.091655919888661
3279.0,cattaneo,t,2,44,1.6126620753906311,0.0139606405453005,5.416204599391581,0.0965674519262643
3280.0,cattaneo,q,2,44,0.8412772088891622,-0.0026665130613093,3.5350409189872543,0.2148721647153322
3281.0,cattaneo,drt_log,2,44,1.5653733257923077,0.00129591015167,4.662924487653696,0.1722112372413502
3282.0,cattaneo,drs_log,2,44,2.401987135881394,-0.0067858219906502,1.947313247372271,0.2013996617241628
3283.0,cattaneo,drq_log,2,44,1.560331907058654,-0.0104423341062141,2.7818166777370568,0.2572292053168109
3284.0,cattaneo,drt_direct,2,44,2.174245730878448,0.0028547383416508,6.763924060359378,0.5830993661433244
3285.0,cattaneo,drs_direct,2,44,1.7560450813636717,0.0011325341783663,2.101621354411072,0.1570792934913363
3286.0,cattaneo,drq_direct,2,44,0.7060368402767394,-0.0012504196354307,5.497791849991439,0.3315877004880545
3287.0,cattaneo,x,2,44,1.8295424505327584,0.0029653780414173,5.047981384090044,0.0362548738802344
3288.0,cattaneo,x_log,2,44,1.970815746510692,0.0094137653887202,3.0992828102585688,0.0700229585005638
3289.0,cattaneo,r,2,44,1.5738979597628386,0.0054912936608744,6.009705394388534,0.11299272195287
3290.0,cattaneo,r_log,2,44,1.29541560065346,0.0025853261318882,2.646317713989548,0.1310329830900749
3291.0,cattaneo,dr_diff,2,44,2.06800793391398,0.0139599202755313,11.711895561988614,0.5245732327109368
3292.0,cattaneo,s,3,45,0.6409523692549413,0.0162895114942528,1.8657045266391,0.0746772675641735
3293.0,cattaneo,t,3,45,0.3599326755045919,0.0111146465537284,4.825970646739821,0.1555785524661052
3294.0,cattaneo,q,3,45,0.4036079064923838,-0.0081264473044226,2.9792383391673307,0.1743555706413267
3295.0,cattaneo,drt_log,3,45,0.3172250829049461,0.0023709861312659,4.893353118165631,0.097590221060647
3296.0,cattaneo,drs_log,3,45,1.594415774387005,-0.0059958030677174,2.5051632165052906,0.1213731270889677
3297.0,cattaneo,drq_log,3,45,0.573641995472788,-0.0024023541371025,3.6532442005202426,0.1824416251823975
3298.0,cattaneo,drt_direct,3,45,0.6178529225650711,0.0107893788733975,8.634920711901279,1.2320476683311223
3299.0,cattaneo,drs_direct,3,45,0.9683079743989964,0.0096442879830138,2.2514187180543948,0.2142374971377932
3300.0,cattaneo,drq_direct,3,45,0.0520330802130981,0.0057373844828922,3.5027771717092,0.5147176230593176
3301.0,cattaneo,x,3,45,-0.2236804664171146,0.005938629114587,7.651474172508555,0.0887979756599321
3302.0,cattaneo,x_log,3,45,-0.0720326779072833,0.0146062204526079,3.119005613949088,0.208877208350668
3303.0,cattaneo,r,3,45,0.9218057432791222,0.0068329262841841,3.917400110133609,0.1259748463207956
3304.0,cattaneo,r_log,3,45,-0.1239533861195174,0.0063700728178691,2.266151267656947,0.254373661263125
3305.0,cattaneo,dr_diff,3,45,0.0679053461989456,0.0174066668203331,8.099605176300482,0.5794121582981461
3306.0,cattaneo,s,4,46,-0.0512284848737851,-0.0018968671807042,2.396641414452909,0.0746881762813261
3307.0,cattaneo,t,4,46,-0.1910081593280614,0.0002930851585068,8.962327253308647,0.1352862841348348
3308.0,cattaneo,q,4,46,-0.6433777789622495,-0.014051815586776,6.153200950627792,0.2582210723445715
3309.0,cattaneo,drt_log,4,46,0.0169490651403663,-0.0047898765625167,5.109992592540325,0.1442536968887543
3310.0,cattaneo,drs_log,4,46,-0.2005593314318807,-0.0134515168426958,4.754946207095802,0.0684420892986871
3311.0,cattaneo,drq_log,4,46,-0.989188630634743,-0.0122392155803326,4.077682541036267,0.2325313539656234
3312.0,cattaneo,drt_direct,4,46,0.2427481447388935,0.015151466973711,5.8355844222368285,1.208399977468071
3313.0,cattaneo,drs_direct,4,46,0.6065227045971353,0.0151468525824482,2.7642785474923603,0.2165934142510841
3314.0,cattaneo,drq_direct,4,46,-1.1721300119858489,0.0068334646057732,2.5805200871591034,0.4365147375802143
3315.0,cattaneo,x,4,46,-0.3606103895761161,-0.0001638234745325,9.92571716404064,0.116917183581845
3316.0,cattaneo,x_log,4,46,-0.4518815991073204,-0.0011215949148401,6.09987794058007,0.057141019677433
3317.0,cattaneo,r,4,46,-0.4542464839856581,-0.0024004105298059,10.99148109390574,0.0888609398122879
3318.0,cattaneo,r_log,4,46,0.7052383837680489,0.0051018261914861,5.466690033828391,0.1283347489606667
3319.0,cattaneo,dr_diff,4,46,-0.5996967922071201,0.0154773688438986,5.633622622481219,0.6101423064785629
3320.0,cattaneo,s,5,47,1.4628863297383177,0.0088186003018044,2.194222773660436,0.0537462478817931
3321.0,cattaneo,t,5,47,0.9621074833290404,0.0123887056122776,5.592185630062375,0.0695880106694487
3322.0,cattaneo,q,5,47,0.0892420487921761,-0.0040110327168817,4.734352561400944,0.1167768060568823
3323.0,cattaneo,drt_log,5,47,1.272170044788561,0.0087528454697232,7.357858843615901,0.1391331903098706
3324.0,cattaneo,drs_log,5,47,1.710165209754555,0.0093329440377576,3.402554640844348,0.1844648283073335
3325.0,cattaneo,drq_log,5,47,0.8881856694365267,-0.0024061637128363,4.566199456924386,0.0446199274755573
3326.0,cattaneo,drt_direct,5,47,0.7582555866036458,0.0189866997367238,5.830414269383387,0.560246453468969
3327.0,cattaneo,drs_direct,5,47,0.1830094927937784,0.0145006943106659,1.8008730303313114,0.1893717579487917
3328.0,cattaneo,drq_direct,5,47,1.301092572144709,0.0120260587234315,3.4103651287991883,0.3340856517119071
3329.0,cattaneo,x,5,47,-0.1317164605420213,0.0043052759583895,6.741703947250186,0.0721375868871175
3330.0,cattaneo,x_log,5,47,0.4175114119259091,0.0133275741668272,6.224445244343133,0.1373525344750585
3331.0,cattaneo,r,5,47,0.2053754261118032,0.011252299653246,12.30471968634442,0.0902553755618536
3332.0,cattaneo,r_log,5,47,1.2685533545866718,0.0125235543890066,3.825733671439292,0.1302951618952082
3333.0,cattaneo,dr_diff,5,47,0.0624683039636053,0.0089331093880434,5.48427019984068,0.6368700186966834
3334.0,cattaneo,s,6,48,1.210059443822429,0.004710889725242,2.558896833105633,0.0348665296302477
3335.0,cattaneo,t,6,48,0.9199575925360964,0.0023343514538693,9.457185116815152,0.1256537120297937
3336.0,cattaneo,q,6,48,-0.1844598771699761,-0.0057253971371545,3.444262022455086,0.2212435041315789
3337.0,cattaneo,drt_log,6,48,-0.1985880168464588,-0.00647352235707,6.691688171224262,0.0559975939055977
3338.0,cattaneo,drs_log,6,48,-0.8193370680664436,-0.0074544262934067,3.0751629078403524,0.0832139074081662
3339.0,cattaneo,drq_log,6,48,-0.2974733263986,-0.007830254389211,3.3527371571083333,0.1366008298211646
3340.0,cattaneo,drt_direct,6,48,0.9634732282167268,-0.0098095986313669,3.925165781264936,0.9864113363039496
3341.0,cattaneo,drs_direct,6,48,0.5650148254991352,-0.0082377190434735,2.336796805729473,0.2852547456305129
3342.0,cattaneo,drq_direct,6,48,-0.1752472003197287,-0.0124141997576378,6.31023659903232,0.5705298116903538
3343.0,cattaneo,x,6,48,1.791062969634429,-0.0046725893463806,4.909718777816627,0.0921796917400912
3344.0,cattaneo,x_log,6,48,0.7666498999632869,0.0035173786369482,5.204400228336152,0.2988120964415242
3345.0,cattaneo,r,6,48,0.8516096909119597,-0.0041256868569365,2.6623439376397133,0.0302859923184475
3346.0,cattaneo,r_log,6,48,-0.0001798581206424,-0.0017422477871945,6.860470087366503,0.2758375756433499
3347.0,cattaneo,dr_diff,6,48,0.5649091211631416,-0.0035526836143196,10.943240145439937,0.2513736881668375
3348.0,cattaneo,s,7,49,1.851197135275357,-0.0020882248507333,2.055039435562915,0.0877474976703549
3349.0,cattaneo,t,7,49,1.1535274026150684,0.0062862668482266,6.767909320758293,0.0681331894238427
3350.0,cattaneo,q,7,49,0.2794696437497523,-0.0056391018097398,4.381793072846685,0.1261365530641579
3351.0,cattaneo,drt_log,7,49,0.9433437853076714,-0.0029742825374549,7.61423929456583,0.1748678739682501
3352.0,cattaneo,drs_log,7,49,1.3508546588047388,0.0017896781073709,2.8394298258405004,0.0747462317420128
3353.0,cattaneo,drq_log,7,49,1.1941685696653035,0.0050456511102994,3.2458448181142336,0.1153456402811219
3354.0,cattaneo,drt_direct,7,49,1.0049283277869745,0.0114701149677875,9.370023679769028,0.6503054522550216
3355.0,cattaneo,drs_direct,7,49,1.2609197444879707,0.0130758855975036,2.927264450874928,0.1429111916351993
3356.0,cattaneo,drq_direct,7,49,-0.0328586352104411,0.0076603514706409,6.2644381630949,0.3620210456268641
3357.0,cattaneo,x,7,49,1.2090203224232998,0.0044145174932091,6.995339904849005,0.070049594494598
3358.0,cattaneo,x_log,7,49,0.7948702262741292,0.0066784841369914,4.360492358625695,0.067862733377038
3359.0,cattaneo,r,7,49,1.115310890843909,0.0057605372614751,5.71573000924448,0.1350032028370963
3360.0,cattaneo,r_log,7,49,2.403553403687886,0.0162412427867286,2.796007993536953,0.0690128322892445
3361.0,cattaneo,dr_diff,7,49,-0.3020381174578483,0.0082491963924423,19.09809028823817,0.6472430820873608
3362.0,cattaneo,s,8,50,0.6349932403085781,-0.0043456183390406,1.835217832952964,0.0721671004397619
3363.0,cattaneo,t,8,50,3.114722153064096,0.0072296830699668,4.770143712268928,0.054331950509509
3364.0,cattaneo,q,8,50,0.5053823215389288,-0.0031594933423756,3.927512261226114,0.1325808230705788
3365.0,cattaneo,drt_log,8,50,2.397729614051952,0.0014669475797164,5.206223545780047,0.1116842015307258
3366.0,cattaneo,drs_log,8,50,2.734119525707664,-0.0075719748088934,3.0897423623474367,0.078735437431742
3367.0,cattaneo,drq_log,8,50,3.2980950987920656,0.0015001536856514,6.25589700292043,0.0852916165633055
3368.0,cattaneo,drt_direct,8,50,1.2665631975936136,0.0163867921407689,5.912163342219833,0.52277420226767
3369.0,cattaneo,drs_direct,8,50,0.9140910412976782,0.0173456769410538,2.162493595419903,0.1370038190923879
3370.0,cattaneo,drq_direct,8,50,-0.0260456781679736,0.0092515716365711,5.692901767529236,0.3011694706560753
3371.0,cattaneo,x,8,50,3.32584109102547,0.0125070079091618,2.849861739320306,0.0363615253674238
3372.0,cattaneo,x_log,8,50,5.507673304883811,0.0191975703237771,2.923814308676102,0.0703483828924881
3373.0,cattaneo,r,8,50,0.4049287483442216,-0.0023944426982572,7.011094577415375,0.0970850431214697
3374.0,cattaneo,r_log,8,50,0.9599790979822624,0.0049180514483477,2.5546229583616897,0.1733377407887763
3375.0,cattaneo,dr_diff,8,50,1.178356265357214,0.0184594214749357,2.7346857862655254,0.4463679802992716
3376.0,cattaneo,s,9,51,1.7888208814288356,0.007568460619471,1.701036069189656,0.0572761353830138
3377.0,cattaneo,t,9,51,1.7048296718522922,0.0081183182450367,5.682872258538671,0.0665665300525685
3378.0,cattaneo,q,9,51,1.3078779471839646,-0.0025288320081482,2.2918307718632045,0.208097246874841
3379.0,cattaneo,drt_log,9,51,1.5991819812283437,0.0115923208754455,3.704011762240336,0.1417565356042033
3380.0,cattaneo,drs_log,9,51,1.6829612589268552,0.0019729274925881,2.882307119630839,0.0627494082889454
3381.0,cattaneo,drq_log,9,51,1.7810490688125815,0.005210992249501,2.8863095201526865,0.1203371619043442
3382.0,cattaneo,drt_direct,9,51,1.4215437369894717,0.0101737929986511,7.615295731049367,0.8446990814416392
3383.0,cattaneo,drs_direct,9,51,1.3352365143158518,0.0088139367192299,2.597867336349971,0.2775346888905552
3384.0,cattaneo,drq_direct,9,51,0.7463269029776591,0.0047274515799669,5.097070697864353,0.4132586324005783
3385.0,cattaneo,x,9,51,1.1184649490689758,0.0091807228983302,6.834276031455746,0.0334176912181859
3386.0,cattaneo,x_log,9,51,1.7903352982711285,0.0103656794149922,3.488289873097292,0.1076519707180383
3387.0,cattaneo,r,9,51,1.372984354829149,0.0066729127024643,4.685409970177705,0.1277993774273299
3388.0,cattaneo,r_log,9,51,0.7943461165933532,0.0104147796939024,2.772396909828984,0.1244111819505754
3389.0,cattaneo,dr_diff,9,51,0.5925308089635895,0.014401321554631,13.106892444065652,0.8791228639660386
3390.0,cattaneo,s,10,52,0.5698317411632963,0.016750797728232,1.8690995155841328,0.1335516395840618
3391.0,cattaneo,t,10,52,0.5457845851400895,0.0064681131052563,8.183490007665705,0.1397665723588435
3392.0,cattaneo,q,10,52,1.146039379746958,0.0037559581955476,3.446851610790802,0.0985900257861394
3393.0,cattaneo,drt_log,10,52,1.4062639204768188,0.0128029428180536,4.662337375215226,0.1292987120165588
3394.0,cattaneo,drs_log,10,52,1.711629462601039,0.0176577815596874,3.358399973245679,0.1062068116049934
3395.0,cattaneo,drq_log,10,52,1.2617649536692466,0.0069043053769128,3.2471522449417485,0.1521805307434068
3396.0,cattaneo,drt_direct,10,52,0.9578344334806724,0.0111733502853946,5.112480833583603,0.5121621696355337
3397.0,cattaneo,drs_direct,10,52,-0.0062945348327958,0.007322225702127,2.9427938950079766,0.2185141679216669
3398.0,cattaneo,drq_direct,10,52,1.0237996031476286,0.008892429822517,3.2324801249566675,0.2527794516344516
3399.0,cattaneo,x,10,52,0.6889202913437535,0.007032745602845,4.276424359390485,0.0957227529492845
3400.0,cattaneo,x_log,10,52,0.6913762375554477,0.0212037453747759,3.693533197219504,0.0634220584176159
3401.0,cattaneo,r,10,52,0.2040271922938665,0.0005461312345495,4.958679228509772,0.1414734526204464
3402.0,cattaneo,r_log,10,52,0.5260245118808053,0.0133628834980694,3.730157067082781,0.1321700217310715
3403.0,cattaneo,dr_diff,10,52,0.1632006907003007,0.0131192575455066,4.165983741024524,0.6012633827899196
3404.0,cattaneo,s,11,53,2.449796652371864,-0.0041567904443624,2.2237970405984595,0.0635688455760125
3405.0,cattaneo,t,11,53,0.808876755115906,-0.0186488658916215,7.896643006932647,0.1126702422021439
3406.0,cattaneo,q,11,53,-0.1052827113543739,-0.0168646636268597,3.442485439517359,0.1928543708197048
3407.0,cattaneo,drt_log,11,53,0.9169793551003383,-0.0081976963802506,4.906009879632082,0.2747070179100194
3408.0,cattaneo,drs_log,11,53,0.4438160279571939,-0.0216690312695271,3.2829135116654995,0.19910415624049
3409.0,cattaneo,drq_log,11,53,0.3217830435128093,-0.0201964723824141,5.001237847630961,0.1995155608142624
3410.0,cattaneo,drt_direct,11,53,0.9603611409951488,0.0112370460003154,5.138687050067744,0.5291163648874833
3411.0,cattaneo,drs_direct,11,53,1.549114509045797,0.0079460741495558,2.211792419321276,0.1574470698134673
3412.0,cattaneo,drq_direct,11,53,1.3043740184528314,0.0033931043357217,4.4418839172896,0.3177700694847408
3413.0,cattaneo,x,11,53,1.3142099030912378,-0.0081415916808793,3.1312889894680507,0.0759868074344458
3414.0,cattaneo,x_log,11,53,1.6748824603761152,0.0035231557994518,4.225140667946408,0.0498683201530629
3415.0,cattaneo,r,11,53,2.267903420940139,-0.0089554252545682,5.486669924574268,0.1258810807271151
3416.0,cattaneo,r_log,11,53,1.237190119122479,0.0074272485777833,3.020612320020002,0.1439043264809942
3417.0,cattaneo,dr_diff,11,53,0.6819154626249557,0.0010473004235894,8.065977945136598,0.5110702075614872
3418.0,cattaneo,s,12,54,3.6348276167196376,-0.0006614194759729,2.2165392823128656,0.0938017261998577
3419.0,cattaneo,t,12,54,2.200598801315352,-0.0106398325394199,6.772800506475984,0.0682912010044157
3420.0,cattaneo,q,12,54,-0.0669982145022145,-0.0253301932029267,2.956370195300816,0.2006318434544576
3421.0,cattaneo,drt_log,12,54,2.2013042578357203,-0.009795588995996,5.559754454015074,0.2711431575253114
3422.0,cattaneo,drs_log,12,54,3.2532279362058008,0.0127857530637562,2.740263442790221,0.0862732925141555
3423.0,cattaneo,drq_log,12,54,3.24653136059558,-0.0094322193114826,3.0170730742115484,0.130885340708428
3424.0,cattaneo,drt_direct,12,54,0.8516694945930983,0.0111237529626759,6.028631471637012,1.171597114122655
3425.0,cattaneo,drs_direct,12,54,1.550532353226707,0.014205590136602,2.2362521204490804,0.1749047118604089
3426.0,cattaneo,drq_direct,12,54,1.9245387132982064,0.0010890690790255,2.787166611655304,0.4241596650976282
3427.0,cattaneo,x,12,54,2.429254622770114,-0.0054803852003462,6.05186230572688,0.0838098948589221
3428.0,cattaneo,x_log,12,54,0.8970487205157194,0.0073452407452107,5.820165507657812,0.1737892827731289
3429.0,cattaneo,r,12,54,1.3932968308920437,0.000419290969714,4.417160171208689,0.1332361331768312
3430.0,cattaneo,r_log,12,54,2.315162272604927,-0.0008558860796899,4.540663764902376,0.1234741920597429
3431.0,cattaneo,dr_diff,12,54,1.4296163901839654,0.0102268806674727,6.941319199757015,0.5038599185560511
3432.0,cattaneo,s,13,55,0.0468455247862462,-0.0013080254458592,1.826494618065315,0.0640355547019568
3433.0,cattaneo,t,13,55,0.1830765614703411,-0.0119263456717111,7.001347600818945,0.1511698925902068
3434.0,cattaneo,q,13,55,1.888214384988958,0.0031341141489501,3.2950535739508022,0.1165793732063461
3435.0,cattaneo,drt_log,13,55,-0.4526106378823624,-0.0192648026814602,9.00291513801065,0.2383934091192125
3436.0,cattaneo,drs_log,13,55,0.0917476087530588,0.001511607749509,3.956581397750443,0.0716884912616085
3437.0,cattaneo,drq_log,13,55,-0.3039838477376331,-0.0114908900410809,4.314145862532804,0.1638951839178336
3438.0,cattaneo,drt_direct,13,55,0.2276888714806011,0.0116756587726481,9.249123509920237,0.5551208937956269
3439.0,cattaneo,drs_direct,13,55,-0.0655691810820626,0.0125107469309019,2.0774718457144683,0.1162659344375417
3440.0,cattaneo,drq_direct,13,55,1.3400263727809922,0.0126957235013123,4.525459868322135,0.2355263646143087
3441.0,cattaneo,x,13,55,0.3597467629875335,-0.0023840985859775,7.455782081013259,0.1062913512809672
3442.0,cattaneo,x_log,13,55,0.3871186934455592,0.0078324608424968,4.10802331012692,0.1106305462572106
3443.0,cattaneo,r,13,55,-0.1458228333151634,-0.0096341991467234,5.4192891137139805,0.1963979922439053
3444.0,cattaneo,r_log,13,55,1.2125191720720785,0.0110988062202408,3.3139687996880607,0.1449344742025018
3445.0,cattaneo,dr_diff,13,55,-0.4087255531733875,0.0098466104444306,14.328719237673994,0.5549833658249623
3446.0,cattaneo,s,14,56,0.738941844023405,0.0034491248395555,2.2945166948234577,0.0434833510651672
3447.0,cattaneo,t,14,56,0.5868827967766075,-0.0101249506198602,10.401255339203496,0.0911278803489975
3448.0,cattaneo,q,14,56,0.1837230256737605,-0.015650391399128,3.758154010270993,0.2132243341110916
3449.0,cattaneo,drt_log,14,56,0.1193956790171997,-0.0162376131313767,5.518825579210236,0.2126476157746858
3450.0,cattaneo,drs_log,14,56,0.3205173879417198,-0.0085136815797969,3.202562354221512,0.0890877634910409
3451.0,cattaneo,drq_log,14,56,0.2776391238049776,-0.0138476061623789,5.095231877513943,0.1870024627039238
3452.0,cattaneo,drt_direct,14,56,0.5272119690885253,0.0092969514900006,5.83284786072652,0.600039843734794
3453.0,cattaneo,drs_direct,14,56,1.9126893963714269,0.0091180920301438,2.143197655848553,0.2678199371704075
3454.0,cattaneo,drq_direct,14,56,0.4128776735481043,0.0075012902817259,4.79222256064194,0.3823123244294816
3455.0,cattaneo,x,14,56,0.6218361270913473,-0.0110027851383168,7.080548424946464,0.091329464658247
3456.0,cattaneo,x_log,14,56,0.5925620442680755,-0.0024144714651694,7.285897058940772,0.0591839464140282
3457.0,cattaneo,r,14,56,0.1070145774664772,-0.0142565590278051,12.907302657004111,0.2169322273961035
3458.0,cattaneo,r_log,14,56,1.3875063589703958,0.0068244706645877,4.368062149720217,0.160596857910459
3459.0,cattaneo,dr_diff,14,56,-0.1986268418596029,0.0031524256640234,10.856643250818443,0.7034395549480255
3460.0,cattaneo,s,15,57,-0.0744007556136614,0.0031411773808244,1.6763879060401694,0.0874288343142783
3461.0,cattaneo,t,15,57,0.2757401858215469,0.0034659079283233,5.801767051469028,0.1160494311759547
3462.0,cattaneo,q,15,57,-0.3654402087697301,-0.009928068203326,4.691527683764103,0.2316297175784988
3463.0,cattaneo,drt_log,15,57,0.5370622241561673,0.0017818537743811,7.0007768946381335,0.1812842111071729
3464.0,cattaneo,drs_log,15,57,0.0377744529060106,-0.006309402319312,2.589770619845218,0.0683259437567941
3465.0,cattaneo,drq_log,15,57,0.4301347764222536,0.0028704899956007,3.283409760083393,0.1404806025743369
3466.0,cattaneo,drt_direct,15,57,0.6833265035813516,0.0078949974487055,15.14872422653244,1.065490385218659
3467.0,cattaneo,drs_direct,15,57,0.6532070712785558,0.0040149757467172,4.645195123971519,0.2352773626816076
3468.0,cattaneo,drq_direct,15,57,-0.1024590453695635,0.0019126156075277,6.061752466451656,0.4603114353887776
3469.0,cattaneo,x,15,57,0.121279529202614,0.0048180380353881,7.3875243410876195,0.1160704810722029
3470.0,cattaneo,x_log,15,57,0.0638769119051885,0.0020659570359457,4.380317071038879,0.1150167668063157
3471.0,cattaneo,r,15,57,0.4034331555910495,-0.0026413890295617,13.455424459423982,0.318143686400945
3472.0,cattaneo,r_log,15,57,0.9397732663475826,0.0110697404969077,4.156057367004769,0.2502859167504588
3473.0,cattaneo,dr_diff,15,57,0.1169275304756236,0.0058666184542352,33.203247052266,0.7780382150067983
3474.0,cattaneo,s,16,58,1.6610269496667942,0.0109785434038682,1.544022921146638,0.0666331597388318
3475.0,cattaneo,t,16,58,1.1349570358471066,0.0095869072891525,5.424246107661872,0.037907368713577
3476.0,cattaneo,q,16,58,0.5011480330649798,-0.0064605349261143,2.3550378710766138,0.2324168847821746
3477.0,cattaneo,drt_log,16,58,1.8255301210838564,0.0149540841449023,6.746915030909965,0.1118462216562934
3478.0,cattaneo,drs_log,16,58,1.094215943734805,0.0011818961092682,2.799312279824276,0.0761226405752877
3479.0,cattaneo,drq_log,16,58,2.0827001880319456,0.0030884495852313,3.0482086945411093,0.1696102585866531
3480.0,cattaneo,drt_direct,16,58,1.5881661196174155,0.008062740650983,9.42295178079327,0.8282127153152501
3481.0,cattaneo,drs_direct,16,58,1.474063068934147,0.0042603107584863,2.9451335384253348,0.1775478715453435
3482.0,cattaneo,drq_direct,16,58,1.527547302267684,-0.0031491841489219,6.196048604423924,0.3516662376134222
3483.0,cattaneo,x,16,58,1.1394492665058396,0.0045272466182874,6.058643917375801,0.0885217681301915
3484.0,cattaneo,x_log,16,58,1.831707056340123,0.0173603268143839,4.316260765311924,0.0851204763136879
3485.0,cattaneo,r,16,58,1.217483709531951,0.0120114059491862,6.926811231337667,0.1366940074573286
3486.0,cattaneo,r_log,16,58,2.0543074966534087,0.0203828017338869,2.399991421115954,0.1402232093424427
3487.0,cattaneo,dr_diff,16,58,0.7966631422379389,0.0096011371190155,13.769256422078415,0.4563135797527183
3488.0,cattaneo,s,17,59,1.7767145879520656,0.0135098046791556,1.7754472785503697,0.0555015971047042
3489.0,cattaneo,t,17,59,1.7196903948569295,0.0209220364592436,4.569653106071178,0.0376580699004459
3490.0,cattaneo,q,17,59,0.6673826136401211,-0.0027090022310977,4.400785264118062,0.149805945956468
3491.0,cattaneo,drt_log,17,59,0.7630852538402244,0.0194022579210441,10.257674996259244,0.1221894340589969
3492.0,cattaneo,drs_log,17,59,2.933777217244619,0.0159063104502868,2.9017356875145053,0.0595138078597094
3493.0,cattaneo,drq_log,17,59,2.1281188391565022,0.0202038521566019,3.151853938613103,0.1047867743615848
3494.0,cattaneo,drt_direct,17,59,0.3034931060424048,0.0004649496897177,11.904044049188562,1.0497355655127267
3495.0,cattaneo,drs_direct,17,59,0.8834274060395801,0.0017030932745566,5.078307438359999,0.2386815076106329
3496.0,cattaneo,drq_direct,17,59,0.971418755577208,4.871760431027217e-06,5.7638882454442575,0.3680502457130661
3497.0,cattaneo,x,17,59,1.4584447272424186,0.0152156119794195,7.767894417996754,0.1133026210171751
3498.0,cattaneo,x_log,17,59,1.5457727047625227,0.0214590426886237,3.0286005833128,0.0691731053981968
3499.0,cattaneo,r,17,59,1.7433401377893392,0.0097842481049694,10.22907910399346,0.1906615178449367
3500.0,cattaneo,r_log,17,59,0.8450052391513616,0.0124474911883508,4.636847962491685,0.1322980784338702
3501.0,cattaneo,dr_diff,17,59,0.8363585672017295,0.0109616885433996,19.375674181594388,0.6112778551974795
3502.0,cattaneo,s,18,60,0.8845757470287556,-0.0073869985918555,1.9786889392775533,0.0745482502161447
3503.0,cattaneo,t,18,60,1.5080008498829698,0.0073518033712239,6.055151288805371,0.0935343401957701
3504.0,cattaneo,q,18,60,0.0689845128815691,-0.0178747548499769,4.371575572110717,0.1346126458505988
3505.0,cattaneo,drt_log,18,60,2.1270914510320096,-0.0004917305074689,4.948594319201592,0.0737832749507247
3506.0,cattaneo,drs_log,18,60,1.4821329704712904,-0.0004639099230554,3.272891254949722,0.1305578621402205
3507.0,cattaneo,drq_log,18,60,3.301727111082813,-0.0035410209315499,3.5297296676801344,0.1136199150207558
3508.0,cattaneo,drt_direct,18,60,1.15421163488022,0.0136190360251398,4.852531705556177,0.3777319545608061
3509.0,cattaneo,drs_direct,18,60,1.471506897583422,0.0133257620960813,2.402856320893903,0.1048065605734176
3510.0,cattaneo,drq_direct,18,60,0.8185210456356029,8.352467675769304e-05,3.698136775272821,0.2185922694761331
3511.0,cattaneo,x,18,60,1.5387288950238838,0.005866518916655,7.462572363394788,0.0718773619561581
3512.0,cattaneo,x_log,18,60,0.9945452648387588,0.0038172216129361,5.862176302307938,0.1121719215536922
3513.0,cattaneo,r,18,60,1.1959483795209307,0.0233349220822281,5.98814631311636,0.096036056556926
3514.0,cattaneo,r_log,18,60,1.7490753044644758,-0.0104776507412558,3.4897558536315105,0.0408487456307166
3515.0,cattaneo,dr_diff,18,60,2.304450743451892,0.0137317781883933,12.573491445289,0.4374455548816838
3516.0,cattaneo,s,19,61,0.5166980170859183,0.0133052815658237,3.015434776914997,0.0655572743543354
3517.0,cattaneo,t,19,61,0.8815361693608272,0.0111660089264472,7.43962479684243,0.0696744476875627
3518.0,cattaneo,q,19,61,0.5594504739055814,-0.0008188463085637,5.245496795136315,0.1354128349947176
3519.0,cattaneo,drt_log,19,61,1.1934031169437702,0.0161584429799531,4.416284682362773,0.1458806164378595
3520.0,cattaneo,drs_log,19,61,0.5947598675646484,0.0080528473626728,3.245086429401526,0.0840097776122807
3521.0,cattaneo,drq_log,19,61,1.5633611478485705,-0.0035289097529438,4.373137168763246,0.0789007947706294
3522.0,cattaneo,drt_direct,19,61,0.4403128952271644,0.006992223028783,8.09681788155225,0.5399925753270028
3523.0,cattaneo,drs_direct,19,61,0.1348453034933556,0.0091754855724527,3.1733118406323646,0.2400145107364737
3524.0,cattaneo,drq_direct,19,61,1.551618368896346,0.0073054945562216,5.660602198488305,0.3218604015119679
3525.0,cattaneo,x,19,61,0.4589864265040173,0.0118440915043272,6.022048000618226,0.0506955223411507
3526.0,cattaneo,x_log,19,61,1.091873499794736,0.0154822032223881,3.126207721428944,0.1115512949528809
3527.0,cattaneo,r,19,61,1.1202056574425212,0.0077446881754629,3.641356257712429,0.1040856054242454
3528.0,cattaneo,r_log,19,61,0.7420402036498635,0.023991610308862,2.866449132780556,0.1170780938976636
3529.0,cattaneo,dr_diff,19,61,0.6318549932822219,0.0131134221742343,9.823994506945668,0.6819500701314328
3530.0,cattaneo,s,20,62,1.608125290411659,0.0208835310170042,2.064625663178371,0.0729187350336226
3531.0,cattaneo,t,20,62,0.7233781657075511,0.0032634081202107,6.107301295189477,0.1450543690911581
3532.0,cattaneo,q,20,62,0.4365530417636796,-0.0060031373176531,3.5986527197763354,0.1329990199037249
3533.0,cattaneo,drt_log,20,62,1.5287888928580695,0.0073703219462565,6.132050528312102,0.1641065819362495
3534.0,cattaneo,drs_log,20,62,1.7112479983044206,-0.0048488188869728,2.390380798790595,0.0899592547635674
3535.0,cattaneo,drq_log,20,62,0.1310525181519084,-0.0027350030914093,2.842211214197237,0.133614857981858
3536.0,cattaneo,drt_direct,20,62,0.7514195366756287,0.0118749263220913,8.110270315967878,0.594735622139824
3537.0,cattaneo,drs_direct,20,62,0.773540552797896,0.0086629438506954,3.2832316214279347,0.144538715870585
3538.0,cattaneo,drq_direct,20,62,0.277350958377474,0.0032734473733502,3.7622205748888975,0.3122697816800845
3539.0,cattaneo,x,20,62,0.9910376868100812,0.0141761613612219,2.6279485783815497,0.0888486338468898
3540.0,cattaneo,x_log,20,62,0.9478649791498284,0.0095914131171043,3.909922335142488,0.0936012759398489
3541.0,cattaneo,r,20,62,0.3215978554321639,0.0061233190887107,5.245352627988853,0.1118771661350725
3542.0,cattaneo,r_log,20,62,1.1160689682362648,0.0124671401632198,3.4931181240811946,0.1091369198265856
3543.0,cattaneo,dr_diff,20,62,0.7951322132303429,0.0151676141793186,10.541144960971284,0.5169354132514804
3544.0,cattaneo,s,21,63,0.2346828650745875,0.0064296383475243,2.288517539868212,0.0721582825298523
3545.0,cattaneo,t,21,63,0.2192948484646486,-0.0002487558144639,5.984834918961002,0.1348485177900183
3546.0,cattaneo,q,21,63,0.8175334243681427,0.0056606936141293,3.718770506200468,0.1361185003056192
3547.0,cattaneo,drt_log,21,63,0.5623447688413818,-0.0009223509267102,5.138299748659747,0.193292588548931
3548.0,cattaneo,drs_log,21,63,0.312942521832021,0.0011661190922526,2.367370154921359,0.0785507557605971
3549.0,cattaneo,drq_log,21,63,0.7524361957175449,-0.0106176968625876,4.928755689169266,0.1386798226401326
3550.0,cattaneo,drt_direct,21,63,0.5741013711610601,0.0051824382053162,7.481223759898716,0.7338129729375368
3551.0,cattaneo,drs_direct,21,63,0.2975869541823697,0.0024949422360817,2.7728235148897364,0.1774653341644842
3552.0,cattaneo,drq_direct,21,63,0.7818328356331385,0.0008366040116346,5.577285943910422,0.3978516218522608
3553.0,cattaneo,x,21,63,-0.0074595336069871,0.0003263395825779,4.659921063295354,0.1378890807877413
3554.0,cattaneo,x_log,21,63,1.5992961456857813,0.0121199276033867,3.4046244331262763,0.1586509027101063
3555.0,cattaneo,r,21,63,-0.14403860930116,0.0010124842630785,5.173751215042341,0.1142574819005029
3556.0,cattaneo,r_log,21,63,0.6399433382756403,0.0102295493861584,2.5703664425062693,0.1423410021414002
3557.0,cattaneo,dr_diff,21,63,0.2359424191434487,0.0092932093320825,11.5204169676801,0.83362789713057
3558.0,cattaneo,s,22,64,1.4560110482606197,0.0002992390784909,2.07300566062071,0.0885304513684044
3559.0,cattaneo,t,22,64,0.9499745672679444,0.0136568698385936,5.413315501774696,0.0966001307951946
3560.0,cattaneo,q,22,64,0.3619634360013557,-0.0061957137842438,2.803912829721435,0.1449421533052533
3561.0,cattaneo,drt_log,22,64,1.3457260221126055,0.0111845796776168,4.5807986447355065,0.1310910202835245
3562.0,cattaneo,drs_log,22,64,1.4238908495623464,0.0093149751594733,2.391031758964783,0.0670297612379125
3563.0,cattaneo,drq_log,22,64,2.760406103730225,0.0012241182988971,2.4662196714104523,0.1675862158900868
3564.0,cattaneo,drt_direct,22,64,0.1959877204068494,-0.0040691254268731,8.40069882645795,0.8708065762445879
3565.0,cattaneo,drs_direct,22,64,0.3786704947264052,-0.0046862079704464,2.9678739785913866,0.209459487822553
3566.0,cattaneo,drq_direct,22,64,0.1903917791514895,-0.0078067236211192,5.253872981971504,0.306924762004512
3567.0,cattaneo,x,22,64,1.8093802470962896,0.0102071215662217,5.440100724281348,0.056397876626066
3568.0,cattaneo,x_log,22,64,1.012842127564666,0.0176797674548158,3.6286692263607576,0.0847766546099227
3569.0,cattaneo,r,22,64,0.5590849602035601,0.0020563615172521,5.660642567362563,0.1455803546248996
3570.0,cattaneo,r_log,22,64,1.4753785284509229,0.0089876134636862,3.8989292354117273,0.1716050114730574
3571.0,cattaneo,dr_diff,22,64,1.1949592241146587,0.0015494244931217,9.300207741910905,0.1552175001619334
3572.0,cattaneo,s,23,65,0.9895678987099265,0.0062244560562492,2.1594198244070006,0.0562865831434273
3573.0,cattaneo,t,23,65,0.5926783381489906,0.0151353396820435,2.9825949223674404,0.1344169566313666
3574.0,cattaneo,q,23,65,1.55994379276841,-0.0057891863699204,2.8773564962911418,0.1600584002954433
3575.0,cattaneo,drt_log,23,65,0.9342680080293924,0.0135870231048476,3.853199166297237,0.1356640623682029
3576.0,cattaneo,drs_log,23,65,1.098627860993959,0.0077854067782859,2.472627257075599,0.0925884950804236
3577.0,cattaneo,drq_log,23,65,1.3346201666349755,0.0103587225931792,3.372771350630801,0.1076474009469053
3578.0,cattaneo,drt_direct,23,65,1.0183827789233362,0.0026003835130824,13.111662562942792,0.7275625199515275
3579.0,cattaneo,drs_direct,23,65,0.6695145552752828,-0.0005991222085431,5.306730201766853,0.2768274574260734
3580.0,cattaneo,drq_direct,23,65,1.7010747320871011,0.004786817990995,8.208315980686404,0.503197917602679
3581.0,cattaneo,x,23,65,0.6264861391862113,0.0154244191254102,8.066353175892804,0.095573243233994
3582.0,cattaneo,x_log,23,65,1.489939160422831,0.0251566625452413,2.11836377733341,0.0516087448106785
3583.0,cattaneo,r,23,65,-0.165485956125799,-0.0012333562795494,10.286109869495688,0.0674738295222342
3584.0,cattaneo,r_log,23,65,2.0303435405702723,0.0213916618591689,2.893642202356088,0.0828281429161173
3585.0,cattaneo,dr_diff,23,65,-0.227315444833317,-0.0002747777615637,7.731609286097817,0.2613060095165613
3586.0,cattaneo,s,24,66,1.3337191992546598,0.0020701459624244,2.1330230141507784,0.0464979134515192
3587.0,cattaneo,t,24,66,2.6094381737407137,0.0036801658026288,4.195916095602406,0.0927610238032727
3588.0,cattaneo,q,24,66,-0.2803584203035414,-0.0108472131425917,3.0729715794248915,0.097044475903511
3589.0,cattaneo,drt_log,24,66,3.3366314420791423,0.0045758527059461,4.382473973008082,0.1294696566031846
3590.0,cattaneo,drs_log,24,66,2.057313321480413,0.0027564527647418,2.40220089269014,0.0453191587427777
3591.0,cattaneo,drq_log,24,66,0.6851949617012232,-0.0057542759466381,2.2989943823844725,0.1609349429435718
3592.0,cattaneo,drt_direct,24,66,1.485844506864884,-0.0079042047339962,5.704212489311727,0.6924115854796851
3593.0,cattaneo,drs_direct,24,66,1.121875215110852,-0.0069625249344924,2.5377336850397154,0.171009987418836
3594.0,cattaneo,drq_direct,24,66,-0.31432349654008,-0.0132708927890656,3.345584741703392,0.4996974027631687
3595.0,cattaneo,x,24,66,0.8167472733524126,0.0014842273394795,4.524141268113,0.0896305491894809
3596.0,cattaneo,x_log,24,66,1.680523700223532,0.0083203724870864,3.037722131357142,0.0770037059701567
3597.0,cattaneo,r,24,66,0.5294803184759469,-0.0072893077339211,7.770684396228252,0.1665617295563602
3598.0,cattaneo,r_log,24,66,0.8880856109557276,0.0016694741741749,2.008346345944028,0.1335974972430191
3599.0,cattaneo,dr_diff,24,66,0.9596910819060454,0.0018039878743865,9.17106755798225,0.7487598605128617
3600.0,nhefs,s,0,42,0.265177330390014,0.0257016166790602,2.3273925412746035,0.1662182369696272
3601.0,nhefs,t,0,42,-0.3342142033815902,-0.0210683301660745,2.7068332186462905,0.1739174270382212
3602.0,nhefs,q,0,42,0.131035507844909,0.0003993500234101,3.8866457593079966,0.5620817769023211
3603.0,nhefs,drt_log,0,42,0.4797715015977091,0.0239844115783965,4.241906653746793,1.9668973337429727
3604.0,nhefs,drs_log,0,42,0.5680291305123237,0.021145446032664,6.410705339770936,2.4101251624867897
3605.0,nhefs,drq_log,0,42,0.7602475175789656,0.0270090060315624,6.858673478121689,2.118942300826208
3606.0,nhefs,drt_direct,0,42,-0.4844466429514362,0.0146982841719683,1.838912959222185,1.390398631670541
3607.0,nhefs,drs_direct,0,42,-0.4031534044865568,0.0203340769506183,3.2411499660646177,0.4697038253402761
3608.0,nhefs,drq_direct,0,42,-0.6971473415338014,0.0028714643752237,3.1607564199469778,0.7938733427652218
3609.0,nhefs,x,0,42,-0.1213933599722034,-0.0103074995180258,3.821989760120672,0.2133022075876725
3610.0,nhefs,x_log,0,42,-0.5354001188252897,-0.0159106557602798,3.0712091456224995,0.3038697988564783
3611.0,nhefs,r,0,42,-0.5420245781223194,0.0095813710099424,4.939477628235149,0.0891243586445252
3612.0,nhefs,r_log,0,42,-0.2700122854164246,-0.0047795312456966,2.561139558469004,0.2147268403537538
3613.0,nhefs,dr_diff,0,42,-0.0524511484641603,0.0099008510286705,9.492529716526809,1.7135640450583074
3614.0,nhefs,s,1,43,0.2260191145057519,0.0016856028101008,1.9277763614014107,0.0596269516514478
3615.0,nhefs,t,1,43,0.616423396656332,-0.0002777301037006,4.126585730087506,0.1640427040621311
3616.0,nhefs,q,1,43,0.0107572662855681,-0.0125849647402525,4.773481846831486,0.5021865369782058
3617.0,nhefs,drt_log,1,43,0.3501226040143226,0.020272466885586,5.373240631041257,1.1431089406327877
3618.0,nhefs,drs_log,1,43,0.5157927695335021,0.0297651002871886,5.119162762770325,0.9998484181538972
3619.0,nhefs,drq_log,1,43,0.6244170576919248,0.0457343142751442,4.939457439148874,1.0868049380181013
3620.0,nhefs,drt_direct,1,43,-0.25377628630883,0.0060038062983176,5.042517446638714,1.4471244687557627
3621.0,nhefs,drs_direct,1,43,-0.5188180864084432,-0.0287334332581989,3.50442018517398,0.7324795302994154
3622.0,nhefs,drq_direct,1,43,-0.5201346108177674,-0.0058633775367376,3.2132791048896983,1.059618510544422
3623.0,nhefs,x,1,43,0.4257417997814665,0.0220765302425275,4.820728115475324,0.085199715424614
3624.0,nhefs,x_log,1,43,0.4298549880574978,0.0150079520360644,2.01914263742092,0.2815486080565612
3625.0,nhefs,r,1,43,0.4061027456954909,0.009941608790337,9.06963792583637,0.2595396753905105
3626.0,nhefs,r_log,1,43,-0.2472842965363648,0.0059475890265716,2.148916514851769,0.4410751145873229
3627.0,nhefs,dr_diff,1,43,-0.1170186520513263,0.0103470291422098,16.939752155647767,1.1808379803219715
3628.0,nhefs,s,2,44,0.8734277793945262,0.0246485647154969,1.896310958609656,0.1595841490134612
3629.0,nhefs,t,2,44,0.3592159435864186,0.010335519460619,3.706457805871105,0.1504498217445367
3630.0,nhefs,q,2,44,0.1525886498893736,0.0333562978853815,4.917817330117737,0.8533827632896698
3631.0,nhefs,drt_log,2,44,0.5791236187063777,0.0471975482684646,6.571217564784955,1.5780738839318356
3632.0,nhefs,drs_log,2,44,0.8573725716363594,0.018341567065073,5.110613289643194,0.0203775205913506
3633.0,nhefs,drq_log,2,44,1.1001626321390443,0.0315783839002962,4.98920552355229,1.3854698779922074
3634.0,nhefs,drt_direct,2,44,0.3035224875536018,0.0234313617325569,3.894985537214119,1.059151323539621
3635.0,nhefs,drs_direct,2,44,0.3593033954953568,0.0490005516395954,1.7072575072863787,0.7368317241129484
3636.0,nhefs,drq_direct,2,44,0.2717311603205687,0.0093970783532536,3.416940874085538,0.6977424497024488
3637.0,nhefs,x,2,44,-0.180927762578567,0.0260062519154152,1.6479916254749432,0.2835674876138278
3638.0,nhefs,x_log,2,44,0.4648668410292824,0.0040447032383287,2.895353415971308,0.3668359660362563
3639.0,nhefs,r,2,44,-0.1066071448373013,0.0252869956073143,3.36572519099346,0.1245998384292341
3640.0,nhefs,r_log,2,44,-0.0737303269597586,0.027845704362039,2.0208818870209617,0.2715822693653296
3641.0,nhefs,dr_diff,2,44,0.0796686190492617,0.0273652467054857,14.118378600442613,1.3387713491469475
3642.0,nhefs,s,3,45,0.4940512217397703,0.0181705195671914,1.469700380258734,0.161178035013613
3643.0,nhefs,t,3,45,1.0533525608068937,0.0284607726223428,2.807944918016999,0.1489176380687531
3644.0,nhefs,q,3,45,0.1863638553372426,0.0008489145141114,6.091120585020294,1.2259478902240513
3645.0,nhefs,drt_log,3,45,0.6393401187067767,0.0177801603886086,4.984523607031175,0.6295939180562992
3646.0,nhefs,drs_log,3,45,0.4647195686632268,0.0294295227363069,4.602811001847566,0.8691414130731668
3647.0,nhefs,drq_log,3,45,0.3208843253318165,0.0140788960245652,5.118711863554927,0.7004244478926288
3648.0,nhefs,drt_direct,3,45,-0.2479198615913987,0.0016256213326331,4.9400922486949455,1.4892406655931172
3649.0,nhefs,drs_direct,3,45,-0.017178757539445,0.003901695422105,1.8375316214037567,0.5995826113513512
3650.0,nhefs,drq_direct,3,45,-0.1342229423192233,0.002609907041709,4.681553675992404,1.0598079615042062
3651.0,nhefs,x,3,45,0.1055192632868617,0.0043047456502157,4.007105395011428,0.1304183350646085
3652.0,nhefs,x_log,3,45,0.837157656663353,-0.0099963166781542,2.9422429047092806,0.4078596905772798
3653.0,nhefs,r,3,45,0.1581874239415042,0.0110935089657888,6.299922050919526,0.1264850937495779
3654.0,nhefs,r_log,3,45,0.8532827016935545,0.0074338916665754,1.9474790544749545,0.3403527798475034
3655.0,nhefs,dr_diff,3,45,0.1301599879018509,0.0098368762513265,18.20567101384012,1.372525395863447
3656.0,nhefs,s,4,46,0.3248930329976529,0.0238714821763602,1.34621198398339,0.1068102085901129
3657.0,nhefs,t,4,46,0.2670040384315326,0.0328780487804878,3.234430397728018,0.1723453828335713
3658.0,nhefs,q,4,46,0.0975240615128951,0.0029709193245778,4.948133453315986,0.7930680800858866
3659.0,nhefs,drt_log,4,46,0.096383482962203,0.0075165728580362,9.28585774651099,2.222649739130357
3660.0,nhefs,drs_log,4,46,0.0898403620775027,0.0180318949343339,5.235914209862698,0.7506532806597745
3661.0,nhefs,drq_log,4,46,-0.0954436687069816,0.0076969981238273,12.5003623495118,2.9004106658602
3662.0,nhefs,drt_direct,4,46,-0.0852976251167474,-0.0008230143839899,4.897150820540234,1.031811414743103
3663.0,nhefs,drs_direct,4,46,0.0166162161463701,0.013993746091307,2.4478995779967554,0.5807728207738573
3664.0,nhefs,drq_direct,4,46,-0.2570687740065884,-0.0274687304565353,3.812590003678628,0.8022181027947511
3665.0,nhefs,x,4,46,-0.2590839585510638,0.0110390869293308,5.442084237163474,0.1842569979509605
3666.0,nhefs,x_log,4,46,0.2472257212703028,0.0062692307692307,2.7310991688648114,0.2838115597711548
3667.0,nhefs,r,4,46,0.0395239245042546,0.0099887429643527,9.646745033009656,0.1315687115460816
3668.0,nhefs,r_log,4,46,0.1965334031376553,0.0411747967479674,3.2483856046451227,0.2333032981066692
3669.0,nhefs,dr_diff,4,46,0.0342951922271916,-0.0076350844277673,23.285054992889567,1.071079059014984
3670.0,nhefs,s,5,47,0.3294503076466477,0.0095207085683276,1.4461031518612308,0.039980125860317
3671.0,nhefs,t,5,47,0.6359417879898006,0.0239954260906641,3.1630699395786483,0.1840484981105021
3672.0,nhefs,q,5,47,0.3203997969689975,0.0244572358858073,2.971577843800356,0.3295395701745657
3673.0,nhefs,drt_log,5,47,-0.0172353647681655,0.0067396166443785,6.952020130034553,0.7457828495236881
3674.0,nhefs,drs_log,5,47,0.7944408659729358,0.0176252107680679,3.87673208125968,0.3474854311611032
3675.0,nhefs,drq_log,5,47,-0.0224454106858127,-0.010776207919065,7.592753147307777,0.6812458457739136
3676.0,nhefs,drt_direct,5,47,0.2605810102763339,0.0096067600829505,4.297492620421631,0.7890587530101973
3677.0,nhefs,drs_direct,5,47,-0.2178133263034922,-0.0057817314960172,1.954428446752108,0.5459777255286645
3678.0,nhefs,drq_direct,5,47,-0.1412637986486714,0.0024131635560206,2.47743302843859,0.6000152643122044
3679.0,nhefs,x,5,47,0.4351411359459518,0.0201273717464193,4.4666293104840085,0.0686919033590063
3680.0,nhefs,x_log,5,47,-0.3534244761209533,-0.0121307827974494,2.416273138937178,0.3077023185672554
3681.0,nhefs,r,5,47,-0.1458946758599966,-0.0074362462933891,2.288902145725601,0.1838375587174273
3682.0,nhefs,r_log,5,47,0.0314933691719618,0.0055937360699265,2.3360524858438403,0.2950408179561036
3683.0,nhefs,dr_diff,5,47,-0.4877766966904094,-0.0211489815299339,5.582270831200606,0.5313746148563432
3684.0,nhefs,s,6,48,0.7051231176754105,0.0339841295546558,1.870258516115673,0.125971297820471
3685.0,nhefs,t,6,48,-0.0702841978515846,-0.0030435627530364,5.01296775663774,0.2233207234856123
3686.0,nhefs,q,6,48,0.0400586110840079,0.0233444534412955,4.060388476928367,0.8856293168397289
3687.0,nhefs,drt_log,6,48,1.0843506809773047,0.0789125506072874,4.399299375694956,0.5912525462479967
3688.0,nhefs,drs_log,6,48,0.8763259710764217,0.0626621862348178,3.47605084628942,0.9006700314647473
3689.0,nhefs,drq_log,6,48,1.1956724796262532,0.053742995951417,7.333512475968666,1.5716698933872308
3690.0,nhefs,drt_direct,6,48,0.0363254007444771,0.0254853441295546,3.599274833530104,0.9798744495586514
3691.0,nhefs,drs_direct,6,48,0.2641740440614835,0.0314374089068826,2.4299153929314925,0.4712113949849721
3692.0,nhefs,drq_direct,6,48,0.2801479834995048,0.0378617004048583,2.6821252682007324,0.6601402132486068
3693.0,nhefs,x,6,48,0.4789960952014664,0.0143245344129554,1.745051136969529,0.1324320171965997
3694.0,nhefs,x_log,6,48,1.2865693333608357,0.012077894736842,2.025943736650673,0.2789482110047719
3695.0,nhefs,r,6,48,-0.3978548717636584,-0.0024238056680161,3.085822459338318,0.2341999274645089
3696.0,nhefs,r_log,6,48,-0.0974683890338172,0.0099235627530364,1.6649490145308332,0.2619692118389219
3697.0,nhefs,dr_diff,6,48,0.0535708817347411,0.0182448582995951,12.323050774762748,1.1330857192967794
3698.0,nhefs,s,7,49,-0.223537345560737,-0.0418661540749894,2.227591895428647,0.1882614357164648
3699.0,nhefs,t,7,49,-0.3867077817891178,-0.0329140302902016,4.064778356554291,0.0406652949915109
3700.0,nhefs,q,7,49,-0.4916699055572944,-0.0224333611749943,7.958066417610916,0.8875018472999617
3701.0,nhefs,drt_log,7,49,0.0693845712934571,0.0185018898004172,8.326513654761758,1.6980268643751808
3702.0,nhefs,drs_log,7,49,0.1372361659048315,0.0004751389222607,6.590653622774294,2.9546406139590737
3703.0,nhefs,drq_log,7,49,-0.0720532786994625,0.0091908755630308,12.613227350466907,2.2190215728275
3704.0,nhefs,drt_direct,7,49,-0.5793564163687452,-0.0005984050160757,3.575703315609331,1.28246855341147
3705.0,nhefs,drs_direct,7,49,-0.4437359955066731,0.0261254705431412,2.656858623190357,0.6777923591657952
3706.0,nhefs,drq_direct,7,49,-0.6511132735867381,0.0225647127922897,2.6741909944793045,0.6774852146793512
3707.0,nhefs,x,7,49,0.0583998033725214,-0.0068183846497099,2.605131894576799,0.3497234990083929
3708.0,nhefs,x_log,7,49,-0.5640106073280241,-0.041778433773079,4.159662729871261,0.4372545031915396
3709.0,nhefs,r,7,49,-0.4729497967637641,-0.0042110321628393,2.454932296703629,0.1675408121771173
3710.0,nhefs,r_log,7,49,-0.6820341830283879,-0.0554312978409364,5.892915819294951,0.4869878880137674
3711.0,nhefs,dr_diff,7,49,0.1922233242221414,0.0316755721842736,20.92747076247121,1.3443083949612165
3712.0,nhefs,s,8,50,-0.4252456648536701,-0.0248886856115771,1.5291642079377892,0.0759751600785119
3713.0,nhefs,t,8,50,-0.5210361983757112,-0.0258334436647689,2.4288798622506294,0.2223626673340436
3714.0,nhefs,q,8,50,-0.1106071080031699,-0.0147087450701908,3.800039223901866,1.0033055420795958
3715.0,nhefs,drt_log,8,50,-0.1589276724300741,0.0037501454368924,4.39721996224679,0.9214323616516716
3716.0,nhefs,drs_log,8,50,-0.3198901444818294,-0.0291128148959474,4.618720690685493,3.104638796119307
3717.0,nhefs,drq_log,8,50,-0.0908674445311712,0.0066612905167122,4.71256018713982,3.877948669561917
3718.0,nhefs,drt_direct,8,50,-0.1380326385099364,0.0065412499147438,7.464990945977849,1.3076692670685026
3719.0,nhefs,drs_direct,8,50,-0.3871969707330011,0.0057084281180666,1.2336421251219158,0.7279713867300462
3720.0,nhefs,drq_direct,8,50,-0.4204876322484231,0.012114471873508,2.57611073724444,0.8534325359386853
3721.0,nhefs,x,8,50,-0.437596180462934,-0.0117508194616628,1.819546194993715,0.221874338156864
3722.0,nhefs,x_log,8,50,-0.3831948249114896,-0.0224381241248711,3.121200962905171,0.353243166239942
3723.0,nhefs,r,8,50,-0.4164458220306553,-0.0090781507648977,2.7441826621085763,0.3391099125189677
3724.0,nhefs,r_log,8,50,-0.4526598294398435,-0.0307873652451965,2.769508369100472,0.4439373474470109
3725.0,nhefs,dr_diff,8,50,-0.4861709147256133,-0.0089057127611344,3.5143738510899016,1.290719446398293
3726.0,nhefs,s,9,51,0.1222404344323786,0.0144935871805124,1.7246288412746913,0.1199046682794084
3727.0,nhefs,t,9,51,0.1142623983610482,0.0235530403223326,2.313900053667765,0.1433150474531913
3728.0,nhefs,q,9,51,0.2986050587111428,0.0376999969243072,3.187649982981015,0.5227605933375129
3729.0,nhefs,drt_log,9,51,0.400585856595381,0.0261001753144895,6.796178799124754,1.2065591228239003
3730.0,nhefs,drs_log,9,51,0.5934849576346646,0.0243410328176421,6.21131944331329,1.459916887210058
3731.0,nhefs,drq_log,9,51,0.4794449697348484,0.0180137175898871,6.444299781590424,3.9188516211874425
3732.0,nhefs,drt_direct,9,51,-0.0065539179110782,0.0352382124073447,4.460148401667668,0.8565773848935986
3733.0,nhefs,drs_direct,9,51,0.0102719143983929,0.0286033278996093,2.0742669095424606,0.6240164718684448
3734.0,nhefs,drq_direct,9,51,0.083848685017144,0.0520405683880294,3.807312875781601,0.6713047438993818
3735.0,nhefs,x,9,51,-0.1647273707125129,0.031390213145511,1.5439854848481591,0.1223140660783804
3736.0,nhefs,x_log,9,51,0.4731691409377057,0.0445103497062713,2.627518839619512,0.2660278773847822
3737.0,nhefs,r,9,51,-0.3727427323443513,-0.0016067419186171,1.1849685854468597,0.1372450197061267
3738.0,nhefs,r_log,9,51,0.5703444143499135,0.0373023098452926,1.865375286879244,0.1317874686312129
3739.0,nhefs,dr_diff,9,51,0.0215451761955929,0.0246802817334604,17.769943165456933,1.3203462531424903
3740.0,nhefs,s,10,52,0.1798647831982683,-0.0154302689180738,2.037124333956563,0.0622712195651085
3741.0,nhefs,t,10,52,0.1481178325560098,0.0240025015634771,2.7339991283561846,0.2971162443362838
3742.0,nhefs,q,10,52,0.7261006392075248,0.0144585678549093,3.087269765509746,0.6656189130520754
3743.0,nhefs,drt_log,10,52,0.8912807050194428,0.0365386178861788,2.4782256896258983,0.6011582095298682
3744.0,nhefs,drs_log,10,52,0.5167289416401485,0.0295675422138836,4.932176173165835,0.8208628526074306
3745.0,nhefs,drq_log,10,52,0.8581538984046738,0.0405967792370231,3.911200421213161,1.4334830870342503
3746.0,nhefs,drt_direct,10,52,0.41004474178864,-0.0043595997498436,4.838817920417167,0.3659227442946699
3747.0,nhefs,drs_direct,10,52,0.1856521254768747,0.0075944340212632,2.747926980773784,0.5399046723786448
3748.0,nhefs,drq_direct,10,52,0.0772015629175304,0.012437148217636,3.5250707734505267,1.0949239496550918
3749.0,nhefs,x,10,52,0.4411176786331098,0.0086823014383989,6.334731250424076,0.1122639743164817
3750.0,nhefs,x_log,10,52,0.4561237593524302,0.0191421200750469,3.332998596900586,0.1968566313175906
3751.0,nhefs,r,10,52,0.9160445693220406,0.0187182614133833,2.9330248412865645,0.0211208159445833
3752.0,nhefs,r_log,10,52,0.3378455432263091,-0.0085731707317073,2.4484498096421485,0.3858005579392588
3753.0,nhefs,dr_diff,10,52,0.8890843696302263,0.0099709193245778,18.190001240477702,1.813664246397828
3754.0,nhefs,s,11,53,0.2552618443983603,0.0005060756770572,2.5019036654966347,0.0639083462738374
3755.0,nhefs,t,11,53,1.051191988168761,0.0399930421694231,2.7915256682874947,0.107245112648041
3756.0,nhefs,q,11,53,0.5218670388411912,0.0308652914301536,4.125357407199338,0.6568532366672004
3757.0,nhefs,drt_log,11,53,0.207877462014262,0.0262114967500541,8.343418000230514,1.0567189375121633
3758.0,nhefs,drs_log,11,53,0.5471585793241784,0.0500848074349389,4.519020018466841,0.5197328194382127
3759.0,nhefs,drq_log,11,53,0.4971801198504919,0.036115187595182,8.858613403214507,2.809113502201702
3760.0,nhefs,drt_direct,11,53,0.2327293716860872,-0.0017364757168162,3.3192714144215305,0.8985816550843094
3761.0,nhefs,drs_direct,11,53,0.0332007722418177,0.0032290723720877,2.14388071954691,0.5821894181912542
3762.0,nhefs,drq_direct,11,53,0.147844211539722,0.0102510853860708,2.839979259120156,0.8918475065906611
3763.0,nhefs,x,11,53,-0.0989438178898021,0.0079645860623293,3.992583593164644,0.0908748645145159
3764.0,nhefs,x_log,11,53,0.240591461167863,0.0257448961117796,2.794060832246436,0.2430062825017925
3765.0,nhefs,r,11,53,-0.0800063069462877,0.0316741747338452,6.380272588343931,0.1667855533190728
3766.0,nhefs,r_log,11,53,0.0432291177367911,0.0237890357369798,2.867889747217962,0.3670197404483407
3767.0,nhefs,dr_diff,11,53,0.4742566433995117,-0.0042454836224737,26.9226771337802,1.601462511740952
3768.0,nhefs,s,12,54,1.38291878457255,0.0053496739608475,1.6626631986548577,0.2247851626674199
3769.0,nhefs,t,12,54,1.225270610700572,0.0410890365655593,3.502733421928998,0.1273948150075932
3770.0,nhefs,q,12,54,1.1290397413592634,0.0244907174939138,3.961441678693454,0.5022522506764475
3771.0,nhefs,drt_log,12,54,0.5340321507907282,0.0171514947934161,9.145565256232247,0.5240385728751116
3772.0,nhefs,drs_log,12,54,1.1948202522805378,0.0106776004349497,5.353609555803359,0.28052406682928
3773.0,nhefs,drq_log,12,54,1.7925111283297266,0.0285331874266281,6.653635076798975,0.3787175093068737
3774.0,nhefs,drt_direct,12,54,0.0477528997465233,0.0264801277145399,4.30248454985009,0.8366668403307482
3775.0,nhefs,drs_direct,12,54,-0.0433276000346043,-0.0004041985116131,2.501255436573619,0.6446300461386976
3776.0,nhefs,drq_direct,12,54,0.7232861735358185,0.0385693755216107,3.5925649528582766,0.8555089591518997
3777.0,nhefs,x,12,54,-0.0197490366725374,0.0075827391444372,4.200925102253337,0.1220295387052133
3778.0,nhefs,x_log,12,54,0.2666258073112681,-0.0082479074969958,3.558849295889271,0.194606187701391
3779.0,nhefs,r,12,54,0.3960297652938802,0.0109258265257004,5.058924991184486,0.1411455571329036
3780.0,nhefs,r_log,12,54,-0.2634002524586951,-0.0431064276290045,3.767275893549317,0.3020919360237
3781.0,nhefs,dr_diff,12,54,0.4628132635749349,0.023584456780333,8.549396087901847,1.7585377288024313
3782.0,nhefs,s,13,55,-0.2295732052709992,-0.0196738586616635,2.1275300775683386,0.0880643563912082
3783.0,nhefs,t,13,55,-0.0733289968772671,-0.0021588492808004,5.130937397705076,0.1127007787325926
3784.0,nhefs,q,13,55,0.3973865862718053,-0.0151686991869918,5.032128312981347,0.3813843216092799
3785.0,nhefs,drt_log,13,55,-0.2954906271628594,-0.0410078173858661,12.533822675279158,1.526438592764434
3786.0,nhefs,drs_log,13,55,-0.385598820517503,-0.0411550969355847,8.394789320228483,0.0218996683260068
3787.0,nhefs,drq_log,13,55,-0.4797601306530172,-0.0372451532207629,12.058412451335077,
3788.0,nhefs,drt_direct,13,55,-0.0655371405921716,-0.0172867417135709,5.022317342218969,0.9477808953539376
3789.0,nhefs,drs_direct,13,55,-0.4621939018701017,-0.0385856785490931,2.9336870404607502,0.5546076343586077
3790.0,nhefs,drq_direct,13,55,0.0321990248424058,-0.0048355222013758,5.0693157576271615,0.6059611321947063
3791.0,nhefs,x,13,55,0.025722105558628,-0.0027226391494684,5.773084418751775,0.2002876960300577
3792.0,nhefs,x_log,13,55,-0.1585847781259073,0.0055378361475922,2.9968021376029395,0.4585906549177761
3793.0,nhefs,r,13,55,0.347174809275272,-0.0086535334584115,10.343280788550487,0.1946832124881606
3794.0,nhefs,r_log,13,55,-0.050839573880309,-0.0073567854909318,2.2617971431244928,0.3754036956198502
3795.0,nhefs,dr_diff,13,55,0.1631500714541243,0.0012942464040025,12.646119172114096,1.4899402076550388
3796.0,nhefs,s,14,56,0.8054380775604204,0.0185479502816662,1.7204568306943475,0.3183095299634193
3797.0,nhefs,t,14,56,-0.0300113168939788,-0.0061180514765304,6.798157417340485,0.2523746369752795
3798.0,nhefs,q,14,56,-0.2701927476593166,-0.010809756020641,6.485148793674329,1.1263371289630395
3799.0,nhefs,drt_log,14,56,0.1509124746574226,-0.01375043856364,10.323955178331532,0.8967058235297419
3800.0,nhefs,drs_log,14,56,0.2998709445707133,0.035728685807095,6.378515877537566,0.7303918990121347
3801.0,nhefs,drq_log,14,56,0.0574232809554642,-0.0063060917967902,11.379902579432873,0.6130626847728274
3802.0,nhefs,drt_direct,14,56,0.0597906957175604,0.0218724400695394,3.875851675718008,0.6735136546504928
3803.0,nhefs,drs_direct,14,56,-0.1378945125081987,0.009899278193236,1.4764432835399692,0.1997553120734801
3804.0,nhefs,drq_direct,14,56,0.0666932717059287,0.0192107825552196,3.530980833385888,0.5629965007010225
3805.0,nhefs,x,14,56,-0.3476592753312884,0.0029010245635059,2.62157825997847,0.0860729860965203
3806.0,nhefs,x_log,14,56,-0.3012865623395941,-0.0095031714557159,4.70765342332288,0.3827993363945866
3807.0,nhefs,r,14,56,0.4739917395942448,0.0241861638592023,2.2420482259323653,0.1068717256833031
3808.0,nhefs,r_log,14,56,-0.0693962843768181,-0.0233535828185548,3.7706693825696416,0.4828806460721815
3809.0,nhefs,dr_diff,14,56,-0.5030809071472426,0.0020864985473195,7.760523574656073,0.8060084799162169
3810.0,nhefs,s,15,57,0.6770532767678767,-0.0103008348240906,1.858491619415218,0.1133277122935296
3811.0,nhefs,t,15,57,0.2480273453099708,-0.0190417412045319,3.573178502374863,0.080852776445982
3812.0,nhefs,q,15,57,-0.0146017033167009,0.0059572152653547,3.141414699597572,0.6744938711442947
3813.0,nhefs,drt_log,15,57,0.6186543507556961,-0.0225748360166964,7.192693045490411,0.786585558181528
3814.0,nhefs,drs_log,15,57,-0.030846117989882,-0.031551580202743,9.967380534402706,1.1340816354808092
3815.0,nhefs,drq_log,15,57,0.6463868979269416,-0.005422480620155,9.55312492784987,0.207449220492683
3816.0,nhefs,drt_direct,15,57,0.2750365641546319,0.0099111508646392,3.7769207167340815,0.627922901400666
3817.0,nhefs,drs_direct,15,57,-0.1929692471181245,0.0091061419200954,2.4174452245101605,0.4388890927911796
3818.0,nhefs,drq_direct,15,57,0.066670540455423,0.0338911747167561,2.800030519837719,0.527030379391597
3819.0,nhefs,x,15,57,-0.2640468574254395,-0.0126088252832438,3.927388021039195,0.1233066199674398
3820.0,nhefs,x_log,15,57,0.5544115926897708,-0.0078758199165175,2.446389090513251,0.0733580206615579
3821.0,nhefs,r,15,57,-0.186573730622088,0.0110736434108527,1.4803176663430566,0.1482757491593989
3822.0,nhefs,r_log,15,57,0.0408893595525816,-0.0324600477042337,3.3117862829368967,0.1917654435327677
3823.0,nhefs,dr_diff,15,57,-0.0658657643340969,0.0314609421586165,5.140925526180125,0.7892790446469827
3824.0,nhefs,s,16,58,0.3129061804880804,0.0290787119856887,1.4437054351365155,0.053679662234701
3825.0,nhefs,t,16,58,0.1321956324472297,0.0119427549194991,3.469461161110535,0.1666462906395025
3826.0,nhefs,q,16,58,-0.1164449025402538,-0.0043085867620751,3.8244687442555967,0.3197201229405698
3827.0,nhefs,drt_log,16,58,0.2206946211048659,0.0191847048300536,4.2560087911767575,0.3889358891973004
3828.0,nhefs,drs_log,16,58,-0.0378216077481203,0.0202722122838401,4.571340846126355,0.4759017774582937
3829.0,nhefs,drq_log,16,58,0.0102319730217337,0.0095257901013715,6.04693616902901,0.2462822776006516
3830.0,nhefs,drt_direct,16,58,0.3772124264915468,-0.007752534287418,5.685138422515897,1.0897100712206034
3831.0,nhefs,drs_direct,16,58,0.0548231962823453,-0.0113041144901609,2.6039438150336407,0.516818535851421
3832.0,nhefs,drq_direct,16,58,0.1831833292288183,-0.0107561121049493,5.430955454906323,1.0104876525121698
3833.0,nhefs,x,16,58,-0.0392934803596254,0.017561419200954,2.980670092349335,0.1827305349905894
3834.0,nhefs,x_log,16,58,0.0561891019961261,0.0034909063804412,2.7538950284674764,0.1624533564495502
3835.0,nhefs,r,16,58,0.0739211455390852,0.0042423971377459,7.171773633813942,0.1682242622476529
3836.0,nhefs,r_log,16,58,0.1830182967825344,0.0149630292188431,2.218997858625679,0.2562869339832815
3837.0,nhefs,dr_diff,16,58,-0.224812256140686,-0.0133753726893261,14.829939420999382,1.6474749217643476
3838.0,nhefs,s,17,59,0.1436879559663295,-0.0222517745907576,1.4068040489181592,0.1013142484347412
3839.0,nhefs,t,17,59,0.4849917338037706,-0.0327153411560191,3.6478652396289615,0.2621484729829388
3840.0,nhefs,q,17,59,0.7414628087858741,0.0230091264667535,2.842563439058389,0.6174684034041531
3841.0,nhefs,drt_log,17,59,0.2955308581101143,-0.001704766043749,6.663258378351177,0.9006281949529357
3842.0,nhefs,drs_log,17,59,0.0075781567274018,-0.0074283644792119,7.112845936295608,0.7653944275627304
3843.0,nhefs,drq_log,17,59,0.1950341873167829,-0.0011918006663769,5.858903289344257,1.2146973025804406
3844.0,nhefs,drt_direct,17,59,0.3079309893718485,0.0269778357235984,4.133608652675411,0.936511547917843
3845.0,nhefs,drs_direct,17,59,-0.0430492484605999,0.0276361002462697,2.375046479990258,0.5265724405976145
3846.0,nhefs,drq_direct,17,59,0.3843656670069051,-0.001120092713313,3.6607935426219527,0.9097564386390552
3847.0,nhefs,x,17,59,0.4628042794878464,-0.0201202375778646,5.845155072203633,0.1550775161678921
3848.0,nhefs,x_log,17,59,-0.2071626402628674,-0.0148348544111255,3.439019211635618,0.3211806613681346
3849.0,nhefs,r,17,59,0.0960386900089931,0.0352220773576705,3.0321153458860546,0.0976978363916135
3850.0,nhefs,r_log,17,59,0.0361394402216852,-0.0275118064609589,2.6798656359173925,0.2701385850527185
3851.0,nhefs,dr_diff,17,59,0.2388498822827907,0.0307272200492539,14.221199802754478,1.0572040617036105
3852.0,nhefs,s,18,60,0.0141620152216732,-0.0292727896406826,1.5679989406576569,0.0154758627767862
3853.0,nhefs,t,18,60,-0.3921411262323406,-0.0352193922762484,3.253567992579543,0.1738257255455596
3854.0,nhefs,q,18,60,0.349206218534412,0.0098607895263413,5.134559325931853,0.63004282988509
3855.0,nhefs,drt_log,18,60,0.2900765660348623,-0.0076874481891204,7.631452711554681,1.073038386054456
3856.0,nhefs,drs_log,18,60,-0.1326033496776608,-0.0110499385415773,6.243138693749479,0.190702512131348
3857.0,nhefs,drq_log,18,60,0.3727396684751753,-0.0147487350999056,8.11042988579136,0.194447568586407
3858.0,nhefs,drt_direct,18,60,-0.3119284751211455,-0.0045776520024011,3.17905855408316,0.95877292032967
3859.0,nhefs,drs_direct,18,60,-0.3118865672634587,-0.0167575679615813,1.6196031726483953,0.2676919501090646
3860.0,nhefs,drq_direct,18,60,-0.6522816446573734,0.0004956693251007,2.057160449326928,0.4162145577281037
3861.0,nhefs,x,18,60,-0.5648530071576887,-0.0290172369436583,2.379519145100199,0.1734000543466848
3862.0,nhefs,x_log,18,60,-0.5693839303932076,-0.0466072092159048,3.1401137180450656,0.1811536854349962
3863.0,nhefs,r,18,60,-0.606276209065074,-0.0203232998885172,1.3820291567450114,0.2253961686957575
3864.0,nhefs,r_log,18,60,0.1114121086166719,0.0022210788097075,2.305051755390625,0.1227580001191691
3865.0,nhefs,dr_diff,18,60,-0.5144821338883113,-0.006911071091673,16.42883236603934,1.3190023744630577
3866.0,nhefs,s,19,61,1.2482269889646032,-0.0005160017815104,1.8952656595027764,0.0909967510465095
3867.0,nhefs,t,19,61,-0.2570664747408089,-0.0054969141693707,3.361151407433131,0.240420187392708
3868.0,nhefs,q,19,61,-0.3764136806616097,-0.0172658586244194,4.149304477554186,0.718493633777965
3869.0,nhefs,drt_log,19,61,0.4564231267762777,0.0162531017369726,5.433165253787037,0.7595599786847587
3870.0,nhefs,drs_log,19,61,0.2089242530438748,-0.0141254692371317,8.13946871768371,0.9397285673711044
3871.0,nhefs,drq_log,19,61,0.178196380502053,-0.0106429344022396,7.785779340215295,2.5595774962251783
3872.0,nhefs,drt_direct,19,61,0.4005171181853459,0.0192632181714067,3.755353856101602,1.133931030810526
3873.0,nhefs,drs_direct,19,61,0.0548437622437212,0.0020166062225615,2.667654964703888,0.8695847158050971
3874.0,nhefs,drq_direct,19,61,0.1970103600096366,0.0072707895908888,2.7579605263421563,0.6064715269229484
3875.0,nhefs,x,19,61,0.5943449736110078,0.0091957752751797,3.08964069380211,0.1475445832209149
3876.0,nhefs,x_log,19,61,0.6780055052672618,0.0133190176242285,2.532770970548158,0.4690035744330306
3877.0,nhefs,r,19,61,-0.4133319918134144,-0.0302287332188076,2.9539494161375304,0.2404406699874774
3878.0,nhefs,r_log,19,61,0.7554924647230254,0.0490096710568174,2.1797190030903435,0.24009415712012
3879.0,nhefs,dr_diff,19,61,-0.3464968946063442,0.0027234841254692,8.394172746940562,1.3342732504127397
3880.0,nhefs,s,20,62,0.3551688214254191,-0.0142210023448856,2.297852242998121,0.1149217291393791
3881.0,nhefs,t,20,62,0.6361500863580942,-0.0106360346026814,3.1439324042192704,0.1579923560128232
3882.0,nhefs,q,20,62,-0.2395643666444638,0.008279403740988,3.2346579899393144,0.4801016008997608
3883.0,nhefs,drt_log,20,62,0.0889623510990242,-0.0141536962144466,7.564225825060346,0.3936847211698628
3884.0,nhefs,drs_log,20,62,0.5613318855647884,0.0017362982461255,5.127348914297009,0.1230453880242882
3885.0,nhefs,drq_log,20,62,-0.1283139343202539,-0.0243782304651869,8.955303977469782,0.5517813180516145
3886.0,nhefs,drt_direct,20,62,-0.3840930153469879,0.0379515779039304,3.200161523484705,0.9890126224103106
3887.0,nhefs,drs_direct,20,62,0.2143496143135359,0.0286575009267087,2.198095172666126,0.5224079597361138
3888.0,nhefs,drq_direct,20,62,-0.5827327472831559,0.0293157348904817,2.250174773036699,0.7659434288092486
3889.0,nhefs,x,20,62,-0.625175122770187,-0.0362436848440421,3.653135010054461,0.0913757737339553
3890.0,nhefs,x_log,20,62,-0.1251267811406988,0.0059101946296705,2.022540773613981,0.3543346763497676
3891.0,nhefs,r,20,62,0.0094975310345208,0.0049161797107002,1.9294873132466537,0.1510379174578901
3892.0,nhefs,r_log,20,62,-0.0234426376128307,0.0131690941577779,1.9747238965181213,0.2580335208131926
3893.0,nhefs,dr_diff,20,62,-0.2879238990199491,-0.0016427527207753,5.228184788905007,1.0420408432012287
3894.0,nhefs,s,21,63,-0.3586132481008749,0.0044361736027021,1.4300128695970855,0.0964983827739156
3895.0,nhefs,t,21,63,0.1885775003912769,0.0211778301786586,3.669260280338276,0.1888187432916475
3896.0,nhefs,q,21,63,0.3159268583810523,0.0179412402013893,2.9894966795104847,0.7539474981443107
3897.0,nhefs,drt_log,21,63,0.1654098450244864,0.0145528009687081,4.598174648082145,2.061166360565005
3898.0,nhefs,drs_log,21,63,-0.209445568558178,-0.0076557686996792,6.625628391583158,1.4031052495023362
3899.0,nhefs,drq_log,21,63,0.0541364361394239,0.0076620568053873,5.876318623574241,0.9768921534120396
3900.0,nhefs,drt_direct,21,63,-0.1172877436815212,0.0079257323731225,3.8568589937750617,1.0471408816171537
3901.0,nhefs,drs_direct,21,63,0.1671609548243618,0.0131624498119941,2.6836342695703257,0.4932717363400324
3902.0,nhefs,drq_direct,21,63,0.1798590665255063,0.0066678563082871,2.968323346752936,0.4751876715661484
3903.0,nhefs,x,21,63,-0.1854929517669877,-0.0049928409066768,4.03953571731075,0.1699419768201924
3904.0,nhefs,x_log,21,63,-0.0724079354072869,-0.0026622479977906,2.449020630836756,0.522219309337399
3905.0,nhefs,r,21,63,-0.1540976147140382,-0.0104474327108958,4.671624604039471,0.163499310859145
3906.0,nhefs,r_log,21,63,0.3599208777230137,0.0423588044101714,2.659093625489829,0.2687650723179774
3907.0,nhefs,dr_diff,21,63,0.1397576883058394,0.0237923225628279,26.37705759129897,1.5947948751550296
3908.0,nhefs,s,22,64,0.4698850542510699,0.0137713753597832,1.524773370752623,0.13077619923088
3909.0,nhefs,t,22,64,0.1254241275148415,-0.0025227157288786,3.6026036510033808,0.1485083640177648
3910.0,nhefs,q,22,64,-0.1667412642426637,-0.0236446752074044,4.994986734658021,1.2891296928990172
3911.0,nhefs,drt_log,22,64,0.6751282902939095,0.0110206557932163,7.067563874483467,0.7714521428074723
3912.0,nhefs,drs_log,22,64,0.4018069299311075,0.00898414131723,5.885200703692111,0.5341811708632518
3913.0,nhefs,drq_log,22,64,0.5221379553687873,-0.0232758620689655,17.851820248759118,0.565984809287857
3914.0,nhefs,drt_direct,22,64,-0.3880427888188286,0.0238234381172752,5.937741399153,1.4044247163921957
3915.0,nhefs,drs_direct,22,64,-0.4175232890845139,0.0081854224279022,2.6281257964403064,0.6884236229134365
3916.0,nhefs,drq_direct,22,64,-0.4915476715982667,0.0120976070884361,3.073511953061029,0.6776821947560838
3917.0,nhefs,x,22,64,0.0409419100729344,-0.0042172244483323,4.362419424569854,0.1479365092144869
3918.0,nhefs,x_log,22,64,-0.1549825088125473,-0.0057048930526553,2.8640746828741124,0.3048365519125201
3919.0,nhefs,r,22,64,0.4231422254922483,0.0330619673796489,9.882689706283664,0.1783487278919885
3920.0,nhefs,r_log,22,64,-0.0819284720191231,-0.0124431401320616,2.1737130625828063,0.3301784563812185
3921.0,nhefs,dr_diff,22,64,0.851410948449409,0.0304306112083074,15.394506827765882,1.3558515787718806
3922.0,nhefs,s,23,65,0.3188162530455067,0.0247898032200357,1.8481082099289488,0.0765416965247127
3923.0,nhefs,t,23,65,0.4466466893646612,0.0450885509838998,4.541340531850815,0.1784886352719844
3924.0,nhefs,q,23,65,-0.1981574990317878,-0.021974060822898,4.575278392754892,0.7379408547052462
3925.0,nhefs,drt_log,23,65,0.2139333664480256,0.0283603160405486,4.582345917519388,1.0912545308826245
3926.0,nhefs,drs_log,23,65,0.0508433031420625,0.024814251639833,4.635820028534412,0.9013716377753436
3927.0,nhefs,drq_log,23,65,0.2340241745061217,0.0370922778771616,3.891368297182817,1.8298787371618408
3928.0,nhefs,drt_direct,23,65,-0.1982864572181941,0.0028455575432319,5.786282816718698,1.0458560985770171
3929.0,nhefs,drs_direct,23,65,-0.2117091462952509,0.0092658020274299,2.5420159497755948,0.4523013255452373
3930.0,nhefs,drq_direct,23,65,-0.146482585532878,0.0086127012522361,5.225266073152809,1.1500373013415095
3931.0,nhefs,x,23,65,-0.1131684624827504,0.018953190220632,5.254654369083953,0.1621754117472691
3932.0,nhefs,x_log,23,65,0.0378511615183745,0.0042426952892069,2.0393299196264083,0.3671235978356296
3933.0,nhefs,r,23,65,0.4558083540669613,0.0365590339892665,3.74520606620406,0.128851386641532
3934.0,nhefs,r_log,23,65,-0.1152828394289969,0.0263559928443649,1.8167857815111192,0.2040699265627867
3935.0,nhefs,dr_diff,23,65,0.001365459754645,0.0099871794871794,31.6153599253118,1.370838370594688
3936.0,nhefs,s,24,66,-0.2114757556781107,-0.0019456515604718,1.5322204692548338,0.0865996098874892
3937.0,nhefs,t,24,66,-0.095784147404015,0.0025176364354647,3.747741337389528,0.2742515989979581
3938.0,nhefs,q,24,66,-0.3328521554405909,-0.0169991252328009,3.4122405139352106,0.5234813197093869
3939.0,nhefs,drt_log,24,66,-0.0195303078840735,0.0139365934872171,5.307333390214174,1.6737785203555768
3940.0,nhefs,drs_log,24,66,0.1686374330228625,0.0254495174671256,5.422975541069203,1.283415930025202
3941.0,nhefs,drq_log,24,66,-0.0702915857630187,0.0091782831988261,7.11405756691214,1.5939476904037675
3942.0,nhefs,drt_direct,24,66,-0.2485072215395709,0.0076697330549128,7.781905705244035,1.3558014684651851
3943.0,nhefs,drs_direct,24,66,-0.0750485861013129,0.007511992776116,3.132297136409401,0.7600850306114926
3944.0,nhefs,drq_direct,24,66,-0.3172819943653221,0.0119165867148258,7.521650286082476,1.2730681201172829
3945.0,nhefs,x,24,66,-0.2677705276622247,0.0036280264123257,3.9867038238096,0.2344224634474552
3946.0,nhefs,x_log,24,66,0.2749108882758285,0.0209120153507534,2.178462767675072,0.3540855137031625
3947.0,nhefs,r,24,66,-0.2322772402335464,-0.0050364016027992,2.0154060802345546,0.3416738800940368
3948.0,nhefs,r_log,24,66,0.0437624096153498,0.0560305321970765,2.75042357149296,0.4038256428045467
3949.0,nhefs,dr_diff,24,66,-0.3033396061955636,0.0084530729725153,8.952293820980673,1.5324171346965507
3950.0,jtpa,s,0,42,0.0314116806977957,-0.0033667535963407,1.1582709277090997,0.0939854308937643
3951.0,jtpa,t,0,42,-0.0060642645297299,-0.0063527316673073,1.3721648006299154,0.138980879158706
3952.0,jtpa,q,0,42,-0.0191046691548268,-0.0233658562736205,1.4748391441006958,0.1693424280779892
3953.0,jtpa,drt_log,0,42,-0.0527192302658372,-0.015884021221391,1.5273385581836845,0.2013118270813199
3954.0,jtpa,drs_log,0,42,-0.0569742914943982,-0.0228552636544088,1.5925347612075598,0.2010478620355469
3955.0,jtpa,drq_log,0,42,-0.0390119876710541,-0.0146032211241468,1.5322726733189285,0.1916522208434131
3956.0,jtpa,drt_direct,0,42,0.0349031108174942,-0.0107871415772634,1.7752531432923202,0.3276593597263155
3957.0,jtpa,drs_direct,0,42,0.0200614538515417,-0.0109241306423946,1.6902571829484452,0.3115556380181068
3958.0,jtpa,drq_direct,0,42,0.0506857161394307,-0.0022757067921494,1.7622322209851338,0.3523395455562916
3959.0,jtpa,x,0,42,-0.0230061984397991,-0.0081961334977869,1.2896896739643562,0.0989226686922336
3960.0,jtpa,x_log,0,42,-0.0215563058473025,-0.0124752466963547,1.2690434810383295,0.0834896283690543
3961.0,jtpa,r,0,42,-0.0601517514276861,-0.0206848582040679,1.5081100768046356,0.1522554977854552
3962.0,jtpa,r_log,0,42,0.0167881070064306,-0.0009774759343267,1.2525405592791112,0.0896237445990437
3963.0,jtpa,dr_diff,0,42,0.0191394893340253,-0.008963572439625,1.983415118493285,0.4400638195692383
3964.0,jtpa,s,1,43,-0.0341659156164466,-0.016275361864564,1.2111423264048138,0.1031252042081391
3965.0,jtpa,t,1,43,-0.0348574372556957,-0.0165458795715049,1.389572856834532,0.1219627800560267
3966.0,jtpa,q,1,43,0.0100954985261039,-0.0195603382631171,1.380393017784478,0.1815507894926654
3967.0,jtpa,drt_log,1,43,-0.0161494117968163,-0.0200600857681204,1.6067440226746497,0.2072799810482339
3968.0,jtpa,drs_log,1,43,-0.0205563004131541,-0.0186765566644682,1.4975695159764266,0.1853872567087673
3969.0,jtpa,drq_log,1,43,0.0044960265129228,-0.0175868692691807,1.5728405094291649,0.2021844616027387
3970.0,jtpa,drt_direct,1,43,0.0976919037402577,1.4679032507083911e-05,1.6896432774299663,0.3266573961199544
3971.0,jtpa,drs_direct,1,43,0.0834219968306877,0.0006696046503764,1.6261780753111632,0.2847136047138853
3972.0,jtpa,drq_direct,1,43,0.075466230843848,-0.0043528912795319,1.674872326198641,0.330689244300629
3973.0,jtpa,x,1,43,-0.0169578967763588,-0.0133848289332245,1.287002988509706,0.118959512063414
3974.0,jtpa,x_log,1,43,-0.0170097746083781,-0.0124522914804289,1.2989655156128432,0.1043000811546042
3975.0,jtpa,r,1,43,0.0008085119513652,-0.0229728729437328,1.410478715509008,0.1535843638557936
3976.0,jtpa,r_log,1,43,0.0302067463298874,-0.0093653102973971,1.2695979942895077,0.0998338235900429
3977.0,jtpa,dr_diff,1,43,0.0536574115768,-0.011127404195677,1.918114783486802,0.4265801457977755
3978.0,jtpa,s,2,44,-0.0151730420025533,-0.0127554945171111,1.2186236373533736,0.087130069909547
3979.0,jtpa,t,2,44,-0.0035579121458668,-0.0203285470011123,1.3497340801476758,0.1286800739603394
3980.0,jtpa,q,2,44,-0.0252984889588894,-0.0228768329364858,1.4995943970223458,0.2212362837837592
3981.0,jtpa,drt_log,2,44,-0.0458326352191069,-0.0331324886924841,1.5285971939947791,0.1931133209578075
3982.0,jtpa,drs_log,2,44,0.0076211368851319,-0.0327277244876285,1.5078809176671455,0.1857417560565977
3983.0,jtpa,drq_log,2,44,-0.0361544586388995,-0.0311570161010736,1.527240934519962,0.2150066310395949
3984.0,jtpa,drt_direct,2,44,0.0196005847380549,-0.0149285457325758,1.773359180293913,0.3581767893073908
3985.0,jtpa,drs_direct,2,44,-0.0284553617424281,-0.0170109145948282,1.7150904798645183,0.322104626631825
3986.0,jtpa,drq_direct,2,44,0.0686261716770721,-0.0167365354958116,1.7984056729604478,0.3550464705888651
3987.0,jtpa,x,2,44,0.006546350672822,-0.0135814488480317,1.260067614725378,0.1098965502226084
3988.0,jtpa,x_log,2,44,0.012549498276843,-0.0116008591291157,1.2811664070075768,0.0999876868166871
3989.0,jtpa,r,2,44,-0.0079164885624363,-0.0250444940335338,1.3594843578225064,0.1621068626338785
3990.0,jtpa,r_log,2,44,0.0089354603190416,-0.0133427037754015,1.2345626156080785,0.101505754975988
3991.0,jtpa,dr_diff,2,44,-0.0106284024516651,-0.0247933278744444,2.015492093905701,0.4612294681783841
3992.0,jtpa,s,3,45,0.020126771959096,-0.0206216055998292,1.140134365524901,0.083330356644242
3993.0,jtpa,t,3,45,0.0267034634547751,-0.0184436670857095,1.3275510596352065,0.1092673694879813
3994.0,jtpa,q,3,45,0.1076602112836573,-0.001378796967417,1.3100403797471,0.126849572572742
3995.0,jtpa,drt_log,3,45,0.0187599965366414,-0.0149779531948917,1.449507092405415,0.1814555570424281
3996.0,jtpa,drs_log,3,45,0.01235249404371,-0.0160270007073232,1.5012971853119488,0.185677404944086
3997.0,jtpa,drq_log,3,45,0.0246690670696909,-0.0243584626822019,1.4737696480803326,0.1723210279789941
3998.0,jtpa,drt_direct,3,45,0.1074658375634487,-0.0063536663884947,1.7033370964819543,0.3113022767946229
3999.0,jtpa,drs_direct,3,45,0.104080108920197,-0.0033899988176444,1.672270185688273,0.2954959276930857
4000.0,jtpa,drq_direct,3,45,0.1524972627679974,-0.0022242314913265,1.7157165301612352,0.3254123036967842
4001.0,jtpa,x,3,45,0.0561592903998646,-0.0140692261236855,1.2635078302380274,0.0906256500143205
4002.0,jtpa,x_log,3,45,0.073468180026069,-0.0137733665692265,1.2283106430949176,0.0903975946241554
4003.0,jtpa,r,3,45,0.0397811493342004,-0.0097961602079161,1.3646795799579512,0.1203865651035002
4004.0,jtpa,r_log,3,45,0.0631145792271472,-0.0030040781386142,1.2086208283456117,0.0625559824086642
4005.0,jtpa,dr_diff,3,45,0.0307595136955045,-0.0170686140885943,1.9592243651614016,0.4275086183901173
4006.0,jtpa,s,4,46,-0.0215497613495834,-0.0179580376577688,1.2484016577381694,0.1069694703104449
4007.0,jtpa,t,4,46,-0.0539745735202177,-0.0129195638529933,1.4171273943601947,0.1602774150505093
4008.0,jtpa,q,4,46,0.0256440686764065,-0.0021628235189627,1.3822450509533637,0.1859897936584694
4009.0,jtpa,drt_log,4,46,0.0452644382417497,-0.0084300215089079,1.5179098809683935,0.1923017031012607
4010.0,jtpa,drs_log,4,46,-0.0099014568645723,-0.0084325004199253,1.525696740019366,0.2347634701360191
4011.0,jtpa,drq_log,4,46,0.0581268266266286,-0.0047500153339932,1.4858473520708029,0.2128754261074904
4012.0,jtpa,drt_direct,4,46,0.0284932354301432,-0.0158022017277865,1.792516471068239,0.3511205774547935
4013.0,jtpa,drs_direct,4,46,0.0482096564188538,-0.0056268326996991,1.6698284507257024,0.3112187606488543
4014.0,jtpa,drq_direct,4,46,0.0690772808780086,-0.0057406840546561,1.7256547708765275,0.3407063534801257
4015.0,jtpa,x,4,46,-0.0207001435672724,-0.0105640087425851,1.3307782021768193,0.1233620219651626
4016.0,jtpa,x_log,4,46,-0.0118337130709098,-0.009191748064148,1.2981663454152386,0.1236921564194133
4017.0,jtpa,r,4,46,-0.0116093962247498,-0.0109579276073891,1.3916511420952868,0.1478283281051589
4018.0,jtpa,r_log,4,46,0.0112764016702981,-0.0112955798754252,1.2637234630939145,0.1126696969978494
4019.0,jtpa,dr_diff,4,46,0.0187326775075833,-0.01910411217865,1.9567138040582472,0.4454227439209066
4020.0,jtpa,s,5,47,-0.0480947891830292,-0.0237497015270458,1.2622296315933013,0.0746701124569257
4021.0,jtpa,t,5,47,-0.0614405552273342,-0.0338056954069824,1.396417702914739,0.154274384639331
4022.0,jtpa,q,5,47,0.0028606247668958,-0.0196894084255592,1.419218986664376,0.1525116268721838
4023.0,jtpa,drt_log,5,47,-0.0850022810162292,-0.0219082998877766,1.5625203340182443,0.2110659796548549
4024.0,jtpa,drs_log,5,47,-0.0921536338278516,-0.0232682587196952,1.6702345808162886,0.2515623931559855
4025.0,jtpa,drq_log,5,47,-0.0741287338860541,-0.01973654587569,1.597894274023469,0.1934988313811011
4026.0,jtpa,drt_direct,5,47,0.0366743208686146,-0.0022582293157745,1.6215629405791685,0.3103808961568935
4027.0,jtpa,drs_direct,5,47,0.0089911774152298,-0.0076515168834872,1.5893046318520794,0.2717170161088597
4028.0,jtpa,drq_direct,5,47,0.0610717338315709,0.0046167969798237,1.6379085867137733,0.3055851820872323
4029.0,jtpa,x,5,47,-0.0889083092385458,-0.0348559784626532,1.3815325173043878,0.1105130537608381
4030.0,jtpa,x_log,5,47,-0.0303616216161775,-0.0275330600513923,1.3388205707969525,0.1039273502736967
4031.0,jtpa,r,5,47,-0.0840018663320922,-0.0214031584427754,1.4478916683946017,0.1252125040393183
4032.0,jtpa,r_log,5,47,-0.0123921211116904,-0.0194099072276057,1.2444419237128548,0.0575833615116994
4033.0,jtpa,dr_diff,5,47,-0.0352486210035192,-0.0221362362792491,1.876040553499181,0.418239957890926
4034.0,jtpa,s,6,48,-0.0768744042867579,-0.0214079534107153,1.3030685231167392,0.1027530236941269
4035.0,jtpa,t,6,48,-0.0610687566100813,-0.0157506041030874,1.4998244023516174,0.1138400444009365
4036.0,jtpa,q,6,48,-0.0544136926045948,-0.0128835770202487,1.4873455202734809,0.1958438366354261
4037.0,jtpa,drt_log,6,48,0.0316594208674256,-0.0017680676164847,1.455476001632202,0.1505575107264278
4038.0,jtpa,drs_log,6,48,-0.0210753793003233,-0.0123378159594731,1.5571686169915862,0.1783649192032229
4039.0,jtpa,drq_log,6,48,0.0140925898724701,-0.007642360092114,1.517874791538504,0.165437814655499
4040.0,jtpa,drt_direct,6,48,-0.0342426416789463,-0.0009946023560641,1.575288290631276,0.2866173069380905
4041.0,jtpa,drs_direct,6,48,-0.0363957501431499,0.0037122028609607,1.5436138790169447,0.2452133430320613
4042.0,jtpa,drq_direct,6,48,-0.0435439771789951,-0.004406646863088,1.5836833893744433,0.2905177394469083
4043.0,jtpa,x,6,48,-0.0707507778354261,-0.0089253090860391,1.3964175537195458,0.1117629190146913
4044.0,jtpa,x_log,6,48,-0.0679882260340196,-0.0137304596711239,1.3985774783982468,0.1142333866176544
4045.0,jtpa,r,6,48,-0.0461344633998817,-0.0065869616107631,1.466778112220176,0.142350587248252
4046.0,jtpa,r_log,6,48,-0.0702936318025666,-0.0063522866746191,1.3865389204591367,0.1138914707957132
4047.0,jtpa,dr_diff,6,48,-0.0456577650551879,-0.00691806979982,1.8103470061121112,0.3945274426174435
4048.0,jtpa,s,7,49,0.0281446282112796,-0.0180844969687638,1.1885946865091983,0.0813232365116952
4049.0,jtpa,t,7,49,0.0545298377369212,-0.0030371202521233,1.3330947755511109,0.1108440011917142
4050.0,jtpa,q,7,49,-0.0384611972583375,-0.0227007762155051,1.4906770489068106,0.188126362816741
4051.0,jtpa,drt_log,7,49,-0.032076816869623,-0.0167708570221007,1.5534757224921247,0.2303523359219386
4052.0,jtpa,drs_log,7,49,-0.0402353237874018,-0.0179386098637543,1.524319695212876,0.2121287029100227
4053.0,jtpa,drq_log,7,49,0.0003600705402391,-0.0096803717702421,1.5310363619652287,0.2136224775518284
4054.0,jtpa,drt_direct,7,49,0.0029841398407735,-0.003246825516487,1.81766799386322,0.3542433264797761
4055.0,jtpa,drs_direct,7,49,0.0012477339623342,-0.0064096767272028,1.771892207888366,0.3309289037908428
4056.0,jtpa,drq_direct,7,49,0.0588566173153966,0.0014364372096595,1.8400885158029296,0.3711781330959296
4057.0,jtpa,x,7,49,0.0286340811561331,-0.0109534347104079,1.3091669820865897,0.1112084760331252
4058.0,jtpa,x_log,7,49,0.059265811138363,-0.0115041461073031,1.2578893684280648,0.0999738024501386
4059.0,jtpa,r,7,49,-0.0099441264787367,-0.0114104663834799,1.435495867926789,0.1304158274636144
4060.0,jtpa,r_log,7,49,0.0100503904492401,-0.0160428324465777,1.245448807415838,0.1248469780177741
4061.0,jtpa,dr_diff,7,49,0.0496847698994189,0.000798770908248,2.060274662375276,0.4650133206488311
4062.0,jtpa,s,8,50,0.0657129522068693,-0.0204809020976704,1.2216692688251871,0.1027726012253703
4063.0,jtpa,t,8,50,0.0139591936961815,-0.0217870639435735,1.36483352740743,0.1743228390560719
4064.0,jtpa,q,8,50,0.0218109702256088,-0.0234779172586646,1.448234722528408,0.2254412475085981
4065.0,jtpa,drt_log,8,50,0.0340397912750765,-0.0151542605336654,1.5043476495898682,0.2226468544423348
4066.0,jtpa,drs_log,8,50,0.0074074977764884,-0.0327448240377475,1.5472087808736474,0.2209098240585301
4067.0,jtpa,drq_log,8,50,0.0381503702785555,-0.0098167681102646,1.4880212890213829,0.2186635142188445
4068.0,jtpa,drt_direct,8,50,0.0854071571840442,-0.0039883315500308,1.875122562703135,0.3773529901499238
4069.0,jtpa,drs_direct,8,50,0.0500787440323331,-0.0137908332407575,1.81257119661982,0.3541001821565568
4070.0,jtpa,drq_direct,8,50,0.0925370831825462,-0.0079452506660585,1.893784415197872,0.390051444641559
4071.0,jtpa,x,8,50,0.0214871146229236,-0.0185694016484341,1.3283629083834092,0.1251384201207295
4072.0,jtpa,x_log,8,50,0.0327060000866348,-0.0168152362242322,1.286303397086037,0.1205575710356517
4073.0,jtpa,r,8,50,0.0284362399230733,-0.0205883923577207,1.4161355958711048,0.1612743527759737
4074.0,jtpa,r_log,8,50,0.0507930337838562,-0.0225173896350174,1.2978281137317071,0.1123915364351046
4075.0,jtpa,dr_diff,8,50,0.0754164684745943,-0.0117311578992502,2.0879721133210776,0.4785065929623274
4076.0,jtpa,s,9,51,0.0501762067227622,-0.0062934500820062,1.1748299462423395,0.1044371021776415
4077.0,jtpa,t,9,51,0.0531829010361111,-0.0046738267816517,1.3103606774535628,0.1372782054822363
4078.0,jtpa,q,9,51,0.0436057878306599,-0.0055225913972805,1.3598950116705208,0.1563260003497078
4079.0,jtpa,drt_log,9,51,0.0545635871379177,-0.014866938257235,1.4810222478596888,0.1646905196007423
4080.0,jtpa,drs_log,9,51,0.0216224131393045,-0.0161514602401989,1.4797354665437823,0.1966916558597459
4081.0,jtpa,drq_log,9,51,0.0379669773262789,-0.016532723136342,1.465689341987852,0.2056548521566142
4082.0,jtpa,drt_direct,9,51,0.042516986433492,-0.0010037828686313,1.721539152722155,0.3364858079946249
4083.0,jtpa,drs_direct,9,51,0.0398328906837261,0.0020759483625204,1.6068590332474404,0.2909676415850893
4084.0,jtpa,drq_direct,9,51,0.0896708174825637,0.0010646923443203,1.6927665187645324,0.3298721418947145
4085.0,jtpa,x,9,51,0.0115447166290134,-0.0136584043172319,1.3070193669055057,0.1179161978351649
4086.0,jtpa,x_log,9,51,-0.0159968491624395,-0.0159539177821279,1.3051866017895728,0.1479654442708274
4087.0,jtpa,r,9,51,0.0272156906797695,-0.0186416062642188,1.4532869281931546,0.1484073370773625
4088.0,jtpa,r_log,9,51,0.0039076837963805,-0.0095464525686471,1.2449337121919086,0.1203173833133576
4089.0,jtpa,dr_diff,9,51,0.0419178712245369,0.0002746547801703,1.924876656748052,0.4404483735081317
4090.0,jtpa,s,10,52,0.0524577838187036,-0.0281048125696996,1.2439818986634832,0.0734618285600282
4091.0,jtpa,t,10,52,0.0348327342698657,-0.0171903720290513,1.3359653036222054,0.0939882399166066
4092.0,jtpa,q,10,52,0.0084594596001712,-0.0192740015162736,1.4035274591596254,0.1732755770571618
4093.0,jtpa,drt_log,10,52,0.0268796059279399,-0.0151905934837989,1.5150864934326922,0.1681579266478447
4094.0,jtpa,drs_log,10,52,0.0358550465171967,-0.0146151538903867,1.4445472781580913,0.1382349871371874
4095.0,jtpa,drq_log,10,52,0.0481832311646059,-0.0122419473992815,1.4722289711962602,0.1730979766095225
4096.0,jtpa,drt_direct,10,52,0.0858545794365135,-0.0041942743590624,1.6898831809625443,0.3150054994468569
4097.0,jtpa,drs_direct,10,52,0.0682369665379765,-0.0063605157924032,1.6534456483013973,0.2852965232208063
4098.0,jtpa,drq_direct,10,52,0.0900794915882829,-0.0032599029425974,1.699882145262479,0.3243796371571509
4099.0,jtpa,x,10,52,0.0285857023034221,-0.0228834926706872,1.3327110698472622,0.0918372607602604
4100.0,jtpa,x_log,10,52,0.0319505393080092,-0.0197453722128293,1.3216558830096647,0.0707380505420816
4101.0,jtpa,r,10,52,0.0208737078102576,-0.0233346978413084,1.372499338965266,0.1244488642510152
4102.0,jtpa,r_log,10,52,0.0340284285659142,-0.0199161825224975,1.3184828016411936,0.0782637327510737
4103.0,jtpa,dr_diff,10,52,0.0354286334010296,-0.026895468346556,1.984595139879028,0.4297927364302146
4104.0,jtpa,s,11,53,-0.048393548315766,-0.0075146343011949,1.2076805827209802,0.0869597900929907
4105.0,jtpa,t,11,53,0.027417316391106,-0.008512500134854,1.4067976021248698,0.1532299236059811
4106.0,jtpa,q,11,53,-0.0291269492551755,-0.0051013839840243,1.4253009718155514,0.2172967685272561
4107.0,jtpa,drt_log,11,53,-0.0104894478396713,-0.0125925399211435,1.5331042199108234,0.2180070388620686
4108.0,jtpa,drs_log,11,53,0.0053463245737677,-0.0040838412758968,1.4555440113895857,0.1658646471572656
4109.0,jtpa,drq_log,11,53,0.0011966960513498,-0.0149689446587436,1.5100166437508304,0.2134593272407152
4110.0,jtpa,drt_direct,11,53,0.0096244136120975,-0.0043498893592144,1.8772197340747816,0.3770000953295153
4111.0,jtpa,drs_direct,11,53,-0.0256237488388713,-0.0011375134187545,1.7866714885531847,0.3366267155646552
4112.0,jtpa,drq_direct,11,53,-0.0427898521340339,-0.0005963049149006,1.8806844007010373,0.3882108783535313
4113.0,jtpa,x,11,53,-0.0216562610946553,-0.0146040055315587,1.3225179833598586,0.1219084708813465
4114.0,jtpa,x_log,11,53,-0.0097617904626572,-0.0092530155849138,1.3042456194777534,0.1119904893071718
4115.0,jtpa,r,11,53,-0.0454159050811882,-0.0107595776922482,1.399814271615901,0.1478686390246827
4116.0,jtpa,r_log,11,53,-0.0199711909913218,-0.0131774461798974,1.3074286528784722,0.1273198821614311
4117.0,jtpa,dr_diff,11,53,-0.0109833270368839,-0.0046080312354257,2.0984117273498475,0.4689939837756054
4118.0,jtpa,s,12,54,0.0081801836558139,-0.0081678401985917,1.152434331622994,0.0873864360720648
4119.0,jtpa,t,12,54,0.0136642604200374,-0.0098010650720552,1.3855679047767495,0.1198134410781578
4120.0,jtpa,q,12,54,-0.0172037499729742,-0.0168065286654989,1.5011113281672015,0.2003533407630197
4121.0,jtpa,drt_log,12,54,0.1346876906220093,0.003455935519544,1.4196405909912115,0.1261755386519531
4122.0,jtpa,drs_log,12,54,0.1458434474532448,0.0015687821174614,1.3428449403912386,0.1217289028676539
4123.0,jtpa,drq_log,12,54,0.1502716368932253,-0.0024411397372989,1.416619653187696,0.1523829168795782
4124.0,jtpa,drt_direct,12,54,0.0989184258458812,0.0004345451452125,1.6021292965351257,0.3011797795446408
4125.0,jtpa,drs_direct,12,54,0.0810980827968195,-0.0004850630845909,1.552812288532654,0.278874285686932
4126.0,jtpa,drq_direct,12,54,0.0667598353135288,-0.0098446955196986,1.6677974602995262,0.3358169687493277
4127.0,jtpa,x,12,54,0.00746948238891,-0.010727754126695,1.269701399658102,0.0951225797984508
4128.0,jtpa,x_log,12,54,-0.0297305219468162,-0.0123407515244314,1.2422311055310222,0.0834265994076301
4129.0,jtpa,r,12,54,0.1056293398556555,0.0013322197346696,1.3227716506993226,0.0868801498688624
4130.0,jtpa,r_log,12,54,0.0287521499035063,-0.0126752226230661,1.2312322722536353,0.049089216148227
4131.0,jtpa,dr_diff,12,54,0.0606110424604668,0.0095253092362956,1.7958424839824303,0.3942256202076146
4132.0,jtpa,s,13,55,0.0313326228266357,-0.0157847301867481,1.1813743680100803,0.0974996593154212
4133.0,jtpa,t,13,55,0.0196734196317089,-0.0086644242756242,1.3984521159847094,0.1495972041795393
4134.0,jtpa,q,13,55,0.0094939830414653,-0.0079174832613541,1.4370046338625868,0.2284440375360299
4135.0,jtpa,drt_log,13,55,-0.007941647337486,-0.0117887911429026,1.5877966547480225,0.2392549879544229
4136.0,jtpa,drs_log,13,55,-0.0072779567564345,-0.0231370454873447,1.4613281910937164,0.2220777210083389
4137.0,jtpa,drq_log,13,55,-0.0440464756523752,-0.0206170841545369,1.6109122772292666,0.2577703946442288
4138.0,jtpa,drt_direct,13,55,0.0299112958911376,-0.0015386721377254,1.847675720618684,0.3759837891816315
4139.0,jtpa,drs_direct,13,55,0.0726263350112139,0.0060045519992485,1.7525760869635416,0.3347231748231359
4140.0,jtpa,drq_direct,13,55,0.0524227017347329,0.0054419840915077,1.840154148847408,0.3803382576056333
4141.0,jtpa,x,13,55,-0.0111140405317615,-0.0116024352180957,1.3886271155403078,0.1161628743804135
4142.0,jtpa,x_log,13,55,-0.0144490746224119,-0.0098292737989234,1.3407813072162442,0.0973046347722315
4143.0,jtpa,r,13,55,-0.0156114995989551,-0.0108760130709855,1.4685153032892782,0.1459242019975959
4144.0,jtpa,r_log,13,55,-0.0328615745162683,-0.0136337296172788,1.287511316046838,0.1306967495260158
4145.0,jtpa,dr_diff,13,55,0.0292303854547428,-0.0098009847324371,2.095399919062572,0.4739095471301316
4146.0,jtpa,s,14,56,0.0368755403266563,-0.0231132221644029,1.147655161927345,0.0703073005239987
4147.0,jtpa,t,14,56,0.0363101172401625,-0.0217005689027135,1.2789355074241802,0.0880102444474468
4148.0,jtpa,q,14,56,-0.0448261518223829,-0.0311668791037882,1.454434561840753,0.2168518671229836
4149.0,jtpa,drt_log,14,56,-0.0095693936984788,-0.0182264375074304,1.4859251537614844,0.1967264255526242
4150.0,jtpa,drs_log,14,56,-0.009321094554674,-0.0251367880676602,1.4585382268131126,0.1811121727124958
4151.0,jtpa,drq_log,14,56,0.0391783160805465,-0.01065351700374,1.443836929386174,0.1978314942558093
4152.0,jtpa,drt_direct,14,56,0.0786229444349875,-0.0157432034738341,1.6384620501116494,0.3076373091599491
4153.0,jtpa,drs_direct,14,56,0.0932616929167582,-0.0157134574044081,1.6016684988828962,0.2929850259440067
4154.0,jtpa,drq_direct,14,56,0.0872017941286433,-0.0219394680886311,1.689602117045,0.3351954419098288
4155.0,jtpa,x,14,56,0.0351312860661015,-0.0207716096302229,1.277125643490552,0.1152955085404866
4156.0,jtpa,x_log,14,56,0.0358839207348056,-0.018660384179866,1.214618965292131,0.1032919171675865
4157.0,jtpa,r,14,56,0.0364841775965227,-0.0260976226532032,1.3191899742707758,0.1193417249549884
4158.0,jtpa,r_log,14,56,0.0137809218908611,-0.0188170906638757,1.2942540380115066,0.1065323551780369
4159.0,jtpa,dr_diff,14,56,0.1310748909754484,-0.0078307051548159,1.869581726577508,0.4164497879806658
4160.0,jtpa,s,15,57,-0.1172447504924327,-0.0250371090447324,1.2855124320857587,0.099030340091635
4161.0,jtpa,t,15,57,-0.0608012578498371,-0.0147905267361092,1.453788882794531,0.1588421375613025
4162.0,jtpa,q,15,57,-0.0746179475895554,-0.0035670403714742,1.5158514804321963,0.1968732200421945
4163.0,jtpa,drt_log,15,57,-0.0433064870571844,-0.0195268620212069,1.5225734904377324,0.1756296068605302
4164.0,jtpa,drs_log,15,57,-0.013341949612514,-0.0142505563537824,1.4949009212843558,0.1757826593440236
4165.0,jtpa,drq_log,15,57,-0.0491276561026134,-0.0167346900030153,1.5245244480069695,0.2244380483965415
4166.0,jtpa,drt_direct,15,57,-0.10504682085854,-0.0252952563689623,1.841868565837168,0.3709563304262807
4167.0,jtpa,drs_direct,15,57,-0.0974750291822452,-0.0265520028452344,1.7655634319428457,0.3321527504738003
4168.0,jtpa,drq_direct,15,57,-0.0895221923481817,-0.0257825065003882,1.841060501294428,0.3660571220118503
4169.0,jtpa,x,15,57,-0.1159064165984651,-0.023798253136902,1.446173250370403,0.1295774609152898
4170.0,jtpa,x_log,15,57,-0.0904697550353348,-0.0295010200288084,1.380819993909568,0.1211004750241286
4171.0,jtpa,r,15,57,-0.0850299476821725,-0.0160812320721474,1.449727121252698,0.1426541877814896
4172.0,jtpa,r_log,15,57,-0.1034084896537825,-0.0212267350106205,1.3660028549853769,0.1302108406036442
4173.0,jtpa,dr_diff,15,57,-0.0751840535908239,-0.0095579331426148,2.023683870088803,0.4557549908616624
4174.0,jtpa,s,16,58,0.0966636400038711,0.0012083913891262,1.1239525806559574,0.1034870437489577
4175.0,jtpa,t,16,58,0.019425534987842,-0.0056163697779442,1.370135875418657,0.1399777404559961
4176.0,jtpa,q,16,58,-0.0068595911373283,-0.0094713807649963,1.4007125506471731,0.154436132955013
4177.0,jtpa,drt_log,16,58,0.068645440090826,-0.006599347060683,1.436254689271454,0.1686571846109859
4178.0,jtpa,drs_log,16,58,0.0407084251784222,-0.0100614787603963,1.4272854647879447,0.1625495400773819
4179.0,jtpa,drq_log,16,58,0.041538323463593,-0.0043172895227701,1.4323107517006424,0.1997681802104932
4180.0,jtpa,drt_direct,16,58,0.0931939842783233,0.006895822740088,1.605192133130684,0.292894185327061
4181.0,jtpa,drs_direct,16,58,0.0931513360298297,0.0117338783364314,1.5622755354074431,0.2708126695666072
4182.0,jtpa,drq_direct,16,58,0.0685256007151307,0.0008989809965996,1.6217416169703724,0.3085221592272378
4183.0,jtpa,x,16,58,0.0339021805940056,-0.0014004580129177,1.2849203040617652,0.0971977796305544
4184.0,jtpa,x_log,16,58,0.0633696228839255,0.0012753332183438,1.26222128777691,0.0753323337865212
4185.0,jtpa,r,16,58,-0.0031381456739669,-0.0134129288140331,1.3724803699661974,0.1411049721368796
4186.0,jtpa,r_log,16,58,0.0377035302384629,-0.0084238485396229,1.2201356960803296,0.0918581464624657
4187.0,jtpa,dr_diff,16,58,0.046476193746906,-0.0077692597221144,1.874223383151025,0.4217557091501907
4188.0,jtpa,s,17,59,0.0787553335366384,-0.0165314285540337,1.1520602810795555,0.0566983028961225
4189.0,jtpa,t,17,59,0.0870244770363226,-0.0162549825902941,1.308663679822646,0.1346132737217701
4190.0,jtpa,q,17,59,0.0506545952928294,-0.0138082147411449,1.3654257878374256,0.1860773578165689
4191.0,jtpa,drt_log,17,59,0.0426962568670379,-0.0119296381023579,1.4219501676366515,0.1677009176417457
4192.0,jtpa,drs_log,17,59,0.0528321466743373,-0.0181848154453022,1.4240381874452883,0.1701002493792667
4193.0,jtpa,drq_log,17,59,0.0469265138295069,-0.0164543933758459,1.4157086151288134,0.1630984066089914
4194.0,jtpa,drt_direct,17,59,0.1589743121801135,0.0044091745226551,1.8163111917121009,0.3560250354414665
4195.0,jtpa,drs_direct,17,59,0.1196050938149511,-0.0002442751727083,1.7739242215372035,0.3301221519242036
4196.0,jtpa,drq_direct,17,59,0.1625088092158459,0.0019499987025924,1.8439814010752744,0.373496227187568
4197.0,jtpa,x,17,59,0.1254791542525291,-0.0121659341031861,1.2225643421481749,0.0802093897279754
4198.0,jtpa,x_log,17,59,0.1122924511128615,-0.0175143958194597,1.2229714713576247,0.0786362255614691
4199.0,jtpa,r,17,59,0.0756885099430579,-0.0096581695104627,1.3209523730227368,0.126931668176691
4200.0,jtpa,r_log,17,59,0.1690292358936569,-0.0144009919135745,1.1789400486587256,0.095927387789676
4201.0,jtpa,dr_diff,17,59,0.0927959292750475,-0.0177275388090297,2.1179511751535074,0.4679740282868422
4202.0,jtpa,s,18,60,0.0202236877896087,-0.0084262828498401,1.1577409364973783,0.0676652713080158
4203.0,jtpa,t,18,60,0.0425329688801738,-0.0005026736370245,1.289409140304148,0.0824535895100747
4204.0,jtpa,q,18,60,0.0293069894027802,0.003053300003239,1.317876926212867,0.1436679421188306
4205.0,jtpa,drt_log,18,60,-0.0517692664775468,-0.0074629080427719,1.553402290776775,0.169775013765373
4206.0,jtpa,drs_log,18,60,0.0147626240014668,-0.0038315470563669,1.4733449519263355,0.1606197720777029
4207.0,jtpa,drq_log,18,60,-0.0265537947607528,-0.0092197735830746,1.5000748458010211,0.1669780875523812
4208.0,jtpa,drt_direct,18,60,0.0920690056730375,-9.105434457889332e-05,1.6903290848834545,0.3177579537501147
4209.0,jtpa,drs_direct,18,60,0.0634470105966233,0.0034140915546029,1.617587415705435,0.2824162217057975
4210.0,jtpa,drq_direct,18,60,0.0808232203319991,0.0042312569498221,1.689962369609994,0.3186367205139876
4211.0,jtpa,x,18,60,0.005692676425318,-0.0106316710424104,1.2971221789334926,0.0961065643867383
4212.0,jtpa,x_log,18,60,0.0081127241731444,-0.0145246482759662,1.263394261291014,0.1048026504573849
4213.0,jtpa,r,18,60,0.0020756927731082,-0.0077683432558803,1.3252704071824517,0.1101384832947
4214.0,jtpa,r_log,18,60,-0.0029316051019849,-0.0263686075763655,1.33442664298927,0.1105641792462215
4215.0,jtpa,dr_diff,18,60,0.0057835242242048,0.0072681222032033,1.927440347742012,0.4318350394794794
4216.0,jtpa,s,19,61,0.0457452174178176,-0.0086107845958336,1.1958361670686186,0.0574634788282389
4217.0,jtpa,t,19,61,0.0076909619282181,-0.0149748312319299,1.3530953364923248,0.0928568221219729
4218.0,jtpa,q,19,61,0.0311362251754969,-0.0005299576347955,1.3437538848330373,0.1632333495235961
4219.0,jtpa,drt_log,19,61,0.0574963167653839,-0.0040767325620808,1.4326014097444288,0.1392528476479874
4220.0,jtpa,drs_log,19,61,0.1185170793685106,0.0066869964504314,1.3255498343532102,0.1156333309153579
4221.0,jtpa,drq_log,19,61,0.1151365165612092,0.0053674680455101,1.4296742733534362,0.1440599882956933
4222.0,jtpa,drt_direct,19,61,0.0817512769753876,0.0139981263270668,1.6901061921324625,0.3005994801484686
4223.0,jtpa,drs_direct,19,61,0.0950484871089254,0.0232181821846048,1.6164793963770676,0.271997379546819
4224.0,jtpa,drq_direct,19,61,0.0889996261080088,0.0105945382739022,1.7051067661657453,0.3124437578804603
4225.0,jtpa,x,19,61,0.0009520183781845,-0.0152647220524,1.3244885278359788,0.0949400410835497
4226.0,jtpa,x_log,19,61,0.0462312540359945,-0.0113396684764197,1.2547794804243508,0.0709910499988889
4227.0,jtpa,r,19,61,0.0167451935355993,0.0011716367122224,1.3526319319061848,0.0897173909234126
4228.0,jtpa,r_log,19,61,0.0315425677980407,-0.0080729747276297,1.2371536956913614,0.0771582734399297
4229.0,jtpa,dr_diff,19,61,0.0180221021700326,0.0050271020407526,1.9507009751419124,0.4255202588016687
4230.0,jtpa,s,20,62,-0.0462263441218493,-0.0149590114526156,1.2284196790978503,0.0798463698813092
4231.0,jtpa,t,20,62,-0.1084917829893508,-0.0118162231062883,1.375624023729142,0.1347349394235566
4232.0,jtpa,q,20,62,-0.1050946561043166,-0.0057868736875962,1.466989677562022,0.2263684466186031
4233.0,jtpa,drt_log,20,62,-0.1194069265032322,-0.0294636450928674,1.5615454984735566,0.177565757052569
4234.0,jtpa,drs_log,20,62,-0.0961091782049645,-0.023227167486277,1.5175034759011308,0.1950778324900392
4235.0,jtpa,drq_log,20,62,-0.0806316907945634,-0.0140110087519923,1.425676560702153,0.1549640678020832
4236.0,jtpa,drt_direct,20,62,-0.0698154478576615,-0.0195422253028677,1.8365909417639497,0.3746799023897635
4237.0,jtpa,drs_direct,20,62,-0.070249268956452,-0.0191580422983706,1.755374922291126,0.3232451305386088
4238.0,jtpa,drq_direct,20,62,-0.0633671687316428,-0.017467399945273,1.8168808835019767,0.3504079088431533
4239.0,jtpa,x,20,62,-0.1105815116076913,-0.0118679227392968,1.378313269059699,0.1130675063843278
4240.0,jtpa,x_log,20,62,-0.0638165168283697,-0.01007244338279,1.3121996327233283,0.1006524550892432
4241.0,jtpa,r,20,62,-0.0907326270288544,-0.0138883188231871,1.4017783044019994,0.1360651895070738
4242.0,jtpa,r_log,20,62,-0.0156220796891306,-0.0086989782604938,1.2483029325425603,0.0876524200256488
4243.0,jtpa,dr_diff,20,62,-0.1260002727154638,-0.0267844385248782,2.066044184199307,0.4599064324600649
4244.0,jtpa,s,21,63,0.1997226200895347,-0.0106963129321787,1.16698561970675,0.0619999377146698
4245.0,jtpa,t,21,63,0.0657474047402222,-0.0147545407497084,1.3015438233194636,0.1437740617773058
4246.0,jtpa,q,21,63,0.060891390729405,-0.0112860320244264,1.3853407947545369,0.1652166840868695
4247.0,jtpa,drt_log,21,63,0.1091271472805008,-0.0184379134409856,1.4402553604529742,0.1598374149618369
4248.0,jtpa,drs_log,21,63,0.1071362111307161,-0.0146522566265313,1.4297938071581215,0.1548793663602744
4249.0,jtpa,drq_log,21,63,0.0596427785301387,-0.0217763877878256,1.5207703300563211,0.202149682830849
4250.0,jtpa,drt_direct,21,63,0.2546823638025466,-0.0089643710638048,1.6986688619955648,0.3411441545286567
4251.0,jtpa,drs_direct,21,63,0.3838887908962789,-0.0012610028645737,1.622902607197048,0.3099394590931261
4252.0,jtpa,drq_direct,21,63,0.3072975896433281,0.0023432916612706,1.6660241643330465,0.3345461515327925
4253.0,jtpa,x,21,63,0.127599252592311,-0.0101128313524944,1.2258163648662612,0.082189564521832
4254.0,jtpa,x_log,21,63,0.2052208445703205,-0.0093315404520344,1.2010527077121442,0.0822093434420232
4255.0,jtpa,r,21,63,0.0882670527673141,-0.0130024147858436,1.3121573291881217,0.1056253369394777
4256.0,jtpa,r_log,21,63,0.2964763138414941,-0.0079459739949234,1.2610694505428577,0.0990498959206632
4257.0,jtpa,dr_diff,21,63,0.180942017532347,0.003235806212213,1.9259186168470424,0.4412275706386266
4258.0,jtpa,s,22,64,0.094949287154459,0.0048802265736276,1.1361420876560573,0.0645956660502478
4259.0,jtpa,t,22,64,0.1399322390725528,0.0073375978230984,1.2615551562356937,0.1107386376539832
4260.0,jtpa,q,22,64,0.0865941407024737,0.0142514179147927,1.2753379278396353,0.1420124728328865
4261.0,jtpa,drt_log,22,64,0.0327489600146115,-0.0037513975392158,1.4417060346051565,0.1716388699884893
4262.0,jtpa,drs_log,22,64,0.042403540006682,-0.003228155278903,1.4369784835396824,0.1746794379037552
4263.0,jtpa,drq_log,22,64,0.0366264257432251,-0.0084606069236164,1.445940401631467,0.198159335478689
4264.0,jtpa,drt_direct,22,64,0.1053940403885835,0.0095446973943377,1.6989574125767897,0.3348543114925685
4265.0,jtpa,drs_direct,22,64,0.0946554261507914,0.009084800642056,1.644545404757746,0.3063232326448284
4266.0,jtpa,drq_direct,22,64,0.1282588690062147,0.0069110582368374,1.6937495093892323,0.337563496567221
4267.0,jtpa,x,22,64,0.0917860445179896,0.0025582326786802,1.279442698173482,0.0772727420371585
4268.0,jtpa,x_log,22,64,0.1517807875463654,0.008386425999738,1.1658551900904024,0.0636084291028778
4269.0,jtpa,r,22,64,0.0189463796974609,0.0016845572131563,1.3328600317458066,0.1296022495214399
4270.0,jtpa,r_log,22,64,0.1069444338105487,0.0114510045438233,1.164016120394706,0.1021123370916798
4271.0,jtpa,dr_diff,22,64,0.1287542202816998,0.0038963237673135,1.9418815594583203,0.450882277369828
4272.0,jtpa,s,23,65,0.032508340063138,-0.0049548666368034,1.1505847785590977,0.042125875384184
4273.0,jtpa,t,23,65,0.016350359749278,-0.0106035527858921,1.323261107408512,0.1379359655851326
4274.0,jtpa,q,23,65,0.1317919613310685,-0.0008267020718684,1.340288262910443,0.171051593738012
4275.0,jtpa,drt_log,23,65,0.0486430763056278,-0.011733904055297,1.4407450909190644,0.1569635456986101
4276.0,jtpa,drs_log,23,65,0.0956403578846789,-0.0183446022464094,1.441522010201706,0.1587267677549336
4277.0,jtpa,drq_log,23,65,0.084321051617423,-0.0020245379392482,1.3743597997359092,0.1327118151276622
4278.0,jtpa,drt_direct,23,65,0.040586021469601,-0.0063874910865742,1.716465531698254,0.3250493245074821
4279.0,jtpa,drs_direct,23,65,0.0512360421958828,-0.0021217716408416,1.7041770931002005,0.3080457445144894
4280.0,jtpa,drq_direct,23,65,0.1288178941337612,0.0030658437782511,1.6967566909913625,0.325167610427738
4281.0,jtpa,x,23,65,0.0178952175502304,-0.0142432409455163,1.2997044750454032,0.102443637351039
4282.0,jtpa,x_log,23,65,0.0055803692454008,-0.0119247036944058,1.2500059885380104,0.1088802507008825
4283.0,jtpa,r,23,65,0.0601208503297303,-0.0154679672892939,1.396299405730244,0.1228620849264007
4284.0,jtpa,r_log,23,65,0.0393233766310183,-0.0054099035638069,1.2519584113465572,0.1093481204406303
4285.0,jtpa,dr_diff,23,65,0.0090941220995863,-0.0116086897228572,1.983400677904684,0.4433177505871208
4286.0,jtpa,s,24,66,0.0655751197639475,-0.0083851233193271,1.119668535449559,0.0581273530493452
4287.0,jtpa,t,24,66,0.0723066613201257,-0.0091938476540589,1.2766532841056557,0.1199575834600296
4288.0,jtpa,q,24,66,0.0699708587966398,0.0015714443903646,1.3826600675007863,0.1865291925324586
4289.0,jtpa,drt_log,24,66,-0.0050092760967672,-0.0200234403820137,1.5065525298583509,0.1988429181984864
4290.0,jtpa,drs_log,24,66,0.0137949595855813,-0.0077835897904144,1.4472338328585983,0.1604072073349207
4291.0,jtpa,drq_log,24,66,0.018282105782893,-0.0149300218252046,1.4727864781057107,0.1851495967129725
4292.0,jtpa,drt_direct,24,66,0.1531052596876154,0.0138289906405832,1.605340008102745,0.3107318604658469
4293.0,jtpa,drs_direct,24,66,0.163095140901023,0.0117197582771554,1.5311153404022064,0.2788804646272462
4294.0,jtpa,drq_direct,24,66,0.1556770863479797,0.0105630903201424,1.602973042022273,0.3141664368958843
4295.0,jtpa,x,24,66,0.0638942249161156,-0.0099758555053428,1.2493695409037058,0.0917767896363086
4296.0,jtpa,x_log,24,66,0.042110766482319,-0.0094339869583134,1.2388273803645928,0.0958288989902025
4297.0,jtpa,r,24,66,0.0728260518861041,-0.0028234876521639,1.3358294246300777,0.1328571599571745
4298.0,jtpa,r_log,24,66,0.1006219809020643,-0.0068491820427482,1.2503103968076958,0.0994035672569562
4299.0,jtpa,dr_diff,24,66,0.1639536102665231,0.0060716997028375,1.8395839230597888,0.4375641693605158
4300.0,twins,s,0,42,0.0952447923607713,0.0019731900633794,1.490084250601709,0.0045326265919751
4301.0,twins,t,0,42,0.0151279855202781,0.0007249650416013,2.1768160974393203,0.0299921494132193
4302.0,twins,q,0,42,0.0191311797975033,-0.0003131603020263,2.636676943611911,0.0416471511641097
4303.0,twins,q_simple,0,42,0.0523927645586579,-0.0008313766863081,2.511303634922545,0.0503923112660234
4304.0,twins,drt_log,0,42,0.0527294922427015,0.000936440519476,1.681519125569059,0.034429762447238
4305.0,twins,drs_log,0,42,0.1261682427220367,0.0011075211360533,1.3519561536723572,0.0208620536372354
4306.0,twins,drq_log,0,42,0.014492930742287,-0.000538769915416,2.211129556229705,0.0300163613073704
4307.0,twins,drt_direct,0,42,-0.108860008894444,0.0004630230203885,2.179200812509493,0.032839141484646
4308.0,twins,drs_direct,0,42,-0.0115732683975162,0.0008532803883523,1.7727148425665284,0.0211291240139196
4309.0,twins,drq_direct,0,42,-0.0794799847422877,0.0003910172981779,2.1830368598129755,0.0373647518776753
4310.0,twins,drq_simple_log,0,42,-0.0389093944215412,-0.0007390557762551,2.7683786340178544,0.0534295599220451
4311.0,twins,drq_simple_direct,0,42,0.0177069352559305,0.0005112996880469,1.4345802123814697,0.0549677694023644
4312.0,twins,x,0,42,0.043478802688101,0.0018068565991187,2.4331136985057804,0.00698829346358
4313.0,twins,x_log,0,42,0.0545374630006935,0.0007647391507918,1.627631720732725,0.0147941347725392
4314.0,twins,r,0,42,0.0427178341101984,0.0005462122336692,1.6511231819074637,0.0214290314266085
4315.0,twins,r_log,0,42,0.0583101210302632,0.0008097252097728,1.4972398126723307,0.0232667522908519
4316.0,twins,dr_diff,0,42,-0.0075403324610255,-0.0001337483662354,4.067296561743635,0.0344001039544313
4317.0,twins,s,1,43,0.0361941651497457,0.0003828126345988,1.4960820725368986,0.0288644429586334
4318.0,twins,t,1,43,0.1407130192158806,0.002313977598546,1.9425618729174736,0.0190705295472474
4319.0,twins,q,1,43,0.1377139039434365,0.0041097422870905,1.8644229138061308,0.0481170137983516
4320.0,twins,q_simple,1,43,0.1086150627649076,0.0035040336177695,1.8023777226828863,0.0576616553517431
4321.0,twins,drt_log,1,43,0.0353551505791835,0.0009683737391593,1.7444659563055658,0.0594561157817914
4322.0,twins,drs_log,1,43,0.0441148561804303,0.0013176652346498,1.2841595457230517,0.0426119797670826
4323.0,twins,drq_log,1,43,0.0710522431961937,0.0020193650453612,1.6910611756712746,0.0404377027230988
4324.0,twins,drt_direct,1,43,0.0244078923565546,-0.0021937325610042,2.3822078828797686,0.0373045767572179
4325.0,twins,drs_direct,1,43,-0.0237032690353589,-0.0020185327356803,2.138955862828773,0.029716944504327
4326.0,twins,drq_direct,1,43,0.0489999917027685,-0.0008822619914893,1.9450517321993608,0.0341806171972791
4327.0,twins,drq_simple_log,1,43,0.0570426272988067,0.0017060172969858,2.0538820098350143,0.0415626502265864
4328.0,twins,drq_simple_direct,1,43,0.0737680934751965,0.0018922884450932,1.4954647032538582,0.0821910317675526
4329.0,twins,x,1,43,0.1176513686416887,0.002670836740637,1.6999399060197693,0.0150812768185297
4330.0,twins,x_log,1,43,0.0304496626703029,0.0005836274598334,1.5812047177972235,0.0411980629777506
4331.0,twins,r,1,43,0.0101107674656326,0.0009471978784336,1.7438264234315095,0.0478370412129289
4332.0,twins,r_log,1,43,0.0094246810251983,0.0015409631912063,1.5755068843357285,0.0199665501709895
4333.0,twins,dr_diff,1,43,0.2436030342721942,-0.0018736621465477,3.3267773735130794,0.0349404670716698
4334.0,twins,s,2,44,0.1360666348568894,0.0033450380774712,1.2174741370672222,0.0028568150341323
4335.0,twins,t,2,44,0.1628542983477557,0.0041004192013854,1.829326582193232,0.0098992052904356
4336.0,twins,q,2,44,0.1017621538435343,0.0015508403040337,2.0919856214274963,0.0392665974736771
4337.0,twins,q_simple,2,44,0.1442934908694829,0.0030888698334074,2.05720122086704,0.0494494099948409
4338.0,twins,drt_log,2,44,0.1551592106241051,0.0023882856102792,1.6441566510552834,0.0327297424687343
4339.0,twins,drs_log,2,44,0.1419192867386294,0.0019856563402384,1.4877631828906797,0.0233432523220211
4340.0,twins,drq_log,2,44,0.1409725520745613,0.0022940383067347,1.5833122163233728,0.0281240436590643
4341.0,twins,drt_direct,2,44,-0.0527151612058093,-0.0020657169437152,2.1487602570655766,0.0360505560404973
4342.0,twins,drs_direct,2,44,-0.0171807613498454,-0.0018898614529651,2.0479241359721807,0.0274075274062302
4343.0,twins,drq_direct,2,44,-0.0894297746000764,-0.0006864223668943,2.054141030845219,0.0368789366120152
4344.0,twins,drq_simple_log,2,44,0.1604259068271637,0.0017357427127716,2.176266741909328,0.0467120182464579
4345.0,twins,drq_simple_direct,2,44,0.1367227526719524,0.0031213013808012,1.4253093232682472,0.0409132138147483
4346.0,twins,x,2,44,0.0808650589753022,0.0027992806610146,1.6809292221453342,0.0091094720458574
4347.0,twins,x_log,2,44,0.1946766551752311,0.0039817418460174,1.480651780630211,0.0028738256691492
4348.0,twins,r,2,44,0.0835620255619461,0.0019818555971578,2.1657006497158062,0.0165320933045899
4349.0,twins,r_log,2,44,0.179711785317742,0.0045465809806035,1.373504572052071,0.008661916037066
4350.0,twins,dr_diff,2,44,0.0460999758315673,-0.0022198374456826,3.823629255647525,0.0374377135349047
4351.0,twins,s,3,45,0.0778502387942456,0.0020717069120146,1.6361971138711753,0.0185852039719542
4352.0,twins,t,3,45,0.0921914324949715,0.0035978255609142,1.8103594222635468,0.017318459916322
4353.0,twins,q,3,45,0.2590360700158165,0.0042328652637414,2.011257822217173,0.0538876122847086
4354.0,twins,q_simple,3,45,0.2613097714937886,0.0040120001053133,2.0198350848008,0.0501539229564509
4355.0,twins,drt_log,3,45,0.1574109106891037,0.0029204611042318,1.4055086952026734,0.0421502805815298
4356.0,twins,drs_log,3,45,0.2067406123452309,0.0047423256847477,1.1717182564778406,0.0004192343829348
4357.0,twins,drq_log,3,45,0.126224906227793,0.0038694061363945,1.9102513201209976,0.041508611929182
4358.0,twins,drt_direct,3,45,-0.004891849442219,-0.0012695323723513,1.930127066913208,0.0367479548061327
4359.0,twins,drs_direct,3,45,0.081685311154367,-0.0024143347588024,2.0854715919300446,0.0261238755950006
4360.0,twins,drq_direct,3,45,-0.0640524942805025,-0.0020810909996095,2.0733029099223064,0.0420192442402588
4361.0,twins,drq_simple_log,3,45,0.2388622708198717,0.0037828313202574,1.805339535575003,0.046238472800997
4362.0,twins,drq_simple_direct,3,45,0.166513576263056,0.0027175921330009,1.4923121356199835,0.0433672795973541
4363.0,twins,x,3,45,0.0878998243632912,0.0039544777370059,1.498745316771886,0.0222325603078358
4364.0,twins,x_log,3,45,0.085855482994623,0.0025278974267766,1.4538809649407898,0.0210833148087459
4365.0,twins,r,3,45,0.0539240748468421,0.0035774318888209,2.196328344443884,0.010735074527252
4366.0,twins,r_log,3,45,0.1145283462220912,0.0028125124984294,1.4210397650994524,0.0174978532087411
4367.0,twins,dr_diff,3,45,-0.160554040864651,-0.0019689351530573,4.029415331473653,0.0346392655267009
4368.0,twins,s,4,46,0.1422644527319737,0.0052835808095466,1.6941128459149395,0.0044325730468849
4369.0,twins,t,4,46,0.0648829247360991,0.0020090580929441,1.8509942782975213,0.0222831954060936
4370.0,twins,q,4,46,0.0521918801908106,0.0022992997514808,2.062986321049274,0.0616331939831873
4371.0,twins,q_simple,4,46,0.0512641518660853,0.0019895580457754,1.9788219416994568,0.0693106633299878
4372.0,twins,drt_log,4,46,0.0382846534344821,0.0016161589506663,1.5295880699496385,0.0429169844357223
4373.0,twins,drs_log,4,46,0.0315235367570366,0.0028774474026507,1.4769448364555915,0.0512293539051884
4374.0,twins,drq_log,4,46,0.1777425258028223,0.001860761382698,1.6833175172893835,0.0415790887567761
4375.0,twins,drt_direct,4,46,-0.0346049613582616,-0.003277365578623,2.845521062822946,0.052884739633358
4376.0,twins,drs_direct,4,46,0.0354206287969365,-0.0028921396702636,2.4875633330737834,0.0331061439661661
4377.0,twins,drq_direct,4,46,0.142947510740247,-0.0023695643141107,2.459807321861593,0.0489394619066777
4378.0,twins,drq_simple_log,4,46,0.0394022960437679,0.0006465446795657,2.2828306791631703,0.0557462485588071
4379.0,twins,drq_simple_direct,4,46,0.0440711611434122,0.0007655724423042,1.5251105523975446,0.0421767366442538
4380.0,twins,x,4,46,0.0688984297946299,0.0009498705215987,1.8888204992926367,0.0335145853267117
4381.0,twins,x_log,4,46,0.1318722132089947,0.0047852336447462,1.4017504687559508,0.0124437056407036
4382.0,twins,r,4,46,0.030860559779677,0.0005076790737631,1.995626915290704,0.0566951665064677
4383.0,twins,r_log,4,46,0.0813188295344146,0.0024005687380945,1.3343972912942486,0.0202951623325087
4384.0,twins,dr_diff,4,46,0.099835143478366,-0.0025910543808767,4.542485570257421,0.0397766790101674
4385.0,twins,s,5,47,0.0873809180067269,0.0009936044119587,1.5577027471439877,0.0031762589930072
4386.0,twins,t,5,47,0.1458057046457629,0.0017360308702178,1.9335482701407447,0.0184808134018455
4387.0,twins,q,5,47,0.0570151548689362,0.0014739474507721,2.531724672534795,0.0832037867406815
4388.0,twins,q_simple,5,47,0.0465700404105969,0.0014676380401625,2.639909690363153,0.0650392122200036
4389.0,twins,drt_log,5,47,0.1076939226479779,0.0008319876263601,1.71157969232482,0.0280251292416945
4390.0,twins,drs_log,5,47,0.1052545900157843,0.0042017217078083,1.5073411270642003,0.0279953605782289
4391.0,twins,drq_log,5,47,0.1139072459437239,0.0007756504404163,2.187320745393155,0.0289782271969704
4392.0,twins,drt_direct,5,47,0.1217882012558143,0.0006817447986109,2.00705898367935,0.0548419631196046
4393.0,twins,drs_direct,5,47,0.0420179554606511,0.0002695805963782,1.671046512048059,0.0318718696834202
4394.0,twins,drq_direct,5,47,0.0235196621097802,0.0006511739520185,1.9995821718825688,0.0611292584480845
4395.0,twins,drq_simple_log,5,47,0.0581918132548416,0.0004915721993007,2.6860479877389136,0.0603146539162811
4396.0,twins,drq_simple_direct,5,47,0.0520836580103468,0.0020248664258854,1.7011967803314938,0.0663695644848629
4397.0,twins,x,5,47,0.1588584651111905,0.0006874187364993,1.8486146355179105,0.0066510410103536
4398.0,twins,x_log,5,47,0.1438319663923036,0.0008942693947251,1.6168695619627629,0.0087749000836577
4399.0,twins,r,5,47,0.0270643797256723,-0.000725496817223,2.813349776603578,0.0360508561511198
4400.0,twins,r_log,5,47,0.1492940535725527,0.0018037023297974,1.5160668762636986,0.0052584333163115
4401.0,twins,dr_diff,5,47,-0.0503443493697562,0.000149309438743,3.2613720303132285,0.0331221716340535
4402.0,twins,s,6,48,0.0883269909281438,0.0013198053278171,1.3085587068505438,0.0199775615746366
4403.0,twins,t,6,48,0.0893745951395056,0.0001905053630553,1.9551188483028363,0.0332301498191005
4404.0,twins,q,6,48,0.1297168184373228,0.0048761012508199,1.8312362140202367,0.0417313127452602
4405.0,twins,q_simple,6,48,0.1419595422472878,0.0048666818472969,1.835281120071884,0.0410321218500559
4406.0,twins,drt_log,6,48,0.0637635075453989,0.0008369733059269,1.5337565508729196,0.0666241263319279
4407.0,twins,drs_log,6,48,0.0876006342500497,0.0001517727815796,1.3086584801314851,0.0700474956542483
4408.0,twins,drq_log,6,48,0.0444857741797207,0.0009465934489773,1.9405746037362868,0.0457356247714066
4409.0,twins,drt_direct,6,48,0.0050752152125499,-0.0018892238439449,2.2264140264252843,0.0371671439861433
4410.0,twins,drs_direct,6,48,0.0459401761103254,-0.0020000473564039,2.013599474286333,0.0289608832366181
4411.0,twins,drq_direct,6,48,0.0743124844972268,-0.0018493941612452,1.986185494365219,0.047051331049311
4412.0,twins,drq_simple_log,6,48,0.5639930738236828,0.0024431339288506,1.871874062319879,0.0432135155025683
4413.0,twins,drq_simple_direct,6,48,0.1003792444265817,0.0026612933392285,1.430175347377911,0.0579182565385398
4414.0,twins,x,6,48,0.0464107955633195,0.0023228091245888,2.2252670362685936,0.0218264948891384
4415.0,twins,x_log,6,48,0.1329544970629931,0.0028722622880539,1.37941246124966,0.0107808402737317
4416.0,twins,r,6,48,0.0403036971382736,0.0042960093141279,2.097486548480412,0.0121576395263864
4417.0,twins,r_log,6,48,0.1135709214783894,0.0044541104046231,1.4853545884963133,0.007291388334134
4418.0,twins,dr_diff,6,48,0.1689654525260885,-0.0024107062058388,3.63377606021986,0.0371520263058111
4419.0,twins,s,7,49,0.0880485210422058,0.0033880297234094,1.4097630408221526,0.0072213343400495
4420.0,twins,t,7,49,0.0604220464227874,0.002881762701433,1.9306949763475296,0.0180715841270165
4421.0,twins,q,7,49,0.191831944519098,0.0030916594007491,1.9918286822597893,0.0672161356265048
4422.0,twins,q_simple,7,49,0.1971976522652851,0.0040163779524173,1.893224139780163,0.088170819954312
4423.0,twins,drt_log,7,49,0.002953181153196,0.0014010733034105,1.5232899290139483,0.0671232606449276
4424.0,twins,drs_log,7,49,0.0661103115310327,0.0021475704117554,1.3256871970508084,0.0419420499403509
4425.0,twins,drq_log,7,49,0.0703427674949203,0.0026363905791778,1.8816933400392848,0.0338099371885863
4426.0,twins,drt_direct,7,49,0.0711970298958231,-0.0028768499167511,2.592235071680916,0.0433952028767026
4427.0,twins,drs_direct,7,49,-0.0169012784036348,-0.0035539986464485,2.466695543261901,0.0373306654782866
4428.0,twins,drq_direct,7,49,-0.0481009345815552,-0.0025090898015869,2.464026353862758,0.0395803609209447
4429.0,twins,drq_simple_log,7,49,0.0487993032953797,0.0012849271091476,2.553466043898078,0.101703819421823
4430.0,twins,drq_simple_direct,7,49,0.1303502413129181,0.0024912622519271,1.548217901292942,0.0658891229566042
4431.0,twins,x,7,49,0.031938310612696,0.0039260605225397,1.7201255018384367,0.0118199424819506
4432.0,twins,x_log,7,49,0.0478775121394526,0.0042647612605747,1.375570522488402,0.0053382268067667
4433.0,twins,r,7,49,0.0445009563968373,0.0059201720503366,1.580040997571556,0.0028006571795792
4434.0,twins,r_log,7,49,0.070681068968666,0.0033228830548424,1.4639719099517423,0.0206824789619059
4435.0,twins,dr_diff,7,49,-0.0489114874899502,-0.0025635428319015,4.684936761641235,0.0382551874517143
4436.0,twins,s,8,50,0.0786191169685693,0.0014181729036962,1.3941474641512497,0.0005467558384918
4437.0,twins,t,8,50,0.0029665666727447,0.0015027040344715,2.016450611920606,0.0153891305526678
4438.0,twins,q,8,50,0.1021218834353648,0.0017743900165579,1.936620961656069,0.0504862087008194
4439.0,twins,q_simple,8,50,0.1236433496261023,0.0027170387894413,1.9235112212891228,0.057895178313205
4440.0,twins,drt_log,8,50,0.2655508737838722,0.0029760459719596,1.2820242729599147,0.0101261553042375
4441.0,twins,drs_log,8,50,0.1340627388907288,0.0034317263831227,1.206709696067149,0.0047652146312516
4442.0,twins,drq_log,8,50,0.0486842276687615,0.003326370155943,1.7438273401206683,0.0190661492250981
4443.0,twins,drt_direct,8,50,-0.0508628007905446,0.0002826516072435,2.4603737140021043,0.0405881060290482
4444.0,twins,drs_direct,8,50,-0.099840227799634,-0.0004661472354793,2.0848384501346984,0.0294933485258507
4445.0,twins,drq_direct,8,50,-0.0127402207966409,0.0006125393212182,2.249546552077201,0.0429192014749331
4446.0,twins,drq_simple_log,8,50,0.0703916116745507,0.0023195857633714,2.1379300364759963,0.0482228920804782
4447.0,twins,drq_simple_direct,8,50,0.1153890013981595,0.0033104620945639,1.5275953119434678,0.0723679705129488
4448.0,twins,x,8,50,0.1800846772165952,-0.0001959909698976,1.649450061814013,0.0100295123998285
4449.0,twins,x_log,8,50,0.0242407290512004,-0.0002023217948584,1.544959927932832,0.0170740873561517
4450.0,twins,r,8,50,0.0364531340695266,0.0007958327417176,1.997114180164891,0.0249733350849815
4451.0,twins,r_log,8,50,0.0634373833598737,0.0010132215960168,1.3789808198488696,0.0155582163653497
4452.0,twins,dr_diff,8,50,-0.3196588310136433,-0.001528653523971,5.025434848370198,0.0381394843107142
4453.0,twins,s,9,51,0.100708896486104,0.0034222344608127,1.46208041722813,0.0099754801135878
4454.0,twins,t,9,51,0.2325365291582417,0.001030683334491,1.7799654901865647,0.0271890810385778
4455.0,twins,q,9,51,0.0454658116993251,0.0026843592679079,2.106525287188468,0.060697127870652
4456.0,twins,q_simple,9,51,0.0618244796185427,0.0017351268534154,2.0339516275463194,0.0693807999476063
4457.0,twins,drt_log,9,51,0.0748701146991202,0.0023307883338767,1.5288411974705698,0.0317152161860995
4458.0,twins,drs_log,9,51,-0.0017905374482847,-0.000947374722145,1.294057341265919,0.0800365272803203
4459.0,twins,drq_log,9,51,0.0249351549797397,0.001799728291424,1.7540306367904115,0.0475736733180926
4460.0,twins,drt_direct,9,51,-0.051644420266107,-0.0025685416009253,2.581076623627564,0.0439472532471132
4461.0,twins,drs_direct,9,51,0.0807877290412644,-0.0032477888281061,2.1217427716635258,0.0307876096191379
4462.0,twins,drq_direct,9,51,0.0096555310427259,-0.0011306840448347,2.217202875150184,0.0441919170378856
4463.0,twins,drq_simple_log,9,51,-0.0195954195080263,6.154750656214153e-05,2.610802908505637,0.0560617762369225
4464.0,twins,drq_simple_direct,9,51,0.0482408704474303,0.0007851316200867,1.5116073372133023,0.0753971938146731
4465.0,twins,x,9,51,0.1439288534530953,0.0008394276076168,2.030855472281344,0.0295744147324189
4466.0,twins,x_log,9,51,0.0681027593227951,0.0018633865490547,1.4013600603227696,0.0215138796440934
4467.0,twins,r,9,51,0.0363962088847062,0.0011873274291273,2.3807854468129435,0.0414515848948036
4468.0,twins,r_log,9,51,0.0538984730191817,0.0025209463142715,1.4818479827547402,0.0419903529349114
4469.0,twins,dr_diff,9,51,0.2343780140445044,-0.0033044099281346,4.424933387362292,0.0439268326448755
4470.0,twins,s,10,52,0.1267485632450796,0.0042199255632234,1.438598634985418,0.0152622812254346
4471.0,twins,t,10,52,0.007699845726833,0.002172492413779,2.0577466693657027,0.0150772710953041
4472.0,twins,q,10,52,0.0079407701396088,0.0011293289602425,2.657296507434332,0.0518137205584273
4473.0,twins,q_simple,10,52,0.0024190583220118,0.0006221521080666,2.5739447308461902,0.0663315288408399
4474.0,twins,drt_log,10,52,0.0532353829912909,0.0031724961933072,1.7749594486289713,0.0204041141607588
4475.0,twins,drs_log,10,52,0.0933725190991833,0.0022923050818273,1.5194786002440832,0.0260782189550366
4476.0,twins,drq_log,10,52,0.0139690792323176,0.0018434159013459,2.149581886652087,0.034531400241765
4477.0,twins,drt_direct,10,52,-0.0178294913421332,-0.0007198766981651,2.373363077375532,0.0364773054839164
4478.0,twins,drs_direct,10,52,-0.028474747971697,-0.0020467231209424,1.8822512790318653,0.0294244928148704
4479.0,twins,drq_direct,10,52,-0.0364599101324139,-0.0021354929873552,2.0068461056994407,0.0473451596982631
4480.0,twins,drq_simple_log,10,52,-0.0306952372018131,-0.0008977735452656,2.7078084965338065,0.0679576310851414
4481.0,twins,drq_simple_direct,10,52,0.0565994062974489,0.0012811185918381,1.602108941800082,0.0547817384315784
4482.0,twins,x,10,52,0.0335348784619885,0.0024010701688532,1.9558131194756565,0.0077984501627332
4483.0,twins,x_log,10,52,0.0626877511471558,0.0015412253617938,1.7004234558022122,0.0169224658426206
4484.0,twins,r,10,52,0.0114069891200926,0.0021737877020138,1.9043614749835247,0.0333508099511879
4485.0,twins,r_log,10,52,0.0338486744617826,0.0031863920315686,1.5482144245177467,0.0049281830729733
4486.0,twins,dr_diff,10,52,-0.0159695369535328,-0.002664856879953,3.691249559590071,0.0370004725240206
4487.0,twins,s,11,53,0.1211776252291608,0.0037119638222028,1.4072608681450942,0.009890217410589
4488.0,twins,t,11,53,0.0812109315772482,0.0022703039864165,1.8775120443577296,0.0181178494147633
4489.0,twins,q,11,53,0.0705578116122367,0.0016640440821682,1.89939652463271,0.0822884706116994
4490.0,twins,q_simple,11,53,0.0678347526567242,0.0004732767502631,1.9558557961175445,0.0882159652664181
4491.0,twins,drt_log,11,53,0.0648738430391766,0.004033201690655,1.500256866279482,0.0344839186743749
4492.0,twins,drs_log,11,53,0.0479587504304885,0.0005347631617417,1.393137725336825,0.0603386106653766
4493.0,twins,drq_log,11,53,0.0491630606827906,0.0027312216288658,2.020635902332136,0.0416777819077139
4494.0,twins,drt_direct,11,53,-0.0524800738056694,-0.0030770975691125,2.284852605672524,0.0378401218392891
4495.0,twins,drs_direct,11,53,-0.0276691974442953,-0.0032591057991415,2.0962990317563923,0.0297378702326008
4496.0,twins,drq_direct,11,53,-0.0777366935851926,-0.0024691002448727,2.1175171751931203,0.0439763165107646
4497.0,twins,drq_simple_log,11,53,0.0433464306076303,0.001501350761032,2.147596452643031,0.063224412768278
4498.0,twins,drq_simple_direct,11,53,0.0073068435373008,-0.0003416824012659,1.5177802739541124,0.0700148942304636
4499.0,twins,x,11,53,0.0842107517284076,0.0035285120999144,1.7422467360226117,0.0196402171428155
4500.0,twins,x_log,11,53,0.0704571660349936,0.0039654989342173,1.4231149451021583,0.0101848738458898
4501.0,twins,r,11,53,0.0761852201567343,0.0034743670542605,1.938012559565856,0.0326271103449164
4502.0,twins,r_log,11,53,0.0704413869403669,0.0033650646597998,1.3840741318747676,0.0230138102773615
4503.0,twins,dr_diff,11,53,0.0182924165069314,-0.0039371818990366,4.015339514568088,0.0398463345018731
4504.0,twins,s,12,54,0.0425665434829718,-0.0033783758346862,1.6186573821779116,0.0218098825049134
4505.0,twins,t,12,54,0.0437800272031818,-0.0006664553751047,2.3358183667138785,0.0081221219615216
4506.0,twins,q,12,54,0.1389731533570097,0.0005272305796655,2.2596329257046524,0.0309601233166044
4507.0,twins,q_simple,12,54,0.1346294027932613,0.0008276705179732,2.284981711652525,0.0331350734233187
4508.0,twins,drt_log,12,54,0.0870386535941782,-0.0017880287825099,1.8882032838697715,0.0220111183502771
4509.0,twins,drs_log,12,54,0.0787856706611764,-0.0018362413918841,1.5560516492960388,0.0213451151085495
4510.0,twins,drq_log,12,54,0.0419145530277158,-0.0008716316700642,2.063498581203945,0.0187136631691055
4511.0,twins,drt_direct,12,54,-0.0323049888325677,0.0016608165461407,1.896868220926972,0.0296890213912618
4512.0,twins,drs_direct,12,54,0.1139474208496964,0.0021720336329176,1.6067649571196705,0.0232812220990129
4513.0,twins,drq_direct,12,54,-0.0362292504892218,0.0026041758889135,1.691672053124474,0.0241605544586149
4514.0,twins,drq_simple_log,12,54,0.1164609923355954,0.0019236666518721,2.2897241002919904,0.031287676909675
4515.0,twins,drq_simple_direct,12,54,0.1204202398604739,0.0019013603127754,1.4821617329054697,0.0513903440212383
4516.0,twins,x,12,54,0.0044599996593968,-8.593969089142279e-05,2.2629106810391906,0.0081110353838048
4517.0,twins,x_log,12,54,0.1393864477551352,0.0003328576699707,1.7080427826321276,0.0132514722909316
4518.0,twins,r,12,54,0.02492297005525,-0.0008881890158823,2.2675659423743446,0.0155608616723848
4519.0,twins,r_log,12,54,0.1472517852464505,0.0014676841636359,1.6598074376486174,0.0218158309373651
4520.0,twins,dr_diff,12,54,-0.1926398847438417,0.0009390205764231,3.671215256966234,0.0288423836019479
4521.0,twins,s,13,55,0.116482072480181,0.0039589783228178,1.2890613142305942,0.0066838810618757
4522.0,twins,t,13,55,0.1129993787349425,0.004807413578075,1.8082292899584047,0.0094742300633138
4523.0,twins,q,13,55,-0.0385632055755876,-0.0002273862299225,2.495619438739649,0.0567237020003668
4524.0,twins,q_simple,13,55,-0.0622888636333041,-0.0002819155208225,2.59902186135367,0.0614327160323891
4525.0,twins,drt_log,13,55,0.0537405066919568,0.0021407387725672,1.4788190332718134,0.0566136579750121
4526.0,twins,drs_log,13,55,0.0273463487950814,0.0010045326173917,1.4846123274268028,0.0705072340660063
4527.0,twins,drq_log,13,55,-0.004618745982502,-0.0008693836338891,1.9607191891530005,0.0521763168599714
4528.0,twins,drt_direct,13,55,-0.0294023288954602,-0.003191981331453,2.4369792288560475,0.0438829690590095
4529.0,twins,drs_direct,13,55,-0.074750835909332,-0.0030336230535752,2.2103650329196576,0.0303984008559995
4530.0,twins,drq_direct,13,55,-0.0027606537585527,-0.0028626156085784,2.169774597236571,0.0585829333776144
4531.0,twins,drq_simple_log,13,55,-0.0226899496060966,0.0003271028407739,2.2553717344185804,0.0702316881005651
4532.0,twins,drq_simple_direct,13,55,-0.0238016745329721,7.120578643636868e-05,1.6693148864858771,0.0537007441950111
4533.0,twins,x,13,55,-0.0131578753797442,0.0008512021981906,2.51500155385014,0.0337378814291757
4534.0,twins,x_log,13,55,0.0253924291018674,0.0012599095426725,1.4445854083733236,0.0531786685783153
4535.0,twins,r,13,55,-0.0471233460282858,0.0010658065945271,2.214059969156475,0.054392353778112
4536.0,twins,r_log,13,55,0.0126367434614034,0.0001930445790269,1.6700499926324548,0.0477143018161797
4537.0,twins,dr_diff,13,55,0.0410378799034822,-0.0029226904691983,3.820974868929855,0.0377064701105793
4538.0,twins,s,14,56,0.1150762645475256,-0.000116856009182,1.3688700614057991,0.0203983108257733
4539.0,twins,t,14,56,0.0083520289483807,-0.0015757251561353,1.974140118459172,0.029326450628687
4540.0,twins,q,14,56,0.0397074088385657,0.0001263036876079,2.2770319936472068,0.052888549278798
4541.0,twins,q_simple,14,56,0.0175980737100768,0.0009393599959818,2.4202965175708777,0.0602252256292451
4542.0,twins,drt_log,14,56,0.027928542867644,0.0003271435826489,1.5936573850256373,0.0280520974340255
4543.0,twins,drs_log,14,56,0.0943056564959773,0.0003524635283752,1.417039309015554,0.0390548173024979
4544.0,twins,drq_log,14,56,0.0340090817130124,-0.0008920869836565,1.9095414426700368,0.0444236756228584
4545.0,twins,drt_direct,14,56,-0.0474049722602923,-0.0025709821898086,2.9241237754074816,0.0509391767108579
4546.0,twins,drs_direct,14,56,-0.0091593629386613,-0.0015207720134494,2.317900715600905,0.0311189596969861
4547.0,twins,drq_direct,14,56,0.0191520007923696,-0.0014207915364299,2.316050990354407,0.0443330280975178
4548.0,twins,drq_simple_log,14,56,-0.029806051233484,-0.0015269658822559,2.550637328487232,0.0603852156260149
4549.0,twins,drq_simple_direct,14,56,0.0791240017460114,0.000463685109942,1.4521636368059163,0.0578434855413627
4550.0,twins,x,14,56,0.0399698389751277,-0.0013922920424581,2.0556488297354223,0.0343386227369515
4551.0,twins,x_log,14,56,0.0152803841806754,-0.00057652898222,1.6251799322525622,0.0249564639912238
4552.0,twins,r,14,56,0.0829232983436412,0.001232524588032,1.558406117511914,0.0286836369973521
4553.0,twins,r_log,14,56,0.0425253027435248,1.1125260521695213e-05,1.4292733896904974,0.0195345815533649
4554.0,twins,dr_diff,14,56,-0.0991349890919802,-0.0029504550187729,4.973689422601414,0.0367743564067962
4555.0,twins,s,15,57,0.0972316470769404,0.0018923764940709,1.3886307615874385,0.0048176077318568
4556.0,twins,t,15,57,0.0429609348953171,0.0034649362983035,1.829142678533934,0.0096585871530945
4557.0,twins,q,15,57,0.0593212227614922,0.0017742885043968,2.318419191298084,0.040942493002523
4558.0,twins,q_simple,15,57,0.0573954140476928,0.0016385395288644,2.291645790917727,0.0553639582407908
4559.0,twins,drt_log,15,57,0.0425749261278164,0.0016804786888221,1.647749344583508,0.0252068756551515
4560.0,twins,drs_log,15,57,0.0769837371811673,0.0008970221322935,1.2561281875649577,0.0379662550582071
4561.0,twins,drq_log,15,57,0.1060365234720699,0.0029442902846748,1.8669449528466329,0.0228631992206146
4562.0,twins,drt_direct,15,57,-0.0433967993422349,-0.0012137453295158,2.2521628130320765,0.0429792501020377
4563.0,twins,drs_direct,15,57,0.0445989922080627,-0.0017509191924593,1.979900050595696,0.0268777676600985
4564.0,twins,drq_direct,15,57,-0.1007692830163099,-0.0007737654854628,2.077658027510944,0.0453434516180863
4565.0,twins,drq_simple_log,15,57,-0.0127219566245131,0.0001805912169832,2.472405145975351,0.0708200174483455
4566.0,twins,drq_simple_direct,15,57,0.1340369617285338,0.0018035062522836,1.8532049205771608,0.0825155214931886
4567.0,twins,x,15,57,0.0036548214396013,0.0030169386740248,2.895665201846484,0.0060398779604071
4568.0,twins,x_log,15,57,0.0301545902847811,0.0004094920711201,1.5987365275257408,0.0295273242857897
4569.0,twins,r,15,57,0.047876430186872,0.0012861860897086,1.901993340464986,0.0323577658068869
4570.0,twins,r_log,15,57,0.0596020570531218,0.000748130257756,1.609794133344578,0.0159207912588584
4571.0,twins,dr_diff,15,57,-0.0116688927651699,-0.0022370784202277,3.6593095924325176,0.0382580598844848
4572.0,twins,s,16,58,0.0891524393801773,0.0020663246121509,1.3677456607995269,0.0126278146634078
4573.0,twins,t,16,58,0.0497970165698893,-3.882996061406463e-05,1.9416430928011352,0.0432632889061546
4574.0,twins,q,16,58,0.0598889771561137,0.002026282322917,1.9357645857438568,0.0580226678288364
4575.0,twins,q_simple,16,58,0.0534922190447992,0.0004991383155832,2.03772642713087,0.0789310401451769
4576.0,twins,drt_log,16,58,0.1371836101816036,0.0029549589893141,1.5197587433022384,0.0417420351222369
4577.0,twins,drs_log,16,58,0.0799133983414429,1.53202353565772e-05,1.3451091130508113,0.0566042050868104
4578.0,twins,drq_log,16,58,0.0810911671310568,0.0022427303515333,1.954388855230921,0.0532040546948118
4579.0,twins,drt_direct,16,58,-0.0134853324464163,-0.0009671171020802,2.440225912446793,0.048095970823578
4580.0,twins,drs_direct,16,58,0.0878922899870073,-0.0015430159596366,2.0096339360508484,0.0405038429445065
4581.0,twins,drq_direct,16,58,0.0164212993840724,-0.0006792498312624,2.0289276779673484,0.0596599090108479
4582.0,twins,drq_simple_log,16,58,0.0408046823804293,0.0004097631444545,2.221315479346606,0.0686699047473014
4583.0,twins,drq_simple_direct,16,58,0.0890690192248632,7.375670847926692e-05,1.5758951584104923,0.0888219581465221
4584.0,twins,x,16,58,0.116501602189789,0.0035570454312439,1.6170060652873457,0.0153606680007572
4585.0,twins,x_log,16,58,0.0994664260083705,0.0031746129177833,1.4176980417142977,0.0181859672652087
4586.0,twins,r,16,58,0.0797377624773638,0.0022002230329579,2.057263664441741,0.0304132195690517
4587.0,twins,r_log,16,58,0.106377632823459,0.00329875439139,1.3306894615808798,0.0340960848834616
4588.0,twins,dr_diff,16,58,-0.0765948481807452,-0.002497777844365,4.594964606898572,0.0443115383529689
4589.0,twins,s,17,59,0.1459430857464209,0.0010388402303494,1.5780982803854595,0.0042742660523777
4590.0,twins,t,17,59,0.1734351714269456,0.0007559580602557,2.0877790536060177,0.0090605761248392
4591.0,twins,q,17,59,0.0257223807086668,0.0002486896643947,2.4692842045365606,0.0510049143890322
4592.0,twins,q_simple,17,59,0.0257862684030699,0.0016074622840343,2.3601618879044834,0.0312305707498494
4593.0,twins,drt_log,17,59,0.1688338123529068,0.002218189568319,1.7562616498487331,0.0175163423335292
4594.0,twins,drs_log,17,59,0.107017464726557,0.0016901592713219,1.5497919478887834,0.0080013432246675
4595.0,twins,drq_log,17,59,0.0738949350600745,-0.000292307635006,2.032259574798031,0.0272287440700215
4596.0,twins,drt_direct,17,59,0.0320602786636649,-0.000144624842521,1.9555898079410008,0.0292826778701146
4597.0,twins,drs_direct,17,59,-0.0618744105409354,-0.0004954345663781,1.7737378585129302,0.0216443717239565
4598.0,twins,drq_direct,17,59,-0.0107909382396514,-0.0010819133774777,1.9163507422070407,0.0322910763436588
4599.0,twins,drq_simple_log,17,59,0.0326310783438058,-0.0009284262258977,2.721741104714649,0.0416737362187293
4600.0,twins,drq_simple_direct,17,59,0.0966852739859079,0.0024774667763193,1.452738377428652,0.033912343124223
4601.0,twins,x,17,59,0.0905099896358295,0.0025812934515576,1.657986947742353,0.0044052363090974
4602.0,twins,x_log,17,59,0.1456901854154054,0.0015401173757996,1.6254102389225924,0.0012260953912731
4603.0,twins,r,17,59,0.0554605718894142,0.0029886753616219,2.0380307411666303,0.0179602306487436
4604.0,twins,r_log,17,59,0.1261653816117208,0.0008772154787182,1.5956528636146463,0.0041090684356535
4605.0,twins,dr_diff,17,59,0.1775878927469211,0.0012498773393125,3.148222955980411,0.0343632914927298
4606.0,twins,s,18,60,0.1041078503885196,0.0032647616859935,1.3966137499589408,0.0010242707622274
4607.0,twins,t,18,60,0.0324771438458199,0.0001090749065746,2.029399161500556,0.0200090594309048
4608.0,twins,q,18,60,0.1163080433734661,0.0025836187911374,1.7933834520410188,0.0349903987298408
4609.0,twins,q_simple,18,60,0.0754189833998215,0.0017740119119689,1.8261015547345176,0.0415670158112995
4610.0,twins,drt_log,18,60,0.1340791182461559,0.0036168326204473,1.4619572965115042,0.0176749380758728
4611.0,twins,drs_log,18,60,0.0690888499483117,0.0004029581486441,1.3136763094576969,0.0443251215620367
4612.0,twins,drq_log,18,60,0.1070026535777987,0.0023268755168386,1.5072907488256675,0.0321805265836355
4613.0,twins,drt_direct,18,60,-0.0443807991196403,-0.0009143650328929,2.542159900300558,0.0425598627306717
4614.0,twins,drs_direct,18,60,-0.0831605044638673,-0.0020215998997674,2.390205827925596,0.0363062945419298
4615.0,twins,drq_direct,18,60,0.0545468876419071,-0.0010751092995574,2.289115372824545,0.0415517611104689
4616.0,twins,drq_simple_log,18,60,0.0064889111231788,0.0004707035033838,2.1366136009951697,0.0662628269494831
4617.0,twins,drq_simple_direct,18,60,0.0639641321894924,0.0010189285983334,1.4061380449635312,0.0433853233295293
4618.0,twins,x,18,60,0.0312646065658507,0.0027265629279282,1.6774014761536535,0.0152794003767284
4619.0,twins,x_log,18,60,0.1080983041537508,0.0039908703304991,1.3609783306115706,0.0057207873204064
4620.0,twins,r,18,60,0.0736246875686422,0.0033475268638237,1.9210382940763184,0.0080666552975655
4621.0,twins,r_log,18,60,0.1028694602675496,0.0027185301453958,1.2758393231646306,0.0130190066703753
4622.0,twins,dr_diff,18,60,-0.1077568874881644,-0.0018510679532686,4.7802490356469205,0.0386913278404998
4623.0,twins,s,19,61,0.1131883324904102,0.002690712321299,1.3876971168788337,0.0081806782535809
4624.0,twins,t,19,61,0.0764083022912147,0.001616197705883,1.8681672203088249,0.0212669786611103
4625.0,twins,q,19,61,-0.0378189290489646,0.0017270185623777,2.4750111643508177,0.0388559279402759
4626.0,twins,q_simple,19,61,-0.0245489886739639,0.0002755216631303,2.435382859326435,0.0605812949849674
4627.0,twins,drt_log,19,61,0.0924401286976229,0.0010418826785538,1.561162308271036,0.0281781759224142
4628.0,twins,drs_log,19,61,0.120689798331118,0.0028826762554724,1.2131870138780585,0.0281969276743689
4629.0,twins,drq_log,19,61,-0.0592257816091722,1.5235475555737746e-05,2.049007768490742,0.0422995848325199
4630.0,twins,drt_direct,19,61,0.0016569231701001,-0.0034662015314364,2.9975882411803894,0.0503800925945537
4631.0,twins,drs_direct,19,61,-0.1569494244271637,-0.0036375103247879,2.683560474020958,0.0344425356341489
4632.0,twins,drq_direct,19,61,-0.0988093533484782,-0.0026285935825588,3.0267950271390296,0.0399236824684604
4633.0,twins,drq_simple_log,19,61,-0.1089672145120997,-0.0010272818260764,2.8762660588004185,0.0517414649028043
4634.0,twins,drq_simple_direct,19,61,0.0172080936617365,0.001095503891344,1.7799347409605195,0.0402300287127975
4635.0,twins,x,19,61,0.209328034032953,0.0023687050242779,1.6099252806501465,0.0198421940014509
4636.0,twins,x_log,19,61,0.1075155284027941,0.0027031669793519,1.4513971172822302,0.0158428219850119
4637.0,twins,r,19,61,0.0739973098065457,0.0012076139500983,1.7730714731877613,0.044711039230276
4638.0,twins,r_log,19,61,0.1768262682501366,0.004042647481948,1.2913843879094429,0.0109074044768955
4639.0,twins,dr_diff,19,61,0.0806936026608767,-0.0036813934406211,4.28446889803271,0.0405519990932057
4640.0,twins,s,20,62,0.0298133370297721,0.0001879554731053,1.4207447280812149,0.01228001715424
4641.0,twins,t,20,62,0.0015233059235357,0.0024763866957252,1.9354221660174704,0.0098079336215441
4642.0,twins,q,20,62,0.127453211116596,0.0012163130250221,1.943400950387122,0.043852743433875
4643.0,twins,q_simple,20,62,0.1101343449803204,0.0014058821172402,1.8972085014315363,0.0489131407237355
4644.0,twins,drt_log,20,62,0.1301698559208717,0.0009231641602942,1.5247024686396424,0.01610562018579
4645.0,twins,drs_log,20,62,0.0403575110150637,0.000183528294208,1.3509357366715016,0.0287015490425416
4646.0,twins,drq_log,20,62,0.1477200988434572,0.0007123010376651,1.6702170865795118,0.0176580092075368
4647.0,twins,drt_direct,20,62,-0.1216115461140276,-0.0010611362421918,2.71506503978896,0.0380707293039522
4648.0,twins,drs_direct,20,62,-0.0683747964154789,-0.0010216063509912,2.210506052853619,0.0293560873709085
4649.0,twins,drq_direct,20,62,-0.0043523426250779,0.0001819945503787,2.34533343448545,0.037536378030046
4650.0,twins,drq_simple_log,20,62,0.1630466606296672,0.0016118054202116,2.082826043457792,0.0522748514224847
4651.0,twins,drq_simple_direct,20,62,0.1027128395081256,0.001379998863313,1.3835299700760222,0.0437906571319757
4652.0,twins,x,20,62,0.0043006664819152,0.0021361491492544,2.324875655067459,0.0165878110224559
4653.0,twins,x_log,20,62,0.0880118579433335,0.0008554138408945,1.6539763631019313,0.0116827817735586
4654.0,twins,r,20,62,0.0938053770414082,0.0013265853810222,1.707586824378687,0.0102836335406873
4655.0,twins,r_log,20,62,0.127157769079911,0.0004156020902655,1.5305793193180186,0.0132743791637287
4656.0,twins,dr_diff,20,62,-0.1971067929535735,-0.0013132922776814,4.272274284115681,0.0365169474057409
4657.0,twins,s,21,63,0.0301923948544373,0.0004076925914606,1.3136204844811907,0.0270325130014566
4658.0,twins,t,21,63,0.1349258211914705,8.231778163664619e-05,2.0394416152274992,0.0254074390143474
4659.0,twins,q,21,63,0.0800287455607493,-2.801192874837908e-05,2.04419085866748,0.0650050914452392
4660.0,twins,q_simple,21,63,0.073027902487569,5.712620393216392e-05,2.064076406041283,0.0716048725005967
4661.0,twins,drt_log,21,63,0.1038532650031703,0.0014820370564846,1.4019670517484293,0.0588947698660086
4662.0,twins,drs_log,21,63,0.0657438192620751,0.0014650515720954,1.208211497899799,0.0395424860748424
4663.0,twins,drq_log,21,63,0.0989353165801411,0.0029087381002754,1.492635334548648,0.0241453056163477
4664.0,twins,drt_direct,21,63,-0.1358444554838433,-0.0022858567294768,2.6065775767061705,0.0440356868254456
4665.0,twins,drs_direct,21,63,-0.1079055635991322,-0.0021145534378599,2.2836783646259544,0.0361795227827549
4666.0,twins,drq_direct,21,63,-0.0215482693096318,-0.0017950123846033,2.2436110834537017,0.0359779399555449
4667.0,twins,drq_simple_log,21,63,0.014739572382761,0.0002697634131244,2.4463779591772137,0.0599264133373902
4668.0,twins,drq_simple_direct,21,63,0.1512355291918239,0.0021893847175403,1.4905386823848512,0.066526488599543
4669.0,twins,x,21,63,0.0624777360103649,0.0029855035464771,1.5747967568578054,0.0179640187025197
4670.0,twins,x_log,21,63,0.0171324980261183,0.0011414257133514,1.515879476664411,0.0265747132205468
4671.0,twins,r,21,63,0.1310642448482211,0.0043854789881538,2.00834580516012,0.0103299291637754
4672.0,twins,r_log,21,63,0.0404180937949402,0.0005505017766984,1.3774178131711543,0.0438798826491005
4673.0,twins,dr_diff,21,63,-0.1003659840363103,-0.0028420034772168,4.496117850423733,0.0371986043398217
4674.0,twins,s,22,64,-0.0137618184714853,4.7164718139322895e-05,1.373869612263756,0.0103247869929483
4675.0,twins,t,22,64,0.0050168258934955,0.0022855982903328,2.038887560074659,0.0115000073333522
4676.0,twins,q,22,64,0.1840754445468519,0.0030803431528715,2.011407225340367,0.0308926840543614
4677.0,twins,q_simple,22,64,0.1572187738600121,0.0025214308114651,2.1369020177776714,0.0357009366579254
4678.0,twins,drt_log,22,64,0.0373876421917603,0.0014047920585594,1.5406991287877263,0.0165051387714288
4679.0,twins,drs_log,22,64,0.0319087179807461,0.0006814077954705,1.3444275963188097,0.0186599615020564
4680.0,twins,drq_log,22,64,0.0625228948150502,0.0010507041775159,1.6928874882152525,0.0287564704431429
4681.0,twins,drt_direct,22,64,-0.0624347189219776,-2.1548994653005065e-05,3.1457383662146623,0.0428528513336044
4682.0,twins,drs_direct,22,64,-0.1713813394107592,-0.00107926823807,2.5300217048348217,0.0280542876791157
4683.0,twins,drq_direct,22,64,-0.0849769572252248,-0.0011147733799148,2.876534293748185,0.0400226848565408
4684.0,twins,drq_simple_log,22,64,0.1160019215809639,-0.000775347263422,2.3815357096275607,0.0441427095827728
4685.0,twins,drq_simple_direct,22,64,0.1824211232998132,0.0013630886812956,1.6861034495326308,0.0351760592609178
4686.0,twins,x,22,64,0.0741273004948428,0.0026569002273162,1.7498841051689276,0.0057858404264518
4687.0,twins,x_log,22,64,0.0697304768816001,0.0019634234672452,1.560904857103053,0.0083760671632499
4688.0,twins,r,22,64,0.0157301450651321,0.0024302030715524,1.702769164971469,0.0142654036709654
4689.0,twins,r_log,22,64,0.0740171473678261,0.0016814199104191,1.468945702605562,0.0085179009103887
4690.0,twins,dr_diff,22,64,0.0314817319728801,-0.0006821417604894,4.713790232304393,0.0344112293326544
4691.0,twins,s,23,65,0.14693139229645,0.0019002021385091,1.462506773578433,0.004941482600395
4692.0,twins,t,23,65,0.1700464694493901,0.0045564909348026,1.611222044713182,0.0108869145578494
4693.0,twins,q,23,65,0.195752090105902,0.0030160393700031,1.828864296935165,0.0495226205580187
4694.0,twins,q_simple,23,65,0.1714769545256091,0.0027756879330401,1.8809897610528024,0.0501141265914616
4695.0,twins,drt_log,23,65,0.1016408200424956,0.001926617209679,1.552428511094429,0.0235668985033764
4696.0,twins,drs_log,23,65,0.1384043266100394,0.0020860890130261,1.203623071029035,0.0312538171161526
4697.0,twins,drq_log,23,65,0.0994795276596922,0.0023813119875235,1.4949743206923218,0.0427688099557384
4698.0,twins,drt_direct,23,65,0.1093171698928103,-0.001505239076514,2.350098580380802,0.0439696100134484
4699.0,twins,drs_direct,23,65,0.0680372537554168,-0.0011094985591233,2.068282290101432,0.0313825304411063
4700.0,twins,drq_direct,23,65,0.128220123914774,-0.0005028386650537,2.111553101733423,0.0414578769570615
4701.0,twins,drq_simple_log,23,65,0.3738360078510205,0.0033858406432066,1.796985367722436,0.0504977245920854
4702.0,twins,drq_simple_direct,23,65,0.1259131104432128,0.0027227470003408,1.462353789063161,0.0532197325608565
4703.0,twins,x,23,65,0.0728771346698844,0.0037629120115472,2.118875486948238,0.0125856067572984
4704.0,twins,x_log,23,65,0.0821966871822881,0.001790342271053,1.5189012454554325,0.0159498142757369
4705.0,twins,r,23,65,0.0431697945691156,0.0018921976066413,1.711251633799899,0.0380355583610265
4706.0,twins,r_log,23,65,0.1259664911514857,0.0012060662505581,1.3444679248384608,0.0190646492610047
4707.0,twins,dr_diff,23,65,0.0239240192850913,-0.0003971760244508,3.8182160706126216,0.0382519889494339
4708.0,twins,s,24,66,0.0583390565544461,0.0017053086549823,1.367001046733947,0.0138254986721547
4709.0,twins,t,24,66,-0.0030985999275008,0.0009067833740757,1.96649786997496,0.0249825689915483
4710.0,twins,q,24,66,0.0716944589446471,0.0015844615245523,2.083949566709057,0.0554346515474138
4711.0,twins,q_simple,24,66,0.0945515453065848,0.0012222978723683,2.094650277204732,0.0562555432021017
4712.0,twins,drt_log,24,66,0.0785000753513088,0.0004148721883163,1.5332444758547492,0.0398892084298779
4713.0,twins,drs_log,24,66,0.0919963473400437,0.0010364322086469,1.3321389990425496,0.0480351078623422
4714.0,twins,drq_log,24,66,0.1093686250622519,0.0020620706495204,1.614456818212589,0.0443544569997689
4715.0,twins,drt_direct,24,66,-0.1799218256389121,-0.003179301080494,3.08629391207822,0.0498936942551915
4716.0,twins,drs_direct,24,66,-0.1443031063897555,-0.0018653734782675,2.594780708920705,0.0335441016624821
4717.0,twins,drq_direct,24,66,-0.0783404006821479,-0.0023310375421707,2.576976098096899,0.0404085019414762
4718.0,twins,drq_simple_log,24,66,0.1209298457400847,0.0017852248080638,2.30854110738555,0.0649714412276844
4719.0,twins,drq_simple_direct,24,66,0.0639556968136421,0.0006687379060998,1.554130762023291,0.0562798620055505
4720.0,twins,x,24,66,0.0054290018561944,0.0005568490333619,1.7861005054473624,0.0271203984141316
4721.0,twins,x_log,24,66,0.048994126877454,0.0023095542030599,1.4051305703991095,0.0157072570489609
4722.0,twins,r,24,66,0.0607699809214301,0.001389210945567,1.6456519249652513,0.0213968353050073
4723.0,twins,r_log,24,66,0.0655480270038869,0.0023243786031746,1.3942029264944529,0.0180717922065773
4724.0,twins,dr_diff,24,66,-0.2245119110924435,-0.0015793748523892,4.785839475270441,0.0422759121665836
,lenta,s,0,42,0.0343018887049157,-0.0001076221331516,1.04940914013456,0.0069951537342447
,lenta,t,0,42,0.0351196915667104,0.0005577838465223,1.1636069462134544,0.012599614466521
,lenta,q,0,42,0.0727613302213592,-0.0014763503554495,1.1237332294706524,0.0105448617964216
,lenta,q_simple,0,42,-0.0191019125977731,0.0059923225530214,1.2479311155666102,0.0232393213673447
,lenta,drt_log,0,42,0.0363783472330438,0.0036514251153658,1.317126793826822,0.0421727809920744
,lenta,drs_log,0,42,0.0156881215678934,0.0031449541604806,1.298764682518597,0.0373692781892551
,lenta,drq_log,0,42,0.019499405083456,0.0013589115653912,1.323213641341397,0.0401128491700221
,lenta,drt_direct,0,42,0.0905182086223395,0.0007534452745578,2.0733676932168943,0.1063981566649227
,lenta,drs_direct,0,42,0.0540897916431963,0.0007096781195806,1.9528466992615416,0.0941467799495576
,lenta,drq_direct,0,42,-0.0090404294303729,8.604184511976348e-05,2.147185015564912,0.1030437104368031
,lenta,drq_simple_log,0,42,-0.0560666120991626,0.0047501435550582,1.259682713592018,0.0227553747089093
,lenta,drq_simple_direct,0,42,-0.0269436450195899,0.0066584356746828,1.904674590434014,0.1182725496175905
,lenta,x,0,42,0.0881577198242486,0.0020058991377531,1.0620287190589823,0.0050821979141911
,lenta,x_log,0,42,0.093754296237098,0.0017170193688811,1.0634246257242193,0.0041333408694361
,lenta,r,0,42,0.0564270911661866,0.0007366441663803,1.073264186271167,0.0082852004051118
,lenta,r_log,0,42,0.1067468426374058,0.0014088303511564,1.0726028970680144,0.0065495279452722
,lenta,dr_diff,0,42,0.0851294212004869,0.0009173675152471,2.616638481631345,0.1572772865301092
,lenta,s,1,43,-0.0016791386479404,0.0019443355631012,1.066794692941902,0.0055918126368905
,lenta,t,1,43,0.0386131905549527,-0.0001122973508243,1.1850405678810825,0.0141640489240208
,lenta,q,1,43,0.0704998226292483,-0.0012444752795954,1.1433292083033677,0.0101899235947192
,lenta,q_simple,1,43,-0.0063971919956622,0.0063794655077742,1.2466220240388453,0.0249851097667789
,lenta,drt_log,1,43,-0.0096362033159436,0.0034072608322021,1.3962836646290429,0.0456591360832392
,lenta,drs_log,1,43,-0.0125832049348131,0.0024234575753421,1.356037274735089,0.0415739952163046
,lenta,drq_log,1,43,-0.005858469149619,0.0012412118470378,1.3905679890781255,0.0451244741113827
,lenta,drt_direct,1,43,0.0306320756602143,0.0015340211476625,2.22083201316002,0.1095935334148943
,lenta,drs_direct,1,43,-0.0235658825133118,0.0014080450728758,2.116241377207603,0.0971720943287539
,lenta,drq_direct,1,43,-0.0525459820507512,0.0009212389582456,2.3139951275358723,0.1066060400779122
,lenta,drq_simple_log,1,43,0.0173799465734094,0.0052358959269813,1.2778934999166225,0.0229969014638488
,lenta,drq_simple_direct,1,43,0.0451533842839393,0.0070843828240459,1.9222099812973577,0.1214551556186109
,lenta,x,1,43,0.0636969516144279,0.0024282682819464,1.0721193413676329,0.0047334405365016
,lenta,x_log,1,43,0.0669852015599232,0.0022094779271926,1.0863479017543205,0.0058418999917919
,lenta,r,1,43,-0.0169991987340776,-0.0006236822355782,1.1335181625166015,0.0106122929701255
,lenta,r_log,1,43,0.0742384873340165,0.0024540338900463,1.0756709830256028,0.005846822500639
,lenta,dr_diff,1,43,0.0598845967759869,0.0017761275986056,2.7625614799206013,0.1596975445232181
,lenta,s,2,44,0.0433682324179331,0.0021454629876354,1.037298074142901,0.0054754759260148
,lenta,t,2,44,0.0120538858724217,0.0010172898362239,1.1643110085741946,0.0163743757290434
,lenta,q,2,44,0.1047503360290862,0.0001569747961452,1.1291992153013952,0.0087133265437919
,lenta,q_simple,2,44,0.0128089470803998,0.007129103281425,1.2661919543518807,0.0261080833162479
,lenta,drt_log,2,44,0.0200100429497995,0.0035762541072428,1.3924344318991266,0.0479128339752029
,lenta,drs_log,2,44,0.0089782698401015,0.0037320686276523,1.370861541420823,0.0431938859122815
,lenta,drq_log,2,44,0.0158201259040016,0.0016689508361929,1.3913170822085716,0.0465125328025439
,lenta,drt_direct,2,44,0.0300165247144825,0.0004464150901622,2.2483801780318498,0.1120767499477161
,lenta,drs_direct,2,44,0.0045059856647415,0.0002942160756078,2.149936754469416,0.099838110115095
,lenta,drq_direct,2,44,-0.0626339149513643,-0.0002148993677929,2.364062882788238,0.1097529714842469
,lenta,drq_simple_log,2,44,-0.0034128358746396,0.0054406657263064,1.3069289707677991,0.02571754987711
,lenta,drq_simple_direct,2,44,0.0357010142804283,0.006820022713249,1.9816447279163147,0.1242641781955516
,lenta,x,2,44,0.0221617916383405,-0.0002000998815065,1.1245041938147318,0.0111942625270204
,lenta,x_log,2,44,0.0539456592594689,0.0021982384504662,1.0740530978781668,0.0064204884039139
,lenta,r,2,44,0.0539250154935597,0.0014007637537488,1.0879141057728885,0.0102234379109233
,lenta,r_log,2,44,0.0701829192276732,0.0025898431715369,1.0694888833407472,0.0075891062608365
,lenta,dr_diff,2,44,0.0307963604175438,0.0007059566898725,2.768488546128072,0.1621174524672307
,lenta,s,3,45,-0.0218990581383735,-0.0001543101852218,1.0830121679347442,0.0054666538825608
,lenta,t,3,45,0.0279550720696506,0.0003917090402199,1.167905733967859,0.0121972478533187
,lenta,q,3,45,0.082367678833281,-0.0015952298830449,1.1619582963879955,0.0088113850045518
,lenta,q_simple,3,45,0.0208552579080543,0.0067233204809789,1.2674243447887072,0.0228083294519979
,lenta,drt_log,3,45,0.0230918773162109,0.0029901422391747,1.3919581759867263,0.0456461695956558
,lenta,drs_log,3,45,-0.0012692879757425,0.0033834680807843,1.3255024779695346,0.0402503031263321
,lenta,drq_log,3,45,0.0107573826808897,0.0016729642675309,1.3487403537674207,0.0435196264741446
,lenta,drt_direct,3,45,0.007491122128272,0.0017274970020649,2.197600743788757,0.1082824514210153
,lenta,drs_direct,3,45,-0.0276640748437622,0.0015727566363936,2.100263343149533,0.0959019649231894
,lenta,drq_direct,3,45,-0.0830690583224226,0.0010170749280474,2.293082944369011,0.1049111638824168
,lenta,drq_simple_log,3,45,-0.006080385100383,0.0055546577649468,1.2646433312753698,0.0221404565483435
,lenta,drq_simple_direct,3,45,0.0935590740489522,0.0076090657200057,1.8810717005836688,0.1187696890256466
,lenta,x,3,45,0.0077793598981812,0.0004919886599978,1.088989585096759,0.0064400217767145
,lenta,x_log,3,45,0.0563012613699969,0.0008562688082455,1.095645662757484,0.0074563387459996
,lenta,r,3,45,0.0320630165767708,0.0012530048126004,1.0989999874933274,0.0094412818276047
,lenta,r_log,3,45,0.0365999110766355,0.0013138543813882,1.1039881450263604,0.0064189399991696
,lenta,dr_diff,3,45,0.0337195828180174,0.0017821650262078,2.738363225921223,0.1581790601197788
,lenta,s,4,46,0.0148260385962557,0.0012143696338418,1.057464149829554,0.004819015669214
,lenta,t,4,46,0.0233523801020067,0.0004875185917449,1.1781509833609711,0.0130042863806522
,lenta,q,4,46,0.1136125281838313,-0.00143685884734,1.149932932992404,0.008954798095148
,lenta,q_simple,4,46,-0.0006734458245691,0.0064610704872153,1.2622992773022728,0.022115648118291
,lenta,drt_log,4,46,0.0262435130638392,0.0043998559683306,1.3681717200618146,0.0430846736717397
,lenta,drs_log,4,46,0.0035121691871091,0.0044167976144949,1.306021308392726,0.0388233191771205
,lenta,drq_log,4,46,0.0262847182618388,0.0018308016934617,1.3642328029027049,0.043016703298948
,lenta,drt_direct,4,46,-0.0016163779739855,0.001557409157541,2.1987959870438134,0.1077269739804962
,lenta,drs_direct,4,46,-0.0030430837582091,0.0015392315694628,2.088179322726848,0.0951538441257279
,lenta,drq_direct,4,46,-0.0660666025347107,0.0008855098240596,2.2637540152087547,0.1040997865098221
,lenta,drq_simple_log,4,46,-0.0335028457522212,0.004809676306705,1.3050939856823924,0.021638466634596
,lenta,drq_simple_direct,4,46,0.034321320396538,0.0074823262203211,1.9019296189672288,0.1194646947248199
,lenta,x,4,46,0.0237916719568549,0.0007191430151211,1.0904680505091071,0.0063867326839757
,lenta,x_log,4,46,0.0831829987256391,0.001618656189226,1.0579389615316848,0.003528903214495
,lenta,r,4,46,0.007072463434316,0.0004204436842906,1.1032154936941836,0.0072502733401829
,lenta,r_log,4,46,0.0881417083880162,0.0018872013676177,1.0637821542952404,0.004128117747295
,lenta,dr_diff,4,46,0.065117210556499,0.0019304766977881,2.709888919778872,0.1581880190398993
,lenta,s,5,47,0.0109395781105423,0.0020026535542347,1.0578351298021087,0.005274260109076
,lenta,t,5,47,0.021553121568941,0.0010324325882435,1.1664582974653253,0.0112093439549702
,lenta,q,5,47,0.0975636936007204,-0.0010772975113748,1.121739568978193,0.0097582411061048
,lenta,q_simple,5,47,0.0073575888519785,0.0064487206230837,1.257692990302833,0.0233069381187317
,lenta,drt_log,5,47,0.0108366724067929,0.0030631373050436,1.3966810521629005,0.0437789033854513
,lenta,drs_log,5,47,-0.0181780293989317,0.0031467053528079,1.338875148740825,0.0389463229861025
,lenta,drq_log,5,47,0.0008436741251727,0.0016648758817584,1.349217622413255,0.0422971936514958
,lenta,drt_direct,5,47,0.0301764970522442,0.0021288739323823,2.141551593620644,0.1068321878146694
,lenta,drs_direct,5,47,0.024765632723648,0.002010375151628,2.037936317759123,0.0948521279108997
,lenta,drq_direct,5,47,-0.0339412802524319,0.0015532300385603,2.226845954834955,0.1044891588438808
,lenta,drq_simple_log,5,47,-0.0135737064828274,0.005633353354609,1.2410569986872335,0.018738850085219
,lenta,drq_simple_direct,5,47,0.0283166561253109,0.0074562358517339,1.8950038938921456,0.1193586027922313
,lenta,x,5,47,0.0210731414952294,0.0009084996916222,1.0899017423814843,0.0075604847977648
,lenta,x_log,5,47,0.0676442358148059,0.0022210443240129,1.0544899804372674,0.0064658184460547
,lenta,r,5,47,-0.0152248939937469,-0.0006158907958646,1.1071947156767987,0.0108132334188265
,lenta,r_log,5,47,0.0704025674264714,0.0023984329168961,1.0505008502208528,0.0059530324931705
,lenta,dr_diff,5,47,0.009493521285885,0.0021593810560403,2.6909372673916856,0.1580467293926948
,lenta,s,6,48,0.0095146114319399,0.0016266215828429,1.07999359966999,0.0051528989461843
,lenta,t,6,48,0.0176214782501795,0.001886720349494,1.1461004840658469,0.0112056092012456
,lenta,q,6,48,0.1259176071295811,-0.0003861749252994,1.1102039270546722,0.0108290843485841
,lenta,q_simple,6,48,0.0250231048741329,0.0071169114192868,1.21577114382299,0.0205314630769077
,lenta,drt_log,6,48,0.021921405546053,0.0038185694033874,1.3416637733782424,0.041606244779471
,lenta,drs_log,6,48,-0.0030284157073823,0.0039752268924873,1.300704614377536,0.0373224709047989
,lenta,drq_log,6,48,0.0121177050016698,0.00201448239096,1.3387809697183426,0.0407125545656099
,lenta,drt_direct,6,48,0.0352804999912625,0.0018371819679687,2.1165718283117947,0.1059856958395386
,lenta,drs_direct,6,48,0.0383935389810206,0.0018315208592804,2.0192586574605595,0.0943375370786994
,lenta,drq_direct,6,48,-0.0564495186417477,0.0011179310923305,2.188851234219888,0.1028640988783873
,lenta,drq_simple_log,6,48,0.0210706981821999,0.0063707806231342,1.2423151449720065,0.0167560844198636
,lenta,drq_simple_direct,6,48,0.058060020822614,0.0078775386267726,1.858758900833724,0.116186668597229
,lenta,x,6,48,0.0024049424136922,-0.000342636449109,1.0866096051519174,0.0078145026603495
,lenta,x_log,6,48,0.0380911596651625,0.0009459186595614,1.080996183789691,0.0053006210195926
,lenta,r,6,48,0.0503162216847656,0.0017870508409663,1.0772482507630463,0.0071840958247687
,lenta,r_log,6,48,0.0511262815556163,0.0010232510136679,1.0728053121043772,0.0051534083531682
,lenta,dr_diff,6,48,0.0315793602093208,0.0019732400406412,2.678939015403044,0.1571780512531448
,lenta,s,7,49,0.0058027558141746,0.0005384038034997,1.0519539430119385,0.0058224376492749
,lenta,t,7,49,0.0334628338413662,0.002166524118946,1.134772226501532,0.0149185088573944
,lenta,q,7,49,0.1328817107997435,-0.0008315748769609,1.0806547059291969,0.0088663128575335
,lenta,q_simple,7,49,0.0143751052019216,0.0067827981593059,1.224319774422986,0.021712119544221
,lenta,drt_log,7,49,0.0334264613265449,0.0031280273220514,1.3561593368097853,0.0444650020914724
,lenta,drs_log,7,49,0.0065875504876653,0.0036154787155144,1.3251259579242387,0.0401170325124097
,lenta,drq_log,7,49,0.0305073615062509,0.0024472916226807,1.3366021692794567,0.0430264459476789
,lenta,drt_direct,7,49,0.0501698334317213,0.0007111585146291,2.1601813624406656,0.1084306600244068
,lenta,drs_direct,7,49,0.0024274532205701,0.0005545675040357,2.0613026771645706,0.0962717851439976
,lenta,drq_direct,7,49,-0.0034941319860604,0.0001300263354637,2.208348269638168,0.1059085352586212
,lenta,drq_simple_log,7,49,-0.0080221150326289,0.0063735653290028,1.2355617235689829,0.0200282850449435
,lenta,drq_simple_direct,7,49,0.0374975654423945,0.0067575902346629,1.9195014647333244,0.1205196608833114
,lenta,x,7,49,0.0546915300827026,0.000621815704983,1.056315558358128,0.008047355203511
,lenta,x_log,7,49,0.0684834706605486,0.0007995050025857,1.0752185489748567,0.0077075758597329
,lenta,r,7,49,0.021401275347558,0.0003582693242628,1.0957213250064206,0.0104405651184303
,lenta,r_log,7,49,0.0762649220993936,0.0008573471256265,1.0727004957885364,0.0054477458495678
,lenta,dr_diff,7,49,0.0611455184757134,0.0009591716449827,2.6705573889444536,0.159350252170106
,lenta,s,8,50,0.0337821654154923,4.8691174528055214e-06,1.050732440448389,0.0042324530366635
,lenta,t,8,50,0.0309667391173287,0.0006555901507232,1.1472281476358692,0.0125329961714132
,lenta,q,8,50,0.1155947498857983,-0.0008391245122067,1.119747965731982,0.0114814902934022
,lenta,q_simple,8,50,-0.0038111441109109,0.0053937360323661,1.245827118520795,0.0229974336090838
,lenta,drt_log,8,50,0.0369450189840112,0.0044340835307058,1.3313706371959773,0.0413302273332265
,lenta,drs_log,8,50,0.0199271111744554,0.0042950527120951,1.327578217677012,0.03628946566408
,lenta,drq_log,8,50,0.0155715371410583,0.0018476453730666,1.3093497286659772,0.0412906815636477
,lenta,drt_direct,8,50,0.0980295060277567,0.0011693577219408,2.071835317797943,0.1062702276967463
,lenta,drs_direct,8,50,0.0625720842965378,0.0010063603548011,1.96489614268023,0.0943669808674475
,lenta,drq_direct,8,50,0.0443041993101263,0.0005491292826478,2.133895394744991,0.1034106188881003
,lenta,drq_simple_log,8,50,0.0150160480947776,0.0059932005334188,1.235791263101165,0.0189770538350997
,lenta,drq_simple_direct,8,50,0.0143588244303043,0.0069258209332107,1.8816302336110529,0.1176786368713114
,lenta,x,8,50,0.0054679195982796,-0.0002803034509734,1.0972823264741052,0.0083649552721609
,lenta,x_log,8,50,0.069242992690057,0.001688274349912,1.083790969917522,0.006533628823104
,lenta,r,8,50,-0.0175289535980074,-0.0009309337264855,1.1259309801082535,0.0093608370602206
,lenta,r_log,8,50,0.0673265209737232,0.0016999665952016,1.0590333765600195,0.0058963822256682
,lenta,dr_diff,8,50,0.0732381647615287,0.0012851606039555,2.631410571334402,0.1572667524775212
,lenta,s,9,51,0.0333093279856311,0.0016720437018316,1.0761561545712903,0.0047666050252044
,lenta,t,9,51,0.0455091516812775,0.0016386861826612,1.1580460532066374,0.0118597884166845
,lenta,q,9,51,0.1133843194487471,-0.0006659056696015,1.114468882942827,0.0124268873477254
,lenta,q_simple,9,51,0.0168411194182178,0.0070108624035808,1.226481256101288,0.0214184341614846
,lenta,drt_log,9,51,0.0232371228214334,0.003417729362124,1.3699272493763628,0.0438731002309398
,lenta,drs_log,9,51,0.0107327373970838,0.0039534652612305,1.310979256752796,0.0373429567344045
,lenta,drq_log,9,51,0.0087547270522507,0.0026642720148562,1.36130863790121,0.041759967985862
,lenta,drt_direct,9,51,0.065101610307396,0.0018484238978646,2.135844345461255,0.1074382374225702
,lenta,drs_direct,9,51,0.0013187800134017,0.0016702203361522,2.0599781100700865,0.0952800666198395
,lenta,drq_direct,9,51,0.0103706697769605,0.0013772596369966,2.188220557397939,0.1052024078580332
,lenta,drq_simple_log,9,51,0.0090346362076547,0.007140539759586,1.2170418867131905,0.0181264694075444
,lenta,drq_simple_direct,9,51,0.0414531274456231,0.0077071429919384,1.8632022419703749,0.1190010586898277
,lenta,x,9,51,0.0967780393687458,0.0022892934156826,1.0407485290533915,0.0053562911358352
,lenta,x_log,9,51,0.0628257818194164,0.0018124560777131,1.0505393010798554,0.0073434792921653
,lenta,r,9,51,0.0146157952049739,0.0016175843401224,1.0970383783150643,0.009029395379419
,lenta,r_log,9,51,0.0858859619617098,0.0027980782231861,1.0391207823736637,0.0028786733005939
,lenta,dr_diff,9,51,0.0401905332642154,0.0020405528849114,2.6893519149711267,0.1586944259737857
,lenta,s,10,52,-0.0121878817788991,0.0015168777643129,1.0830224405381366,0.0044716509114404
,lenta,t,10,52,0.0481324489800614,0.0023610100006389,1.1273911195234023,0.0102979182127849
,lenta,q,10,52,0.0903505558525004,-0.0006300482199452,1.118540119205075,0.0111119075723439
,lenta,q_simple,10,52,0.0002347125209285,0.0061725063893755,1.25579640003832,0.0225778885925904
,lenta,drt_log,10,52,-0.0209042988870962,0.0023465825692079,1.3617446790981609,0.0443430858912397
,lenta,drs_log,10,52,-0.0258874666183375,0.0032119864624131,1.307687139008659,0.0387673968255867
,lenta,drq_log,10,52,-0.0041814669046904,0.0012769479445,1.3499065426222452,0.0423235674375212
,lenta,drt_direct,10,52,0.0133002874712131,0.0015589398794247,2.171487097547442,0.1069193023940733
,lenta,drs_direct,10,52,-0.0338633620676867,0.0014207571577812,2.072495724334262,0.0944156769207163
,lenta,drq_direct,10,52,-0.0775076565966167,0.0007684799057987,2.2557478888542426,0.1036456208399699
,lenta,drq_simple_log,10,52,-0.0009865428835833,0.0053220204191125,1.266070687567228,0.0199109579574746
,lenta,drq_simple_direct,10,52,-0.0231543595766199,0.0071198102570578,1.911413987011444,0.1193567916212636
,lenta,x,10,52,0.0240482281722105,0.0024730152234794,1.1073876350223857,0.007200313771564
,lenta,x_log,10,52,0.0753383327958969,0.002423949425601,1.052249428873039,0.0053093704715487
,lenta,r,10,52,0.0278826922858499,0.0010067680781464,1.0982216166092147,0.0102277633778719
,lenta,r_log,10,52,0.0896629204562344,0.0025742101772963,1.0425270533809643,0.0057647946600893
,lenta,dr_diff,10,52,0.0417909069639741,0.0020015137227312,2.646035562680552,0.1571158844130596
,lenta,s,11,53,0.0467555002032817,0.0011843395915784,1.0757609383618545,0.0057994396325432
,lenta,t,11,53,0.0354709107194841,0.0009504386297684,1.16513411094015,0.0132796069899956
,lenta,q,11,53,0.085096947335381,-0.0009920819624309,1.13278932983158,0.0077799247437145
,lenta,q_simple,11,53,-0.0094252342520211,0.0063374444390394,1.2428753763115852,0.0212854092762656
,lenta,drt_log,11,53,0.0094234987345855,0.0022615192642754,1.3614284175232394,0.0431748430051941
,lenta,drs_log,11,53,-0.0129348368061927,0.0019408325540781,1.333816661309156,0.0382447449431345
,lenta,drq_log,11,53,0.0075643918241583,0.0012399415004512,1.3165774169695108,0.0412720218279507
,lenta,drt_direct,11,53,0.0832847970804988,0.0018049997573184,2.1061785430606568,0.1046242532992981
,lenta,drs_direct,11,53,0.0223023133742557,0.0015980366391405,2.0053695241326674,0.0921756691084264
,lenta,drq_direct,11,53,-0.0111743313534193,0.0011348620536291,2.175189681306449,0.1017506450243835
,lenta,drq_simple_log,11,53,-0.0006897670886145,0.0056180942062344,1.2557111466467732,0.0195550389640737
,lenta,drq_simple_direct,11,53,0.0447844679658233,0.0072014941615305,1.886203530102588,0.1167884840862581
,lenta,x,11,53,0.0741447723436956,0.002234447704376,1.067874114072905,0.0055153803080317
,lenta,x_log,11,53,0.0702163642476063,0.0022719460984827,1.05449012503997,0.0046773862173942
,lenta,r,11,53,0.0429980380442873,0.0014115649566662,1.0670207832600318,0.0082773794816838
,lenta,r_log,11,53,0.0667169992423897,0.0015012501428712,1.062889448353226,0.006494979869128
,lenta,dr_diff,11,53,0.0692406369029166,0.002149282372928,2.6229042820905715,0.1561158583249129
,lenta,s,12,54,-0.0012102414391823,-0.0005148804382652,1.0518280206140187,0.0063760973321253
,lenta,t,12,54,-0.0006436632248456,0.0004327674308093,1.170867973971184,0.0125119632614093
,lenta,q,12,54,0.1078493756469098,-0.0012930475555309,1.1411014734205602,0.0085122086627143
,lenta,q_simple,12,54,0.0441525534473321,0.0062010859601987,1.2770616652567544,0.0242262866957204
,lenta,drt_log,12,54,0.0113835485550655,0.0033090950986016,1.356913051950456,0.0448477854473981
,lenta,drs_log,12,54,0.0174751255377032,0.003146829005496,1.3441893201604085,0.0403355433136809
,lenta,drq_log,12,54,0.0163400503919488,0.0016782368350453,1.348903566941646,0.0438672818417785
,lenta,drt_direct,12,54,0.0481477220505346,0.001427276400553,2.1604518238382573,0.1088716043358953
,lenta,drs_direct,12,54,0.00879773258103,0.0012807072685278,2.0739133020552543,0.0967211040208418
,lenta,drq_direct,12,54,-0.0634798932964387,0.0006539039770948,2.244113318740535,0.1063766793883182
,lenta,drq_simple_log,12,54,0.0284003516262376,0.0063118563664168,1.2685134253776964,0.0220082278415156
,lenta,drq_simple_direct,12,54,0.0579909898030712,0.0074805398004314,1.903070018851504,0.1202637555381583
,lenta,x,12,54,0.0456216253778547,0.0013515404821472,1.0983064560368194,0.0064739222071834
,lenta,x_log,12,54,0.0537169177745087,0.0005659961850788,1.0895475561631935,0.0075756606906001
,lenta,r,12,54,0.0027154755098668,0.0003147715200111,1.1165279227177058,0.0082559522347589
,lenta,r_log,12,54,0.0496289206580033,0.0009767859511803,1.0744187321312346,0.0063285569204326
,lenta,dr_diff,12,54,0.0120592398723053,0.0015234029834739,2.699840673020179,0.1595999642360119
,lenta,s,13,55,-0.0185271849571275,0.0008151699372348,1.062254811238326,0.0048419957832563
,lenta,t,13,55,-0.0240386885766543,-0.0003352794735099,1.222803182141505,0.0166371095142407
,lenta,q,13,55,0.0936953286079456,-0.0007991079954285,1.1580007430053147,0.0096874163675245
,lenta,q_simple,13,55,0.0073561132350539,0.0057545855780992,1.3090768827869836,0.0270420960780667
,lenta,drt_log,13,55,-0.0032427834328014,0.0023716298839313,1.4160424738185102,0.0481794080975887
,lenta,drs_log,13,55,-0.0327620079042734,0.002584527810806,1.3586229424863605,0.042634456060386
,lenta,drq_log,13,55,-0.021477564194966,0.0006850594207946,1.428510531510981,0.0472380936734735
,lenta,drt_direct,13,55,0.0091264666819821,0.0008690490165707,2.2684291475344898,0.1114485182486431
,lenta,drs_direct,13,55,-0.0312179883061576,0.0007997904287634,2.150599219571071,0.099214877477039
,lenta,drq_direct,13,55,-0.0520152697626574,0.0002722554623996,2.329245202609595,0.1096314594229169
,lenta,drq_simple_log,13,55,0.0210357903867586,0.0063313680896834,1.2761839690459842,0.0236599609660629
,lenta,drq_simple_direct,13,55,0.0107028848396748,0.0061698439992124,1.993178836926745,0.1248117563476033
,lenta,x,13,55,-0.0046324252317317,-0.0004481901707614,1.1243944240899275,0.0094948812037638
,lenta,x_log,13,55,0.0687809590312351,0.0013951406996917,1.1012786149847695,0.0093353648584048
,lenta,r,13,55,-0.0257344788652429,-0.001812370825676,1.1511006460062057,0.0123245566645261
,lenta,r_log,13,55,0.0631969024577303,0.0012506846990065,1.098082674545041,0.0093685451477878
,lenta,dr_diff,13,55,0.0255776282381623,0.0009529161133689,2.832579176099945,0.1609177993653742
,lenta,s,14,56,0.0087175137745778,0.0012380806654851,1.0454419928541436,0.0040778089758015
,lenta,t,14,56,0.0430191465663361,0.0008727252166854,1.162345765746169,0.0139103964671973
,lenta,q,14,56,0.0479169883197811,-0.0017157984859504,1.1584259629803837,0.0123202101678287
,lenta,q_simple,14,56,-0.0415916040477732,0.0064369602822851,1.2455410598893153,0.0221619640058575
,lenta,drt_log,14,56,0.041292113543998,0.0047139499489406,1.3241823007152262,0.0421309738592096
,lenta,drs_log,14,56,0.0286721489658186,0.0045519284987343,1.2833035999140106,0.0370710259046452
,lenta,drq_log,14,56,0.0282766890038144,0.0028217554071998,1.3337768404484176,0.0401621653524999
,lenta,drt_direct,14,56,0.0577439194869409,0.0015878949576118,2.088706863288888,0.1066490400592279
,lenta,drs_direct,14,56,0.047007764570131,0.0015707252595242,1.9718837363273192,0.0944167655956045
,lenta,drq_direct,14,56,-0.0257667995789583,0.000957808018648,2.1737710132309043,0.1037183613653029
,lenta,drq_simple_log,14,56,-0.0379080186985951,0.0060468586181349,1.2597874473306476,0.0211939410213928
,lenta,drq_simple_direct,14,56,-0.0268377135848987,0.007163232763982,1.890486449660341,0.1183785784104217
,lenta,x,14,56,0.0434752899032928,0.0012751404480152,1.0788513657985328,0.0067866843410075
,lenta,x_log,14,56,0.084125617884585,0.0028575739636812,1.0470123785788477,0.0053829812474858
,lenta,r,14,56,0.046096658280414,0.0023761332100726,1.089021509203625,0.0090026405178608
,lenta,r_log,14,56,0.0678437077029605,0.0028411600278585,1.056712325160596,0.0058457926154454
,lenta,dr_diff,14,56,0.095211634404166,0.0018564451857983,2.6087547520674765,0.1576253240039662
,lenta,s,15,57,0.0232853469411158,-0.0001591922954962,1.0682827709863216,0.0048386085506457
,lenta,t,15,57,0.0034094476861896,-0.0004402955903606,1.211020111558737,0.0141540201807865
,lenta,q,15,57,0.0675413434504272,-0.0013053419108269,1.1669817463523269,0.0090285684384892
,lenta,q_simple,15,57,0.0113155743990458,0.0071759948015667,1.254876083417579,0.0231166545281035
,lenta,drt_log,15,57,0.0260791661607737,0.0037704324445819,1.4089419314560976,0.0452451274569008
,lenta,drs_log,15,57,-0.0016954706179594,0.004310263013085,1.3599489606357171,0.0389187111696905
,lenta,drq_log,15,57,0.01017988915528,0.0022741151361033,1.3991949331456424,0.0430217531218949
,lenta,drt_direct,15,57,-0.0081036732863901,0.0016940452012225,2.202002227179756,0.1067415155641643
,lenta,drs_direct,15,57,-0.0621077109182508,0.0015691518171707,2.1234859597912865,0.0945420579894761
,lenta,drq_direct,15,57,-0.0784099392087074,0.001074121431972,2.3002749768139577,0.1038803174055952
,lenta,drq_simple_log,15,57,0.0425607765346724,0.0081986092752079,1.2334821354724068,0.0192339050272597
,lenta,drq_simple_direct,15,57,0.0436680024249218,0.0078454804773226,1.9051707784857488,0.1197193494517197
,lenta,x,15,57,0.0417984603174093,0.0008449330927191,1.089455088433449,0.0056361626410089
,lenta,x_log,15,57,0.0232099747831264,0.001525550611521,1.097477158574864,0.006178455579335
,lenta,r,15,57,0.0360912991793787,0.0005876999886213,1.101519710177662,0.0068114525745441
,lenta,r_log,15,57,0.0180427931697377,0.0013328654790201,1.1013297996289044,0.0056298504626301
,lenta,dr_diff,15,57,0.0165421705162265,0.0019286118200829,2.749985554831872,0.1580345356831842
,lenta,s,16,58,0.0552776864805848,0.0004237303798834,1.0277949374467188,0.0046340447237021
,lenta,t,16,58,0.0188804102500126,0.0001718083847067,1.1889243574359252,0.0148871728191416
,lenta,q,16,58,0.0741095257913118,-0.0005843102581038,1.1330310429800312,0.009896313772522
,lenta,q_simple,16,58,-0.0071649903411983,0.0066960916941753,1.244459433724679,0.0247643364101786
,lenta,drt_log,16,58,0.0615544119560185,0.0034722586593167,1.3787348435588491,0.046721708866399
,lenta,drs_log,16,58,0.0535489343813511,0.0041605296346568,1.3467271956245446,0.0416254564147518
,lenta,drq_log,16,58,0.0598571825155995,0.0021066754996485,1.3673309715748796,0.045816402548004
,lenta,drt_direct,16,58,0.0613815805555366,0.0003710375034312,2.2063482270350536,0.1106127344846966
,lenta,drs_direct,16,58,0.0378648623961015,0.0003460299510305,2.109444684201172,0.0988217104947739
,lenta,drq_direct,16,58,-0.0328881762515811,-0.0003101648265156,2.3033627609392573,0.1078896619688422
,lenta,drq_simple_log,16,58,0.0139051666963818,0.0068045159734562,1.2507582108127944,0.0220499095599365
,lenta,drq_simple_direct,16,58,0.0148222415356253,0.0068545668427977,1.9793760491484669,0.1242296546744765
,lenta,x,16,58,0.039573175321498,0.0007187402682341,1.104868143296542,0.0093786255196445
,lenta,x_log,16,58,0.0931536889553108,0.0019266899195745,1.0653644739082604,0.0064833650079188
,lenta,r,16,58,0.0471005346143527,0.0011615793093254,1.1052704218192366,0.0086755768830457
,lenta,r_log,16,58,0.0788195366725186,0.0011166000256846,1.0615110483476335,0.0062771098543441
,lenta,dr_diff,16,58,0.0645702158017504,0.0006945140900262,2.7343715254099066,0.1609716633537298
,lenta,s,17,59,-0.0148245937190429,0.0007055938636616,1.0640550597716738,0.0028864416957656
,lenta,t,17,59,0.0013273712587091,-0.0009990957985344,1.2266170517883428,0.0149880668708461
,lenta,q,17,59,0.094241130191383,-0.0012349375722938,1.1464914709002825,0.0095196588752954
,lenta,q_simple,17,59,0.0295627309430068,0.0068530299615158,1.2595554828707134,0.0213429712224995
,lenta,drt_log,17,59,0.0013660271493809,0.0024937682428728,1.403157307675882,0.0449618937745423
,lenta,drs_log,17,59,-0.0079989477147981,0.002890840784063,1.3446362346960237,0.0398834899378903
,lenta,drq_log,17,59,-0.0041653066684692,0.001926790982075,1.3917866988248142,0.0429700795859418
,lenta,drt_direct,17,59,0.0226721952046116,0.0020448298459914,2.192379675697961,0.106624832467491
,lenta,drs_direct,17,59,-0.0007770294171418,0.0020166074447184,2.082703189171601,0.0941287118686107
,lenta,drq_direct,17,59,-0.0597158831380135,0.0014029059040048,2.2719169987419225,0.1041280208841637
,lenta,drq_simple_log,17,59,-0.0171856472620557,0.0058698769989743,1.291690460117823,0.021072309182716
,lenta,drq_simple_direct,17,59,-0.0003638852109222,0.0075748076243195,1.9331032812209883,0.1184359500202942
,lenta,x,17,59,-0.0162148827826109,3.256800664358647e-05,1.112545303821323,0.0063780352213733
,lenta,x_log,17,59,0.0669356288118681,0.0003838443461135,1.098571152788989,0.0076451873299785
,lenta,r,17,59,0.0117311641813575,-0.0001197830625426,1.1276620190431412,0.0085387747219225
,lenta,r_log,17,59,0.0830490308887577,0.000605879677875,1.083832510220859,0.0057460982628118
,lenta,dr_diff,17,59,0.0261211889579087,0.0022651959845368,2.7377135876474745,0.1572284044290499
,lenta,s,18,60,0.0326535188753265,0.0018769976476294,1.0459848087646113,0.0053436496779272
,lenta,t,18,60,0.0426404263649469,0.0013845648925387,1.1597870199334932,0.0113895891673696
,lenta,q,18,60,0.0841625876328155,-0.0014054127452874,1.1185154488507292,0.0081431595882894
,lenta,q_simple,18,60,0.0108250658920139,0.0065668234117213,1.2429703685939415,0.0212898751720976
,lenta,drt_log,18,60,0.0236559880841875,0.0040521504265592,1.3562245731164495,0.0425017665013369
,lenta,drs_log,18,60,0.011666375727046,0.0043949380435918,1.3187891546443158,0.037319733140506
,lenta,drq_log,18,60,0.0650572021798476,0.0023864716200212,1.3591978752594605,0.0415176087258511
,lenta,drt_direct,18,60,0.080169372177367,0.0013946517270223,2.118611452100799,0.1077071968657417
,lenta,drs_direct,18,60,0.0382405370474789,0.0011994419663854,2.0481267514190296,0.0951486516492037
,lenta,drq_direct,18,60,-0.034930173699198,0.0005712514337524,2.190169565817482,0.1041215178660857
,lenta,drq_simple_log,18,60,0.0239864770374105,0.0071679932011335,1.2313693274718434,0.0198553539775289
,lenta,drq_simple_direct,18,60,0.0578163446068598,0.007834137815555,1.8915748582587568,0.1176568968723282
,lenta,x,18,60,0.0535947791991098,0.0016372804146094,1.0648368684954894,0.0042843155464856
,lenta,x_log,18,60,0.0913457125445154,0.0024097486467745,1.0556326706704915,0.0059087661850516
,lenta,r,18,60,0.0212355405968174,0.0001915197983532,1.1044154247196034,0.0091650616987412
,lenta,r_log,18,60,0.0975678861305464,0.0024639482490816,1.0413272829714173,0.0057782077770715
,lenta,dr_diff,18,60,0.0363414025159312,0.0013272011709806,2.702370594170524,0.15763471582941
,lenta,s,19,61,0.0297281115598955,0.0005467645840279,1.0490963906803643,0.0040314154102372
,lenta,t,19,61,0.0232880395031478,0.0005549189543583,1.1539635440223728,0.0119541567024431
,lenta,q,19,61,0.0870166304749506,-0.0014742381692408,1.1573118471538455,0.0098601990401859
,lenta,q_simple,19,61,0.0101625887051661,0.0062856824108876,1.2509693371595876,0.0227399759262485
,lenta,drt_log,19,61,0.0400087635536632,0.0037510860379644,1.3668564385875157,0.044238183504589
,lenta,drs_log,19,61,0.0162621647404086,0.0035215535919268,1.327338245062884,0.0393358035866057
,lenta,drq_log,19,61,0.0298956118841657,0.0015516617352009,1.3492009787902093,0.0426388166509247
,lenta,drt_direct,19,61,0.0162708595351093,0.0009621116893633,2.1871139563521607,0.1081013518271308
,lenta,drs_direct,19,61,0.0063452232237266,0.0009384373234524,2.072434968261503,0.0955398815572643
,lenta,drq_direct,19,61,-0.0801980990935226,0.0002210593513368,2.277408200095937,0.1051488179533913
,lenta,drq_simple_log,19,61,0.0209663931425763,0.0061053877693977,1.2549122370995711,0.0200618837695227
,lenta,drq_simple_direct,19,61,0.060912002245766,0.0074528735513763,1.9025991312027664,0.120042323590788
,lenta,x,19,61,0.0497793887643709,0.001173636408648,1.067595964803337,0.0053668733734327
,lenta,x_log,19,61,0.0584058522589439,0.0012412154810528,1.0608688219763336,0.0053497749434834
,lenta,r,19,61,0.0981195207472014,0.000988118298788,1.0820646074720182,0.0077474502107166
,lenta,r_log,19,61,0.0710157073905848,0.0009707418038881,1.0530441094873728,0.0062223573946876
,lenta,dr_diff,19,61,0.0417522423780116,0.0012393904995997,2.7215378583392926,0.1582378436879353
,lenta,s,20,62,0.0097227221281326,0.0003696399976749,1.067141714383286,0.0063011321905785
,lenta,t,20,62,0.0102215010829342,0.0006110946621317,1.1695238981838072,0.0121270742288952
,lenta,q,20,62,0.0598471551895705,-0.0022068001133703,1.1432648927483002,0.0112452189374531
,lenta,q_simple,20,62,-0.0484155940328294,0.0054062584889827,1.2441010115681337,0.0226429615403136
,lenta,drt_log,20,62,-0.0057831762498097,0.0030289854710832,1.3649735853852456,0.0430537946237222
,lenta,drs_log,20,62,-0.0117841976534009,0.0034307847757243,1.3079548662977354,0.0374449164564002
,lenta,drq_log,20,62,0.0209638632870461,0.0024038790060736,1.326724578158451,0.0414185970978392
,lenta,drt_direct,20,62,0.0214720852367988,0.0016762357976543,2.114023000311933,0.1071876247277143
,lenta,drs_direct,20,62,0.0471680370675964,0.0017456648183813,1.994775785385795,0.0951722860226494
,lenta,drq_direct,20,62,-0.0442541693846672,0.0010504170779389,2.20650437549964,0.1044102727466529
,lenta,drq_simple_log,20,62,0.0090114083918853,0.006442098474316,1.219242092921087,0.018620703048219
,lenta,drq_simple_direct,20,62,0.0060171764151844,0.0079304268277085,1.876618050375696,0.1180606710043868
,lenta,x,20,62,-0.0205418307132041,0.0007826996571449,1.098304282864632,0.0091456783200461
,lenta,x_log,20,62,0.0375392893470232,0.0012656640745669,1.0921601457063124,0.0060900417178097
,lenta,r,20,62,0.051709104878417,0.0018679913375743,1.0703622274861493,0.0092124653822832
,lenta,r_log,20,62,0.044581522568905,0.001130981582948,1.065654128895262,0.0057740175319034
,lenta,dr_diff,20,62,0.0638171676712791,0.0020539926544426,2.648118454129288,0.1578277900877235
,lenta,s,21,63,0.017444041460519,0.0007179122707513,1.0442175752580478,0.0052184035120011
,lenta,t,21,63,0.0080926351341457,-6.362330300177087e-05,1.1645553035072431,0.0136425450115407
,lenta,q,21,63,0.0973527804027329,-0.0007791800564597,1.1221170694554436,0.0111308855908431
,lenta,q_simple,21,63,-0.0117000911133096,0.0060796041565645,1.2454969431148164,0.0218993989118099
,lenta,drt_log,21,63,0.0309650981529712,0.0033856439541455,1.342538516824202,0.0431215867864875
,lenta,drs_log,21,63,0.0153708362257374,0.0036112744963954,1.3099851623889631,0.0382599423510389
,lenta,drq_log,21,63,0.0149214187037505,0.0021623483693262,1.338519364985561,0.0409946105404606
,lenta,drt_direct,21,63,0.0318940498631032,0.0010117851328067,2.1115669168415665,0.105864441604477
,lenta,drs_direct,21,63,0.0266986153533723,0.0010467805761989,1.975075675005719,0.0939142792782851
,lenta,drq_direct,21,63,0.0001302387213271,0.0005359901087766,2.1684824076384643,0.1035880956577627
,lenta,drq_simple_log,21,63,-0.043219940566612,0.0038189986776141,1.3017281729700123,0.0242877698555034
,lenta,drq_simple_direct,21,63,-0.032319668682117,0.0066466930136667,1.9104222307343963,0.1192517013426258
,lenta,x,21,63,0.0345466928838837,0.000637567297982,1.0827216348328303,0.006560814431085
,lenta,x_log,21,63,0.0611874508712861,0.0017358761034953,1.0668875200138472,0.0071119031510233
,lenta,r,21,63,0.0432881903933131,2.58084475648554e-06,1.0649343017799957,0.0092284197831249
,lenta,r_log,21,63,0.0607659840183363,0.0024013201215895,1.047609706187622,0.0054468663517693
,lenta,dr_diff,21,63,0.0465196855427223,0.0012332599430686,2.6310518578673423,0.1572175580557704
,lenta,s,22,64,0.0201334759284055,0.0011886237242582,1.0348530181301914,0.0036358147054065
,lenta,t,22,64,0.0184124586275629,0.0001327129624011,1.1656358628605468,0.0124068302180546
,lenta,q,22,64,0.1025243915244125,-0.0019820897080461,1.140779680393671,0.0085028730560177
,lenta,q_simple,22,64,-0.0074990025236623,0.0064360083890706,1.2315592544216885,0.0227025561865269
,lenta,drt_log,22,64,-0.0131513824031497,0.0021642733180597,1.3649184051059025,0.0443531129311411
,lenta,drs_log,22,64,-0.0299065045153474,0.001986648867902,1.329882372455586,0.0396814280822876
,lenta,drq_log,22,64,-0.0173970309932864,0.0007792778318141,1.365940800530422,0.0437736910972945
,lenta,drt_direct,22,64,0.0742449800682893,0.001330601484169,2.159283365134167,0.1071119546992531
,lenta,drs_direct,22,64,0.0114560372087608,0.0011267139589947,2.0513973865163817,0.0949334701860678
,lenta,drq_direct,22,64,-0.0457828746911872,0.0005647025240174,2.2295314116992384,0.1040313462245059
,lenta,drq_simple_log,22,64,-0.0210015496740105,0.0056832745566161,1.265835153707594,0.0202975656572911
,lenta,drq_simple_direct,22,64,0.0034998231214122,0.0071300337553113,1.9009352872643783,0.1198617445923168
,lenta,x,22,64,0.0123134816734118,-0.0003027176152375,1.0873253731873185,0.0095127880302165
,lenta,x_log,22,64,0.0724492953035236,0.0005947510098175,1.0913960467714114,0.0089587804435161
,lenta,r,22,64,-0.0023099711026928,-0.0002293296047315,1.1065734245903962,0.0102006108365744
,lenta,r_log,22,64,0.0603731359584893,0.000621277145569,1.064686578493867,0.0066332808435676
,lenta,dr_diff,22,64,0.0420513705383318,0.0014631651632803,2.6916869126238825,0.1577083449462023
,lenta,s,23,65,0.045644692043836,0.0009887724793154,1.0261761293599263,0.0046345056777088
,lenta,t,23,65,0.0313943807583527,0.0009965166687804,1.1615596502786778,0.0138285855542315
,lenta,q,23,65,0.1417034348797372,-0.0005693325962836,1.1342972902600512,0.0064227003315998
,lenta,q_simple,23,65,0.0340711444074486,0.0068815374879147,1.267399009862807,0.0246442852127495
,lenta,drt_log,23,65,0.0189279208492632,0.0038510150370497,1.4001954335636615,0.0462619417738655
,lenta,drs_log,23,65,0.0037076044776076,0.0042515752286003,1.3370196756236656,0.0403257198164084
,lenta,drq_log,23,65,0.002277665955052,0.002220979587384,1.3742082814802636,0.0447256119448461
,lenta,drt_direct,23,65,0.0458476515092216,0.0014643586347216,2.19457060354684,0.1104251194668397
,lenta,drs_direct,23,65,0.0616008058160397,0.001332358980877,2.074447149187694,0.097578924944545
,lenta,drq_direct,23,65,-0.0170349744918705,0.0008736737529488,2.266985023659242,0.1070102397637726
,lenta,drq_simple_log,23,65,0.0282261783360859,0.0069881039319718,1.258051595761491,0.0226145854597567
,lenta,drq_simple_direct,23,65,0.0134183368896012,0.007139068011423,1.9597823033579955,0.1226733509878077
,lenta,x,23,65,0.0442204891184672,0.0023104294098397,1.06915787408081,0.0078021357498929
,lenta,x_log,23,65,-0.0076961498796794,0.0008275065192688,1.0890398374329673,0.0093402352831279
,lenta,r,23,65,0.0470537031730531,0.0009846122060586,1.0893776938760773,0.0088443345227408
,lenta,r_log,23,65,-0.0020940503659068,0.00102883461536,1.0868510119885768,0.007075913206491
,lenta,dr_diff,23,65,0.0152137770683082,0.0015478592245717,2.72124043939827,0.1603735234671736
,lenta,s,24,66,-0.0058110025864299,0.0011023807043059,1.0549687286374467,0.0031056254219163
,lenta,t,24,66,0.0043881201497388,0.0012621646430895,1.170557942747523,0.0133765632134486
,lenta,q,24,66,0.0913097258076982,-0.0005203559600382,1.132215805082878,0.01014747432762
,lenta,q_simple,24,66,0.0108249982444508,0.0066594839483063,1.2356784319360676,0.0216458369853984
,lenta,drt_log,24,66,0.0131965294106675,0.003177558646103,1.3606683980781835,0.043806241903929
,lenta,drs_log,24,66,0.0108084340077319,0.0042535161632325,1.3060111303769837,0.0377096445458297
,lenta,drq_log,24,66,0.0082132251511233,0.002375325522278,1.3500101414062269,0.0420887090670333
,lenta,drt_direct,24,66,0.0366423521219883,0.0016712173196456,2.144735528587705,0.1065985320161904
,lenta,drs_direct,24,66,-0.0159665960221204,0.0015306112550032,2.0577225053955823,0.0950553894365501
,lenta,drq_direct,24,66,-0.0310619348550165,0.0011420538767719,2.2089986658471505,0.1042090487048592
,lenta,drq_simple_log,24,66,-0.0150199018900458,0.0051832045663727,1.2766259329486025,0.021404405652506
,lenta,drq_simple_direct,24,66,0.0081725647823065,0.0071800599714062,1.902768509321168,0.1184822714300432
,lenta,x,24,66,0.0469576058454692,0.0006371245502601,1.0905162583736336,0.0070295923532088
,lenta,x_log,24,66,0.0166360695571574,0.0012788138324135,1.0866294423097247,0.0079671292458816
,lenta,r,24,66,0.0118442805402696,0.0007374167327062,1.1018572487506968,0.0091446617024709
,lenta,r_log,24,66,0.0330722923904307,0.0011932070904051,1.0786430869666714,0.0059868642167145
,lenta,dr_diff,24,66,0.0669354954739773,0.0020054475863758,2.650096685778907,0.1580019117629484
,hillstrom_visit,s,25,67,0.2090827017402634,0.0041311633978052,1.223079890925716,0.024148935002704
,hillstrom_visit,t,25,67,0.2374220964886224,0.0026094137187454,1.5072908900694355,0.0280323145750581
,hillstrom_visit,q,25,67,0.1506865748104526,0.0006571466878387,1.4591040076121542,0.0481216301332024
,hillstrom_visit,q_simple,25,67,0.2353078260064238,0.0016438400102934,1.5341800749819623,0.0473196769444061
,hillstrom_visit,drt_log,25,67,0.062981563974555,0.0003048800423506,1.980303260181669,0.1245244208388566
,hillstrom_visit,drs_log,25,67,0.0767918258270672,0.0001631360236806,1.8219054202486764,0.1010463738058468
,hillstrom_visit,drq_log,25,67,0.1219714436709635,-0.001169333114485,2.0511788420239343,0.1282984308313935
,hillstrom_visit,drt_direct,25,67,0.1775698514518917,0.0016859408407796,2.758680823730772,0.2443563674850905
,hillstrom_visit,drs_direct,25,67,0.2390925270033874,0.0026981714010805,2.311375823873456,0.1916786182631009
,hillstrom_visit,drq_direct,25,67,0.1801435796587163,0.001686650305787,2.770295754457057,0.2515384729730622
,hillstrom_visit,drq_simple_log,25,67,0.266301099706244,0.0011954795302863,1.6948910892877644,0.0461935313605064
,hillstrom_visit,drq_simple_direct,25,67,0.3083887421746587,0.0020776810525989,2.18715400649324,0.1672757982795127
,hillstrom_visit,x,25,67,0.2854570622604622,0.0029129827471624,1.3973470240993466,0.0151787516565626
,hillstrom_visit,x_log,25,67,0.2244853489921277,0.0003126934336368,1.3554927560019734,0.0276205157181626
,hillstrom_visit,r,25,67,0.2292555756772549,0.0023318164620541,1.408392016345555,0.0241056271342558
,hillstrom_visit,r_log,25,67,0.1971973353569227,0.0010383544531283,1.3474316703580411,0.0337877337236428
,hillstrom_visit,dr_diff,25,67,0.1835996940220825,0.0033543115599311,2.478902047165485,0.1937571942503352
,hillstrom_visit,s,26,68,0.3031062434673055,0.0044589634362599,1.3151061826379191,0.0196582912932994
,hillstrom_visit,t,26,68,0.1212466397729801,0.0042990422392917,1.562393069759043,0.0301411858348885
,hillstrom_visit,q,26,68,0.0711297039549219,0.0009999661529841,1.595044781307648,0.0537654876723762
,hillstrom_visit,q_simple,26,68,0.0711235023768439,0.0010873053480749,1.6218000448058116,0.061397712838217
,hillstrom_visit,drt_log,26,68,0.1593641155773233,0.0011978476114594,2.1700917705346088,0.1288662477174
,hillstrom_visit,drs_log,26,68,0.1964902937698018,0.0030333135793296,1.8682119345548305,0.1049840953478398
,hillstrom_visit,drq_log,26,68,0.2257252521880417,0.0021219742348714,2.0777583314887904,0.1284517078545971
,hillstrom_visit,drt_direct,26,68,0.0997557641528712,0.0037617375459777,3.051266516016768,0.2587204822521102
,hillstrom_visit,drs_direct,26,68,0.2087510753119672,0.0044984138819708,2.547962817753866,0.2028675733442194
,hillstrom_visit,drq_direct,26,68,0.1443338378799776,0.004155901773812,3.01004883833547,0.2602210084009853
,hillstrom_visit,drq_simple_log,26,68,0.2293578896083383,-6.603669742970275e-06,1.7219549844407034,0.0578771387667257
,hillstrom_visit,drq_simple_direct,26,68,0.1795492328438532,0.0033229646729523,2.4407421399925515,0.1840128381748588
,hillstrom_visit,x,26,68,0.2112462191856814,0.0048900224528163,1.4158209146142775,0.0174456912478336
,hillstrom_visit,x_log,26,68,0.1352906558153361,0.0039312605904855,1.3801302201009666,0.0267296778185319
,hillstrom_visit,r,26,68,0.1609693424658065,0.0041494094025267,1.454379751159441,0.0213112761005792
,hillstrom_visit,r_log,26,68,0.1512458228386732,0.0036687951620347,1.401092979034562,0.0307957408084289
,hillstrom_visit,dr_diff,26,68,0.1222512627973642,0.0057405242835176,2.6658660189766707,0.202744894261969
,hillstrom_visit,s,27,69,0.4652129834761551,0.0017654811912794,1.2075733123641412,0.0292226865831994
,hillstrom_visit,t,27,69,0.3143603204273979,0.0002823452158699,1.5217795022143443,0.0343888782818281
,hillstrom_visit,q,27,69,0.2777516912051836,0.0004748825878847,1.4660739084271908,0.0427613442721659
,hillstrom_visit,q_simple,27,69,0.2676159605579182,0.001279103222218,1.4510234250220069,0.0485555411682824
,hillstrom_visit,drt_log,27,69,0.3917841504570207,-0.0015082602466204,1.933091611515772,0.1258632427843891
,hillstrom_visit,drs_log,27,69,0.499936040350357,-0.000443905374717,1.7637626161310798,0.1074585268927255
,hillstrom_visit,drq_log,27,69,0.451065062439022,-0.0005531535566459,1.9129744931478605,0.1292716317437581
,hillstrom_visit,drt_direct,27,69,0.3888407970151732,0.002378364765565,2.5568108789498987,0.2388568520621015
,hillstrom_visit,drs_direct,27,69,0.5165551290632908,0.0020935021258364,2.18855663578261,0.1886924773698565
,hillstrom_visit,drq_direct,27,69,0.3946783733898302,0.0023290267251904,2.6224543297192726,0.2482022315073001
,hillstrom_visit,drq_simple_log,27,69,0.2775197951597545,-0.0021312086267315,1.726489432233387,0.0557767418165343
,hillstrom_visit,drq_simple_direct,27,69,0.363126577287822,0.0007868323704271,2.141167816317336,0.1661769577709467
,hillstrom_visit,x,27,69,0.8224020051807932,-0.0003164246075786,1.3824681051069398,0.0221220747832217
,hillstrom_visit,x_log,27,69,0.4517780784150684,-0.0002771935295072,1.2873473004288367,0.0296214786983406
,hillstrom_visit,r,27,69,0.829168871025652,0.000879277357203,1.4212932026632898,0.0271119611387541
,hillstrom_visit,r_log,27,69,0.4386324863961348,-0.0010612515424865,1.2989077517887528,0.036351917809806
,hillstrom_visit,dr_diff,27,69,0.369810861604672,0.0032492572516137,2.357387250936631,0.1928903389520946
,hillstrom_visit,s,28,70,0.7203972195873403,0.0041220746007325,1.2145465114207752,0.0186317776466118
,hillstrom_visit,t,28,70,0.3335489693445552,0.0041981542624923,1.410326076803652,0.0240406928704206
,hillstrom_visit,q,28,70,0.3149148243800446,0.000285770131501,1.5781420833814566,0.0484914949789916
,hillstrom_visit,q_simple,28,70,0.2413626391900518,0.0005165334927164,1.5997257685550377,0.0466689293886351
,hillstrom_visit,drt_log,28,70,0.400162022321759,-0.001107175613506,1.998133070721496,0.1214755995100202
,hillstrom_visit,drs_log,28,70,0.4779603280063498,0.0003071749749751,1.7808019724337896,0.1036684340427307
,hillstrom_visit,drq_log,28,70,0.2873966120565714,-0.0020439374243796,2.022816289668005,0.1258935529560453
,hillstrom_visit,drt_direct,28,70,0.5467814580857799,0.0039632225995087,2.758997559092608,0.2481283714117788
,hillstrom_visit,drs_direct,28,70,0.546680578576251,0.0033004685294948,2.3127152353517704,0.1932505241387375
,hillstrom_visit,drq_direct,28,70,0.4375210461235002,0.0031319220488897,2.765807221545173,0.2513883641018011
,hillstrom_visit,drq_simple_log,28,70,0.3567260853969978,0.0014745688643215,1.59568235493444,0.0400632860794238
,hillstrom_visit,drq_simple_direct,28,70,0.3271181149257123,0.0033320564495014,2.2423618932565064,0.1718733303152007
,hillstrom_visit,x,28,70,0.3822128603005428,0.001917735731472,1.4125593626225623,0.0232478760443857
,hillstrom_visit,x_log,28,70,0.4323451096721193,0.0037727359706867,1.286505773269539,0.0157999158088012
,hillstrom_visit,r,28,70,0.3021265385497989,0.0013613264234146,1.400226684322656,0.0260762882255193
,hillstrom_visit,r_log,28,70,0.5325284254988347,0.0033940346279111,1.3011525861957125,0.0232874770924608
,hillstrom_visit,dr_diff,28,70,0.3046021667597582,0.0022055551232063,2.4506908217654497,0.1936276334193503
,hillstrom_visit,s,29,71,0.1288028580593101,0.0020690438511777,1.348435361525832,0.0236443743434124
,hillstrom_visit,t,29,71,0.1618871852703938,0.0011117613518571,1.5391993874453893,0.0357432118918896
,hillstrom_visit,q,29,71,-0.0119940154920443,-0.0012390873272962,1.579978759396442,0.0527665692447969
,hillstrom_visit,q_simple,29,71,0.0164918873886703,0.0001265533461884,1.587869431246572,0.0567745461128865
,hillstrom_visit,drt_log,29,71,0.0944920719512132,0.000653358877406,1.8379687938132032,0.1158057535943261
,hillstrom_visit,drs_log,29,71,0.0337218952203191,-0.0009147941948283,1.7135406030837146,0.0973676096303612
,hillstrom_visit,drq_log,29,71,-0.0065909726623383,-0.0005997584093082,1.84592381079332,0.1175652730684107
,hillstrom_visit,drt_direct,29,71,0.3619810513834638,0.0042173986078545,2.5302576495650886,0.2351916596123413
,hillstrom_visit,drs_direct,29,71,0.2678386100377423,0.0042369419576623,2.086097562311008,0.1794326108897229
,hillstrom_visit,drq_direct,29,71,0.0129332763941081,0.0022568643701297,2.5129216825685785,0.2362046580393454
,hillstrom_visit,drq_simple_log,29,71,0.0347630265015452,-0.0016917024301872,1.7573524374428198,0.0552182837224102
,hillstrom_visit,drq_simple_direct,29,71,0.1003084906449527,0.0032021915554227,2.025673801053017,0.1586875958284797
,hillstrom_visit,x,29,71,0.2028769802551551,0.0004390784219098,1.4743972428372936,0.0298712923702477
,hillstrom_visit,x_log,29,71,0.2104560170373117,0.0014104179854349,1.3704819314935193,0.025375533086128
,hillstrom_visit,r,29,71,0.1736328263923194,0.0018385496440602,1.5278763603552377,0.0257606631340302
,hillstrom_visit,r_log,29,71,0.3125062018909914,-0.0002173247112052,1.3575264434575764,0.0331171570161669
,hillstrom_visit,dr_diff,29,71,0.2313750453015635,0.0045855754642879,2.259175126173618,0.1849582402478434
,hillstrom_visit,s,30,72,0.2108642180247706,0.0002554754596105,1.288505252682176,0.0312209442893158
,hillstrom_visit,t,30,72,0.4839109045176983,0.0012752283647263,1.5218062993127344,0.0437067610345639
,hillstrom_visit,q,30,72,0.250683770032416,0.0015822046230402,1.5002119150291473,0.0481194578409791
,hillstrom_visit,q_simple,30,72,0.2176749001685394,0.0018952157849298,1.5541898089557802,0.0472827686676234
,hillstrom_visit,drt_log,30,72,0.2423203792832173,0.000607369461721,1.9825916713254448,0.1255002394684874
,hillstrom_visit,drs_log,30,72,0.1791537100136773,4.779462200553419e-05,1.7942728253979885,0.1022432812066179
,hillstrom_visit,drq_log,30,72,0.3322963023057217,0.0023408352461038,1.9326418602644904,0.1295471111150534
,hillstrom_visit,drt_direct,30,72,0.5504770838318609,0.0010072571332657,2.784625950903985,0.2455795264450606
,hillstrom_visit,drs_direct,30,72,0.3363928626602026,2.662895020881517e-05,2.3305652910561383,0.1932174625044646
,hillstrom_visit,drq_direct,30,72,0.3938220882705496,0.0010798137569001,2.770318622719063,0.2471300695881018
,hillstrom_visit,drq_simple_log,30,72,0.3264950590936388,0.0015789171661627,1.5841869151854575,0.0445100472123213
,hillstrom_visit,drq_simple_direct,30,72,0.3123027593057523,-0.0001600033286833,2.2576843485225195,0.1686994209921778
,hillstrom_visit,x,30,72,0.6503512106119422,0.0015406501779397,1.4725056935985796,0.0307339260741581
,hillstrom_visit,x_log,30,72,0.7220612119735428,0.0009187390771713,1.311233503625816,0.0301338562704436
,hillstrom_visit,r,30,72,0.4493109524393635,0.0015620830566386,1.4781924807902738,0.0294026909163611
,hillstrom_visit,r_log,30,72,0.5964726883206457,0.0012084380773502,1.32199948119984,0.032730356434898
,hillstrom_visit,dr_diff,30,72,0.4901748516449995,0.0015125344698764,2.5032632242122643,0.1925088079843908
,hillstrom_visit,s,31,73,0.3570468758458112,0.0045538634484886,1.22616139019973,0.0244879193716841
,hillstrom_visit,t,31,73,0.2891195289941572,0.0039909289385451,1.4174563490631584,0.0299319159652979
,hillstrom_visit,q,31,73,0.0968892785709185,-0.001314233045664,1.5479165273879176,0.0491471498022271
,hillstrom_visit,q_simple,31,73,0.066272695617388,-0.0015310981696639,1.5891142357264323,0.0545778467197911
,hillstrom_visit,drt_log,31,73,0.2048348550637921,0.0017616450206489,1.853473002651175,0.1241860015868439
,hillstrom_visit,drs_log,31,73,0.205935530595656,0.0011021277594684,1.7409238954234094,0.104778601323873
,hillstrom_visit,drq_log,31,73,0.2608167719160561,0.0007466685561246,1.901519512959908,0.1240246067853207
,hillstrom_visit,drt_direct,31,73,0.224764850555593,0.0018191349894584,2.695941168341113,0.2518599293949362
,hillstrom_visit,drs_direct,31,73,0.26029854979645,0.002548820052928,2.2918756201854937,0.1968499821986614
,hillstrom_visit,drq_direct,31,73,0.2398399085796183,0.0015690288082531,2.689502181039249,0.2546114449267779
,hillstrom_visit,drq_simple_log,31,73,-0.0203465602813146,-0.0041455048450617,1.7654050126919218,0.0627014939990964
,hillstrom_visit,drq_simple_direct,31,73,0.1432555039013208,0.0005801760978467,2.1884686577467463,0.1691941533439379
,hillstrom_visit,x,31,73,0.2927751988137994,0.001793611232453,1.38183930233979,0.0248233613089173
,hillstrom_visit,x_log,31,73,0.288568831147443,0.0022868072376989,1.3122847465695888,0.0269360521783328
,hillstrom_visit,r,31,73,0.3455860796996399,0.0031819245845143,1.4255101781750734,0.029052121131842
,hillstrom_visit,r_log,31,73,0.2327450612916217,0.0005892704464266,1.4207865123732524,0.0360658311250241
,hillstrom_visit,dr_diff,31,73,0.3337616566858099,0.0046801434603202,2.374248165935533,0.1979875227896532
,hillstrom_visit,s,32,74,0.418152971088515,0.0026069662140562,1.2238461766987552,0.023843541828858
,hillstrom_visit,t,32,74,0.364514258892074,0.0001012738723919,1.500030494405048,0.0381546599978817
,hillstrom_visit,q,32,74,0.3118444252413515,0.0005129265297448,1.494002822498504,0.04566768080319
,hillstrom_visit,q_simple,32,74,0.2379523121946485,0.0001209144877006,1.5343940022294509,0.0529062939135911
,hillstrom_visit,drt_log,32,74,0.2510995983148003,0.0030276792597239,1.957441970417628,0.1200448987482147
,hillstrom_visit,drs_log,32,74,0.2445779929658551,0.0014358929579756,1.7924210437486248,0.1022577132747463
,hillstrom_visit,drq_log,32,74,0.1938572020791333,0.0016295121583506,1.981841314463548,0.1272023063108012
,hillstrom_visit,drt_direct,32,74,0.4910146393546553,0.0032424104994852,2.788718302688926,0.2479732146757346
,hillstrom_visit,drs_direct,32,74,0.4516294530196785,0.0031298794833158,2.430409983078952,0.1978782550738521
,hillstrom_visit,drq_direct,32,74,0.4754499019237761,0.0023526292997019,2.8402193448598023,0.2543990804659456
,hillstrom_visit,drq_simple_log,32,74,0.3294974035549678,0.0025737009873611,1.5011120804502007,0.0417542970536452
,hillstrom_visit,drq_simple_direct,32,74,0.3979791575508429,0.0029721663565119,2.292422802207921,0.1699991852059127
,hillstrom_visit,x,32,74,0.4455291535907757,0.003109789263005,1.3987108611722805,0.0245412633091287
,hillstrom_visit,x_log,32,74,0.4380394966922316,0.0025698720005039,1.3427712789781414,0.0285500909199707
,hillstrom_visit,r,32,74,0.4505923833401519,0.0050896483865714,1.3844186760643145,0.0218423364052535
,hillstrom_visit,r_log,32,74,0.4560486879577348,0.0028186284460446,1.243961641684899,0.026144385029631
,hillstrom_visit,dr_diff,32,74,0.3842888537567244,0.0040650088969978,2.5508606809679484,0.1955874898152904
,hillstrom_visit,s,33,75,0.3876865655670103,0.0028393161192402,1.2037019576101515,0.0280302140368569
,hillstrom_visit,t,33,75,0.1844645505714448,-0.0007872997565732,1.5958166265629743,0.0427906447855021
,hillstrom_visit,q,33,75,0.1251954557904886,0.0020038381354795,1.5157663518207531,0.049542304346451
,hillstrom_visit,q_simple,33,75,0.1426441460149192,0.0017671998115404,1.5622128509352884,0.0515829212837777
,hillstrom_visit,drt_log,33,75,0.3123180555896707,0.0044293419055078,1.9983469978483923,0.1315183761438136
,hillstrom_visit,drs_log,33,75,0.3847482900111065,0.0036597995668863,1.872891378548324,0.1079124140115552
,hillstrom_visit,drq_log,33,75,0.2481892718350411,0.0025920220547762,2.034959700644586,0.1363992091187826
,hillstrom_visit,drt_direct,33,75,0.3589552207125359,0.0044148050187664,2.970588440694621,0.2602659200151754
,hillstrom_visit,drs_direct,33,75,0.371493988038954,0.005180031091973,2.409272025967793,0.2049229033473331
,hillstrom_visit,drq_direct,33,75,0.2542957161888346,0.0037960774970495,2.9581567289774124,0.2676627070171078
,hillstrom_visit,drq_simple_log,33,75,0.3747378478816379,0.0020001010288394,1.6288223746993078,0.0462620656694396
,hillstrom_visit,drq_simple_direct,33,75,0.2349866942317307,0.0029978036964571,2.416613326545692,0.184724529859351
,hillstrom_visit,x,33,75,0.2694737058712015,0.00152402603729,1.4348288966861429,0.024969691131868
,hillstrom_visit,x_log,33,75,0.2958692264160423,0.0012787902498369,1.376617699950647,0.0366982241440575
,hillstrom_visit,r,33,75,0.2606467616367449,0.0026539565477304,1.4652666616473256,0.0296753490701081
,hillstrom_visit,r_log,33,75,0.3914786164729651,0.0026386079647935,1.3457486724063277,0.0371519649602432
,hillstrom_visit,dr_diff,33,75,0.2333066499993648,0.0037211680118573,2.619164027571408,0.2049803767781944
,hillstrom_visit,s,34,76,0.3398336344095825,0.0025064471152963,1.1851380219690468,0.0225436342610651
,hillstrom_visit,t,34,76,0.2201048265344796,0.0027981004651828,1.4204984527476627,0.0290091470908902
,hillstrom_visit,q,34,76,0.1732992678203904,-0.000332958268879,1.5549633140805872,0.0496025819964273
,hillstrom_visit,q_simple,34,76,0.1629406719722945,-0.0001599571416555,1.6088104820593117,0.0533764287199196
,hillstrom_visit,drt_log,34,76,0.2447346068576743,0.0002293913720713,1.8750176601079744,0.1180415663498866
,hillstrom_visit,drs_log,34,76,0.2141827535155422,0.0005414935640908,1.7406379518195727,0.097641588240529
,hillstrom_visit,drq_log,34,76,0.1799154998653498,0.000104654007217,1.9034474321459784,0.1252181347662465
,hillstrom_visit,drt_direct,34,76,0.2349951433743653,9.973595783048515e-05,2.724357248907669,0.2456246866105531
,hillstrom_visit,drs_direct,34,76,0.2493067600077849,-0.0001904766788396,2.314217745229504,0.1918858785555752
,hillstrom_visit,drq_direct,34,76,0.3579672772332238,0.0007594596563998,2.698919003894659,0.2489952852089009
,hillstrom_visit,drq_simple_log,34,76,0.171525420214744,-0.0027616019893776,1.6830309690468308,0.0580196389574607
,hillstrom_visit,drq_simple_direct,34,76,0.2144946118516935,-0.0001955593166071,2.236323144186166,0.1734647881435926
,hillstrom_visit,x,34,76,0.2588307476344686,0.0009353154878396,1.4054205830739908,0.0270599103113266
,hillstrom_visit,x_log,34,76,0.4293327445788388,0.0015190726207416,1.2743077165386505,0.0261710468872007
,hillstrom_visit,r,34,76,0.2354458343403671,0.0019923024165912,1.4143716814949412,0.0283545056701342
,hillstrom_visit,r_log,34,76,0.2212998091849845,0.0012151798858377,1.330015506782269,0.0325654297541798
,hillstrom_visit,dr_diff,34,76,0.2659636750041632,0.001603293995867,2.4322531581549534,0.1944253990866234
,hillstrom_visit,s,35,77,0.4945809927784226,0.0046766123977714,1.2045142171665602,0.0165600856647871
,hillstrom_visit,t,35,77,0.3738614507759159,0.0049211727666338,1.428111830147493,0.0221316427345633
,hillstrom_visit,q,35,77,0.1876894663102934,0.0013618868949573,1.4836547257169006,0.050597133140818
,hillstrom_visit,q_simple,35,77,0.1468083836594129,0.00219662997383,1.5009133152882697,0.0509798249865227
,hillstrom_visit,drt_log,35,77,0.3097034456542573,0.0031238140396576,1.8412332587870897,0.1058355438492367
,hillstrom_visit,drs_log,35,77,0.5334184204060111,0.0021468282997272,1.702494253249844,0.0919727717081649
,hillstrom_visit,drq_log,35,77,0.2731189460346308,0.0047553288793131,1.7780278355312766,0.1082666204182641
,hillstrom_visit,drt_direct,35,77,0.345084895067951,0.0034516602558554,2.703348252556804,0.239327085068572
,hillstrom_visit,drs_direct,35,77,0.2657871969392729,0.0035940844314334,2.265712086067821,0.1834608685911168
,hillstrom_visit,drq_direct,35,77,0.2590118994436348,0.0030822908877127,2.6726281539044616,0.2390592034462594
,hillstrom_visit,drq_simple_log,35,77,0.1312320198195786,0.0001618857233834,1.704020165137066,0.0618281893229681
,hillstrom_visit,drq_simple_direct,35,77,0.3831525460653724,0.0042571106906108,2.1720107168079537,0.16243597244961
,hillstrom_visit,x,35,77,0.3896560774899851,0.0027035657829845,1.383457580585384,0.0251955407681416
,hillstrom_visit,x_log,35,77,0.3343971995555277,0.003208321854718,1.2715133397400806,0.0281625290250773
,hillstrom_visit,r,35,77,0.473093532779834,0.0017838685597384,1.4611904599112682,0.0278722777524674
,hillstrom_visit,r_log,35,77,0.2307999147182065,0.0025153031908554,1.3100167968999012,0.0289246580792616
,hillstrom_visit,dr_diff,35,77,0.4779260828631346,0.0048133101701253,2.3876782585141774,0.1873070935036248
,hillstrom_visit,s,36,78,0.81454715724594,0.0052099387794395,1.1531178015211727,0.0178380030559487
,hillstrom_visit,t,36,78,0.4548494674035268,0.005323016881881,1.3440334339860602,0.0285092525829155
,hillstrom_visit,q,36,78,0.5179062405942902,0.0045879498703592,1.357322876370945,0.0410630473995164
,hillstrom_visit,q_simple,36,78,0.4869893313162055,0.0026768339012816,1.4274654619846348,0.0483630094577005
,hillstrom_visit,drt_log,36,78,0.6629352245178928,0.0037892940599255,1.7495940099341118,0.1144954386484407
,hillstrom_visit,drs_log,36,78,0.7020130310920978,0.0033281620798531,1.5887096335110518,0.0971547981825383
,hillstrom_visit,drq_log,36,78,0.6030935114653406,0.0041733781951222,1.7266766350667464,0.1158243590177149
,hillstrom_visit,drt_direct,36,78,0.9285638227738606,0.0006530775110354,2.5138041030364,0.2375542557980826
,hillstrom_visit,drs_direct,36,78,0.6916017472521485,0.0012855160771001,2.1753889816247374,0.188180068521294
,hillstrom_visit,drq_direct,36,78,0.6353418101071568,0.0012825209012766,2.5841859187654737,0.2440119881655543
,hillstrom_visit,drq_simple_log,36,78,0.4438668736112467,0.0007046304977593,1.5302568267676029,0.0501808138074183
,hillstrom_visit,drq_simple_direct,36,78,0.4376251944943785,-0.0004000270880019,2.130292870508624,0.1641667094568172
,hillstrom_visit,x,36,78,0.5082807922670596,0.0063052808929908,1.261208157718273,0.0161743013657604
,hillstrom_visit,x_log,36,78,0.564739923511997,0.0027466434723775,1.2189853421424677,0.0284325891027189
,hillstrom_visit,r,36,78,0.7095962104281535,0.007293982595501,1.3055865048955122,0.0171886975056292
,hillstrom_visit,r_log,36,78,0.5223142333858144,0.0028108804213742,1.212092906441364,0.0244295333724952
,hillstrom_visit,dr_diff,36,78,0.5515589034073587,0.0012254559804229,2.326568144486369,0.1916004353685708
,hillstrom_visit,s,37,79,0.4685555709117108,0.0034287398258113,1.2490165719437265,0.023090677595836
,hillstrom_visit,t,37,79,0.2848335677904627,0.003152197924703,1.4839351170208137,0.0293891797559553
,hillstrom_visit,q,37,79,0.1940203424590449,0.0006622974820644,1.5429559901080043,0.0494420553586789
,hillstrom_visit,q_simple,37,79,0.1525911652192939,0.0018275044464046,1.535209387049065,0.0431687774804567
,hillstrom_visit,drt_log,37,79,0.1753602220231269,0.0018894818344315,1.975812947797096,0.1210006840796627
,hillstrom_visit,drs_log,37,79,0.238701181156782,0.0015601040494428,1.817887991274844,0.1021419564478447
,hillstrom_visit,drq_log,37,79,0.1387719172809685,0.0006476253903845,1.9215198852187017,0.1171706903638434
,hillstrom_visit,drt_direct,37,79,0.4317584793900508,0.003882984097576,2.68131667435587,0.2408452582276466
,hillstrom_visit,drs_direct,37,79,0.3871056359348965,0.0046346369166354,2.272202010082454,0.1887453593271673
,hillstrom_visit,drq_direct,37,79,0.2463366194520124,0.0035320720107227,2.690556395059731,0.244385315443902
,hillstrom_visit,drq_simple_log,37,79,0.0770644362461554,0.0021392349500307,1.7118057017892665,0.0511885210635437
,hillstrom_visit,drq_simple_direct,37,79,0.197623136363876,0.003891343424609,2.171239155964568,0.1635039608856402
,hillstrom_visit,x,37,79,0.2477290621641767,0.002649508323583,1.4120935143932054,0.0271791618498969
,hillstrom_visit,x_log,37,79,0.4135664855874366,0.0030265395157684,1.351685209249241,0.0233722008468235
,hillstrom_visit,r,37,79,0.3588569510433721,0.0023092556174154,1.4053052565084994,0.0262096539188495
,hillstrom_visit,r_log,37,79,0.395923064002224,0.003133875181332,1.3147832793766752,0.0305835058007632
,hillstrom_visit,dr_diff,37,79,0.3104882627610006,0.0054541601994773,2.3972515760574984,0.1917501470955286
,hillstrom_visit,s,38,80,0.3894636097351318,0.0034971484251497,1.2894680060475583,0.0299797298454707
,hillstrom_visit,t,38,80,0.2238872527397772,0.0012777783372776,1.5096614431550623,0.0341529193187766
,hillstrom_visit,q,38,80,0.1344691966783786,0.0004022326172219,1.5470065196150389,0.047269444350088
,hillstrom_visit,q_simple,38,80,0.3146844746877746,0.0010639548342664,1.542089362019954,0.052283499018308
,hillstrom_visit,drt_log,38,80,0.2621172080942404,0.001832280658984,1.6985544007899218,0.1025347547110276
,hillstrom_visit,drs_log,38,80,0.3095010940925262,0.002772026743918,1.460185515964646,0.0793057838491539
,hillstrom_visit,drq_log,38,80,0.3013887918479869,0.0019908535582798,1.6982658780862054,0.1053963196025623
,hillstrom_visit,drt_direct,38,80,0.549313276112358,0.0036272439467918,2.3972517877317574,0.2297787041169608
,hillstrom_visit,drs_direct,38,80,0.5981088023741234,0.0047838367037026,1.9899694157891976,0.1760989314139556
,hillstrom_visit,drq_direct,38,80,0.3440040418143479,0.0022597500241713,2.413836730938256,0.2294698271818393
,hillstrom_visit,drq_simple_log,38,80,0.4421328822114976,0.0036080627200889,1.5845097925366631,0.0513578789640795
,hillstrom_visit,drq_simple_direct,38,80,0.3634176233158435,0.0011526618513111,1.8996848402359487,0.1487869413910332
,hillstrom_visit,x,38,80,0.2170469318376211,0.0006721179694647,1.3940905647788848,0.0334966122390465
,hillstrom_visit,x_log,38,80,0.3151192267843212,0.0024203878835051,1.2959845607297271,0.0343964139913964
,hillstrom_visit,r,38,80,0.3414923395749869,0.0012065594101791,1.4298967429141398,0.0305963210027723
,hillstrom_visit,r_log,38,80,0.4231944626061779,0.0024492001930233,1.2808557954573556,0.0314486173516486
,hillstrom_visit,dr_diff,38,80,0.3145060947242895,0.0025692478028254,2.206156409995127,0.1800555085693973
,hillstrom_visit,s,39,81,0.8174523784158636,0.0060462803684277,1.174680023047366,0.0256384608272174
,hillstrom_visit,t,39,81,0.5087710058902484,0.0050069606352964,1.3567434013392343,0.0260885436148714
,hillstrom_visit,q,39,81,0.4105801013146315,0.0015520088425808,1.407624608219336,0.0427126766649512
,hillstrom_visit,q_simple,39,81,0.4363540153148022,0.0023102765286478,1.4488160433078088,0.0433447970093357
,hillstrom_visit,drt_log,39,81,0.5518699557432536,0.0037146963033718,1.837446424474101,0.1216322089175178
,hillstrom_visit,drs_log,39,81,0.5381789532485117,0.0012738735905367,1.7062832248034443,0.1061502559745119
,hillstrom_visit,drq_log,39,81,0.3982136131002665,0.0021689181905386,1.8961008434411988,0.12102800508207
,hillstrom_visit,drt_direct,39,81,0.5155978294125612,0.0035598974114312,2.609344583717633,0.2395822315396041
,hillstrom_visit,drs_direct,39,81,0.7939310963319726,0.0029784797521456,2.2065805993186776,0.1902455567594166
,hillstrom_visit,drq_direct,39,81,0.4649205416058308,0.0021500730790054,2.622648136970412,0.2423031816839481
,hillstrom_visit,drq_simple_log,39,81,0.4740921678616885,0.0044219819045266,1.496397276103161,0.0462555693177873
,hillstrom_visit,drq_simple_direct,39,81,0.4281531533413447,0.0032343786260284,2.1053526590088145,0.1592289912730742
,hillstrom_visit,x,39,81,0.472995028032025,0.0036968013815985,1.2579024369253755,0.0270451311616319
,hillstrom_visit,x_log,39,81,0.7336684042834103,0.004190226412939,1.2048990482784063,0.023916658632182
,hillstrom_visit,r,39,81,0.3696528001295815,0.0021314333348026,1.3716197553848557,0.0280951007391333
,hillstrom_visit,r_log,39,81,0.53565432231704,0.0032556491977343,1.2103822923497172,0.0301090990315644
,hillstrom_visit,dr_diff,39,81,0.5471720785338905,0.0046271026650418,2.376416343232409,0.1943759319036613
,hillstrom_visit,s,40,82,0.4198811346350268,0.0002856277981532,1.2788036845548012,0.0263458802265546
,hillstrom_visit,t,40,82,0.0669892214707923,-0.0007343977604483,1.60035229524879,0.0438489504538793
,hillstrom_visit,q,40,82,0.057853288171084,-0.0024351975659144,1.6302163346263927,0.0554455350962889
,hillstrom_visit,q_simple,40,82,0.0083728526714466,-0.0022311584930812,1.7005691109745904,0.0599967736248671
,hillstrom_visit,drt_log,40,82,0.1925826643573034,0.0015315867138855,1.9029336875755285,0.1190204275798797
,hillstrom_visit,drs_log,40,82,0.1473288905366834,0.0003956500595191,1.7332763931649249,0.1012688129887652
,hillstrom_visit,drq_log,40,82,0.143936213016927,0.0013871409297596,1.880659131566948,0.1195637843980887
,hillstrom_visit,drt_direct,40,82,0.5149783141572957,0.0016254997678191,2.7633021370178885,0.2452925294168654
,hillstrom_visit,drs_direct,40,82,0.2860835553722867,0.0018929736657093,2.3453807042829897,0.1933107988598567
,hillstrom_visit,drq_direct,40,82,0.2163928358414397,0.0005102997849774,2.794416449949951,0.2477697862675302
,hillstrom_visit,drq_simple_log,40,82,0.0655255371472567,-0.0002884444707223,1.6850494543084489,0.0542999038073789
,hillstrom_visit,drq_simple_direct,40,82,0.1889082224099418,-0.0006013270738288,2.270776886121108,0.1710881372648604
,hillstrom_visit,x,40,82,0.0742498823731678,-0.002813890248103,1.5056379885697722,0.0381985845218557
,hillstrom_visit,x_log,40,82,0.2004999789105748,0.0010320042814821,1.372381438819427,0.026011351515465
,hillstrom_visit,r,40,82,0.0944302773283041,-0.0014417673753517,1.543094203270943,0.0366370551428055
,hillstrom_visit,r_log,40,82,0.3808082483767803,0.0009233766654476,1.3201246852988668,0.0314784650587779
,hillstrom_visit,dr_diff,40,82,0.1280892383292629,2.994097582919436e-05,2.5416204983237645,0.1934281351437745
,hillstrom_visit,s,41,83,0.3893496413983237,0.0029374113315558,1.2437435243746295,0.0212195607608181
,hillstrom_visit,t,41,83,0.2815636832508683,0.0020617185832498,1.463890938308522,0.0362270873799403
,hillstrom_visit,q,41,83,0.3084764918021982,0.0030678757843081,1.4948904413504651,0.0434447171034123
,hillstrom_visit,q_simple,41,83,0.3849867819317136,0.002873340920718,1.498361949951082,0.0481118895355495
,hillstrom_visit,drt_log,41,83,0.416653309708499,0.0030747897571195,1.9033450952678648,0.1275710571708863
,hillstrom_visit,drs_log,41,83,0.4922953557890623,0.0024984706553071,1.7535896909051727,0.103834865845135
,hillstrom_visit,drq_log,41,83,0.4245076130359388,0.002942047966514,1.929077859185627,0.1281153500071796
,hillstrom_visit,drt_direct,41,83,0.4163357912003824,0.0019233611999536,2.795980021891915,0.2535729049971923
,hillstrom_visit,drs_direct,41,83,0.4522721837693997,0.0014681758864352,2.375113497139296,0.1977766598312911
,hillstrom_visit,drq_direct,41,83,0.4009802057006133,0.0021255333946692,2.768926833375453,0.2542079535663083
,hillstrom_visit,drq_simple_log,41,83,0.2098177936071281,0.0012310606456776,1.614663027166762,0.0504557228809193
,hillstrom_visit,drq_simple_direct,41,83,0.2828633129497211,0.0011925155187005,2.287982834177181,0.1764608678068779
,hillstrom_visit,x,41,83,0.2864423235352145,0.004347461650679,1.3325391715376906,0.01934319668995
,hillstrom_visit,x_log,41,83,0.4551316440605493,0.0048638382210047,1.2256235281884584,0.0220937906140655
,hillstrom_visit,r,41,83,0.2052472430079235,0.0008059528484963,1.4499020169916477,0.0270604817028264
,hillstrom_visit,r_log,41,83,0.3932823790685409,0.0045955693066393,1.24818978439196,0.0237557804115299
,hillstrom_visit,dr_diff,41,83,0.3604765863148607,0.0013854491911811,2.4726962270429174,0.1984463443171852
,hillstrom_visit,s,42,84,0.2550191084161881,0.0052544523571322,1.2828469599049224,0.0192563723603276
,hillstrom_visit,t,42,84,0.0813606228371528,0.0033095295673419,1.5384485702767576,0.0348946287302404
,hillstrom_visit,q,42,84,0.0592678459397382,-0.0009655926772411,1.6413553221276704,0.0560834071225774
,hillstrom_visit,q_simple,42,84,0.1404767247190057,-0.0012658405260187,1.633533423675681,0.0617558815304515
,hillstrom_visit,drt_log,42,84,0.0469786355370764,0.0043599159071352,1.893108447804517,0.1239195742427323
,hillstrom_visit,drs_log,42,84,-0.0027861318482054,0.0013010827851781,1.7853198522871487,0.1048491756018616
,hillstrom_visit,drq_log,42,84,0.0041822288442083,0.0022997897720431,1.939673273786636,0.1263476199925451
,hillstrom_visit,drt_direct,42,84,0.1411579936748133,0.0041383926644455,2.773171796933732,0.2450339972867142
,hillstrom_visit,drs_direct,42,84,0.2149826684447313,0.0047047225587615,2.3274874131073893,0.1934410798505602
,hillstrom_visit,drq_direct,42,84,0.1139023310167541,0.0043284145712184,2.770062427336933,0.2495628568955331
,hillstrom_visit,drq_simple_log,42,84,0.1079693847980067,0.0006252703278435,1.7448499212494757,0.0462249152007785
,hillstrom_visit,drq_simple_direct,42,84,0.1632139978072577,0.0037915297273857,2.2539363486339568,0.1710022488657605
,hillstrom_visit,x,42,84,0.1877217949923169,0.003663514585371,1.488561219898412,0.023181173759099
,hillstrom_visit,x_log,42,84,0.1874126785907524,0.0043600703165759,1.4364501511467056,0.0191664570364716
,hillstrom_visit,r,42,84,0.1707661852277626,0.0044289264320528,1.4495607333433151,0.027467854399509
,hillstrom_visit,r_log,42,84,0.1320784347995298,0.0033410386221204,1.3623170145864398,0.0301969374786668
,hillstrom_visit,dr_diff,42,84,0.1293237511021387,0.004696481721651,2.510465543399496,0.1950794735192897
,hillstrom_visit,s,43,85,0.3411499536941615,0.000905855568383,1.2692429161641463,0.0229382136761565
,hillstrom_visit,t,43,85,0.2465971512949445,0.0001719580039392,1.6190801978030307,0.0339037382618683
,hillstrom_visit,q,43,85,0.1293892640232967,-0.0013857199023895,1.5524235027029951,0.0536293516380298
,hillstrom_visit,q_simple,43,85,0.065798453769867,-0.000350496735881,1.5528380951591243,0.0519733945871292
,hillstrom_visit,drt_log,43,85,0.2687162884196763,0.0036754216385974,1.8544111944383463,0.1128713462186671
,hillstrom_visit,drs_log,43,85,0.3022525226625669,0.0020531860898919,1.6606246648113965,0.0939483571263113
,hillstrom_visit,drq_log,43,85,0.219643780054128,0.0014477175271403,1.885175544696348,0.1146996743987534
,hillstrom_visit,drt_direct,43,85,0.2969987544485031,0.0035744360247824,2.6539641639851066,0.2337303852928862
,hillstrom_visit,drs_direct,43,85,0.4070410987509487,0.0033450998507275,2.208333457681864,0.1825371007448689
,hillstrom_visit,drq_direct,43,85,0.2842554588496275,0.0040573463246817,2.6520136583320104,0.2375998911444729
,hillstrom_visit,drq_simple_log,43,85,0.1887355804170745,-0.0007525374490508,1.622505308837485,0.0448177931504949
,hillstrom_visit,drq_simple_direct,43,85,0.455705184598187,0.0031506440783973,2.142678287623365,0.1588284353470879
,hillstrom_visit,x,43,85,0.1311749770884249,0.0008414160081367,1.492523590749773,0.0255812770167839
,hillstrom_visit,x_log,43,85,0.3757289691634953,0.0016373427908069,1.3348895402742682,0.0250832272733567
,hillstrom_visit,r,43,85,0.3240391131385962,0.0044698856410927,1.4426821621448944,0.026995913479687
,hillstrom_visit,r_log,43,85,0.2839857907208416,0.0033991576069445,1.2928629884494804,0.0231885299934598
,hillstrom_visit,dr_diff,43,85,0.5362115333417137,0.0052452820504916,2.411861915777396,0.1872796582843156
,hillstrom_visit,s,44,86,0.2222248051755679,0.0011472719279293,1.2945706134446482,0.0301186019886866
,hillstrom_visit,t,44,86,0.1060218944655346,0.0011179224815456,1.5254675701302294,0.0355101931562816
,hillstrom_visit,q,44,86,0.1412048851742022,0.0011935332491495,1.5790431198046406,0.0459816618255567
,hillstrom_visit,q_simple,44,86,0.1362190965820662,0.0013248943020339,1.5935571984130688,0.0518629979316501
,hillstrom_visit,drt_log,44,86,0.1180524819589383,8.437769570379672e-06,1.851015180384551,0.1144872710833427
,hillstrom_visit,drs_log,44,86,0.0486601189591928,0.0017174590500488,1.6302392141990787,0.0920888399407384
,hillstrom_visit,drq_log,44,86,0.0882455148927126,0.0014337554607861,1.8347500261528984,0.1128506360287035
,hillstrom_visit,drt_direct,44,86,0.2770059857058318,0.0025712868751201,2.622622449056004,0.2375436693467768
,hillstrom_visit,drs_direct,44,86,0.2692420005379079,0.0032982609945567,2.221752828313732,0.1864576739497948
,hillstrom_visit,drq_direct,44,86,0.2773778977694006,0.0032062215462718,2.6636441916136024,0.2456056456040646
,hillstrom_visit,drq_simple_log,44,86,0.0996120227244388,-0.0021483188425431,1.800722609013211,0.0606758979935719
,hillstrom_visit,drq_simple_direct,44,86,0.2397906541148442,0.0016885611357884,2.148312631563081,0.1625367936049221
,hillstrom_visit,x,44,86,0.1274535228648179,0.0001686870836043,1.454199688895262,0.0290816566736238
,hillstrom_visit,x_log,44,86,0.1401634774382796,0.001400506779881,1.407088346735217,0.0345400497175574
,hillstrom_visit,r,44,86,0.2043889557869618,-0.0004235341660213,1.465113622558327,0.0356646026106946
,hillstrom_visit,r_log,44,86,0.1446774943332081,0.0015496779501212,1.3968516524541328,0.0363570534462955
,hillstrom_visit,dr_diff,44,86,0.1584963081470545,0.0028471477693497,2.3883582342734235,0.1903032675257997
,hillstrom_visit,s,45,87,0.4947347056088669,0.0041174865343596,1.2225971864994234,0.0175623997094819
,hillstrom_visit,t,45,87,0.1807480168147457,0.0004256882030519,1.5951229209098772,0.0365459705259742
,hillstrom_visit,q,45,87,0.1080302829315669,0.0040662796800902,1.4868283543985292,0.0372929454809913
,hillstrom_visit,q_simple,45,87,0.1164318481700907,0.0034858951043267,1.538230810068996,0.0403278180900375
,hillstrom_visit,drt_log,45,87,0.0919728692611976,0.0024453053014916,2.070571215570179,0.1237572730276361
,hillstrom_visit,drs_log,45,87,0.1038615241758433,0.002798003811757,1.8234170665067864,0.1058456027045262
,hillstrom_visit,drq_log,45,87,0.0555448712081894,0.0018421567294537,2.03274078592276,0.1270426051305243
,hillstrom_visit,drt_direct,45,87,0.3503757167300572,0.0066600024804958,2.9173045051120257,0.2501010601797192
,hillstrom_visit,drs_direct,45,87,0.3380526255648191,0.0058984035404747,2.518616150005651,0.2012551200788195
,hillstrom_visit,drq_direct,45,87,0.1813957449146672,0.0045303682124103,2.9439673874858725,0.25241542150761
,hillstrom_visit,drq_simple_log,45,87,0.1149218562800886,0.0021926213129486,1.5778743619360358,0.0444490807139003
,hillstrom_visit,drq_simple_direct,45,87,0.1537342864052195,0.004876848265325,2.377751337165821,0.1761285785629218
,hillstrom_visit,x,45,87,0.2314603184409691,0.0037292767777884,1.4637032302135953,0.0297576328383557
,hillstrom_visit,x_log,45,87,0.2960672550568308,0.0052710609382096,1.340266664671954,0.0165325890807569
,hillstrom_visit,r,45,87,0.3128152927789123,0.0053017850533557,1.5131314373651237,0.0224910668698603
,hillstrom_visit,r_log,45,87,0.3464896392959371,0.0050573378562071,1.3721925678543183,0.0244035884594988
,hillstrom_visit,dr_diff,45,87,0.1841833168408726,0.0055782187833762,2.7073608750180576,0.20264907382013
,hillstrom_visit,s,46,88,0.4283718313333253,0.0044694090598579,1.2010198869155084,0.0278042303669704
,hillstrom_visit,t,46,88,0.1439738709509577,0.0020488416986378,1.507815763704855,0.0306650992127792
,hillstrom_visit,q,46,88,0.1503191845262572,0.0040930246622447,1.5294391171449808,0.0399519148024481
,hillstrom_visit,q_simple,46,88,0.1078200661562918,0.0027138513920982,1.5455344659140104,0.0499342507297921
,hillstrom_visit,drt_log,46,88,0.2418972913940444,0.0036390434239808,1.7780303120371117,0.1137534690793106
,hillstrom_visit,drs_log,46,88,0.3029878322626571,0.004841315100437,1.6137209493734,0.090192413399137
,hillstrom_visit,drq_log,46,88,0.0951706624779928,0.0012383733074631,1.866447739267764,0.1175315998837606
,hillstrom_visit,drt_direct,46,88,0.1924725547247041,0.0035350074740388,2.6654168321818497,0.2431488192864447
,hillstrom_visit,drs_direct,46,88,0.3790723322248703,0.0046708094703387,2.1940788242363407,0.1877307864343772
,hillstrom_visit,drq_direct,46,88,0.2010391916724183,0.0029918757167139,2.6454843655009284,0.2447933278194872
,hillstrom_visit,drq_simple_log,46,88,0.0903580672234489,0.0011699569677206,1.6855808592336108,0.0572244551650982
,hillstrom_visit,drq_simple_direct,46,88,0.0360990446660256,0.0015175569153359,2.1578437634040526,0.1647592823855737
,hillstrom_visit,x,46,88,0.1321248285636689,0.003633658679035,1.4057771232711054,0.0214149169665018
,hillstrom_visit,x_log,46,88,0.2105232155278407,0.0034481663122626,1.3441511139744104,0.0257931963255235
,hillstrom_visit,r,46,88,0.1836163096397542,0.0002786540985078,1.491946896533251,0.026154628069451
,hillstrom_visit,r_log,46,88,0.2265687932245603,0.0035932320814244,1.284220037259974,0.0230785228175176
,hillstrom_visit,dr_diff,46,88,0.1498780888011162,0.0041965074694975,2.3847098732604244,0.1915232921225791
,hillstrom_visit,s,47,89,0.3942496158952604,0.0027458928291147,1.2301262087662803,0.0268370722263918
,hillstrom_visit,t,47,89,0.3913986095704769,0.0021853396880204,1.478633099503494,0.0275589950790724
,hillstrom_visit,q,47,89,0.1753936904480539,-0.0003929985656301,1.6104060518047971,0.0576408912655012
,hillstrom_visit,q_simple,47,89,0.2077811859321829,0.0003885775166491,1.6072612049555812,0.0560648277349568
,hillstrom_visit,drt_log,47,89,0.1972804101461722,0.0008804366503196,2.001509742689493,0.1284780224052741
,hillstrom_visit,drs_log,47,89,0.2387088542393804,0.0013863066084597,1.831945499747444,0.1110620350542601
,hillstrom_visit,drq_log,47,89,0.2257716000231753,0.0007318956930905,2.0313715406334003,0.1314921812083312
,hillstrom_visit,drt_direct,47,89,0.4136116222728698,0.0005396938748206,2.7766116467335946,0.2478818120104178
,hillstrom_visit,drs_direct,47,89,0.365772240957835,0.0008931558450498,2.417904676223298,0.194921594952842
,hillstrom_visit,drq_direct,47,89,0.6151086594095398,0.0004381519690157,2.871623161283777,0.2528555244755136
,hillstrom_visit,drq_simple_log,47,89,0.253146509863966,-0.0003826851229157,1.632538472108536,0.0523571312793269
,hillstrom_visit,drq_simple_direct,47,89,0.5810978597622294,0.0021607219360348,2.2124695504026617,0.1726131139891854
,hillstrom_visit,x,47,89,0.466922862148114,0.0026277478813115,1.4554951901179325,0.0277555308755434
,hillstrom_visit,x_log,47,89,0.4357997905113779,0.0026244459578183,1.3018110608830429,0.0228071340295312
,hillstrom_visit,r,47,89,0.926887446308559,0.0013613039501299,1.4297771424333725,0.0334824775922381
,hillstrom_visit,r_log,47,89,0.484715250374274,0.0007867935964906,1.341014859578975,0.0351481019961486
,hillstrom_visit,dr_diff,47,89,0.4941815212383782,0.0038396857364043,2.5242523444565728,0.1963009038434476
,hillstrom_visit,s,48,90,0.8640768098842573,0.0036134986129672,1.2072096368677274,0.0185833797751961
,hillstrom_visit,t,48,90,0.454768617744981,0.0026274398259953,1.4777959480290364,0.0302040194109331
,hillstrom_visit,q,48,90,0.301293835140402,-0.0006679948366273,1.5673023080996755,0.0465988940843261
,hillstrom_visit,q_simple,48,90,0.2853485821053936,0.0008429433073312,1.503713905503715,0.0461698304638326
,hillstrom_visit,drt_log,48,90,0.4147469274166653,0.0004980979306975,1.9464160221793427,0.1271853131924336
,hillstrom_visit,drs_log,48,90,0.4903870844780997,0.0008846816084929,1.756625951426631,0.1035002793377644
,hillstrom_visit,drq_log,48,90,0.4182814225982123,0.0005201123628818,2.0491619106922294,0.128202039861419
,hillstrom_visit,drt_direct,48,90,0.4986726711034244,0.0024151670183276,2.790673638288829,0.2445840286731278
,hillstrom_visit,drs_direct,48,90,0.474243330926491,0.0020305741620508,2.33785805008375,0.1909798227240698
,hillstrom_visit,drq_direct,48,90,0.3814173541146703,0.0017016139559298,2.8445140071637947,0.248644599398637
,hillstrom_visit,drq_simple_log,48,90,0.2962799156015205,-0.0005836630606475,1.6258923743550877,0.0502911878145704
,hillstrom_visit,drq_simple_direct,48,90,0.5224328104514839,0.0030849966069767,2.235255611685724,0.169762148122947
,hillstrom_visit,x,48,90,0.403017847592918,0.005455873595883,1.3082785059962143,0.0125226779289626
,hillstrom_visit,x_log,48,90,0.5543045333174321,0.0024720674438605,1.2748010804936416,0.0262153665715941
,hillstrom_visit,r,48,90,0.3599917331070301,0.0035905142484464,1.3993641517999702,0.0228366029319838
,hillstrom_visit,r_log,48,90,0.595203151994455,0.0011690139305786,1.270416186361505,0.0333914437023058
,hillstrom_visit,dr_diff,48,90,0.4737510949714156,0.0035450884750019,2.515661545284221,0.1923163314668818
,hillstrom_visit,s,49,91,0.3255774243239655,0.0064075101624101,1.172231933125485,0.015972383855358
,hillstrom_visit,t,49,91,0.2100440874960545,0.0042778316545707,1.4744172556114945,0.0354127230728072
,hillstrom_visit,q,49,91,0.2051021990768184,-0.0006021577229381,1.5417925458355304,0.0612263311091038
,hillstrom_visit,q_simple,49,91,0.1892914618077346,-0.000856056567606,1.5801871169416697,0.0632629580897268
,hillstrom_visit,drt_log,49,91,0.4160911085014869,0.0022706971567126,1.8693531902841776,0.1156610369728836
,hillstrom_visit,drs_log,49,91,0.3496844884045424,0.003360029500339,1.668210226457192,0.0923054150775933
,hillstrom_visit,drq_log,49,91,0.2928526284430393,0.0020880706206848,1.9003618393012385,0.1216623085636461
,hillstrom_visit,drt_direct,49,91,0.3172578812673856,0.0040311776369251,2.7080249154932914,0.2427791952974353
,hillstrom_visit,drs_direct,49,91,0.4776147602346394,0.0052282143832861,2.231907589100916,0.1899282360838984
,hillstrom_visit,drq_direct,49,91,0.2259817154262602,0.0024905917387262,2.760063489317624,0.244871168524271
,hillstrom_visit,drq_simple_log,49,91,0.2507729997610115,-0.0005071012382797,1.669369934325983,0.0555121762290888
,hillstrom_visit,drq_simple_direct,49,91,0.243128096554553,0.0033447997229403,2.199853578952595,0.1678681314003951
,hillstrom_visit,x,49,91,0.2548433612451142,0.0031328291068743,1.399547612114362,0.0204844882711205
,hillstrom_visit,x_log,49,91,0.3543798091756061,0.0052066989586388,1.222805267513399,0.0190589757656153
,hillstrom_visit,r,49,91,0.2556164378894376,0.0040245675644409,1.386695818736744,0.0283241401876676
,hillstrom_visit,r_log,49,91,0.3532151561875374,0.0037798947321228,1.2620252731365782,0.0273134841290079
,hillstrom_visit,dr_diff,49,91,0.2597412676205162,0.0048269493776081,2.431839774905196,0.1916596498527575
,hillstrom_conversion,s,25,67,0.5765937051357648,0.000479592484476,1.736146449509637,0.0038842710078189
,hillstrom_conversion,t,25,67,0.588935390093992,0.0003904002769307,2.6279982614486896,0.0079679075285068
,hillstrom_conversion,q,25,67,0.6620567354834548,0.000208278608662,3.097058314334219,0.0082991676258974
,hillstrom_conversion,q_simple,25,67,0.9829339777590618,0.000166880793186,3.246037101460556,0.0100115334392467
,hillstrom_conversion,drt_log,25,67,0.6994028327779684,0.0004496158973927,2.133012707159778,0.0113374643590186
,hillstrom_conversion,drs_log,25,67,1.7929994764307802,0.0008072770812096,1.8355240504341923,0.0064990511609349
,hillstrom_conversion,drq_log,25,67,1.92338006947784,0.0003174352045137,2.37703286854546,0.0065245016229045
,hillstrom_conversion,drt_direct,25,67,-0.0154317908070367,-0.0001758218763098,5.434350468278314,0.0766878265466664
,hillstrom_conversion,drs_direct,25,67,0.7162614451957467,-0.0003479217748381,3.596343634530181,0.0286562768528353
,hillstrom_conversion,drq_direct,25,67,2.2542576877302185,-0.0004100270113548,4.26129107264111,0.038575570116257
,hillstrom_conversion,drq_simple_log,25,67,1.5803635352579235,0.000704954690789,4.512469770352501,0.0023283764236926
,hillstrom_conversion,drq_simple_direct,25,67,0.8767887536103873,0.0001380589636541,2.8578165474064114,0.0118506651127617
,hillstrom_conversion,x,25,67,1.882658990784205,0.0013249121169268,2.900747837272705,0.0050336651888135
,hillstrom_conversion,x_log,25,67,1.08037066988756,0.0002600879505602,1.906715772154305,0.0075317826684875
,hillstrom_conversion,r,25,67,0.4230358590765202,0.0005405866916477,2.5189561581347766,0.003689329322014
,hillstrom_conversion,r_log,25,67,1.877804947864103,0.0001908383539115,1.680953219458012,0.0105097037475468
,hillstrom_conversion,dr_diff,25,67,0.753341016147786,4.524253392895706e-05,4.16032565335338,0.0137623347415137
,hillstrom_conversion,s,26,68,0.2003614988068691,3.481452081756115e-05,2.3215684671518386,0.0055495357136468
,hillstrom_conversion,t,26,68,0.2183083454380834,0.0004904870038093,2.724914896922541,0.0071488784424251
,hillstrom_conversion,q,26,68,0.4215967597843515,0.0002696120058456,3.149992645477204,0.0076466050366301
,hillstrom_conversion,q_simple,26,68,0.5250068086836497,0.0003830723833317,3.1454697676119783,0.0073047841181959
,hillstrom_conversion,drt_log,26,68,0.196921262757197,0.0001208013796026,2.460346676201939,0.0094306235836943
,hillstrom_conversion,drs_log,26,68,0.2259284738058204,-0.0003528901674204,2.2934998678758745,0.0059898814545716
,hillstrom_conversion,drq_log,26,68,0.2756931087605596,-0.0004526604644485,3.2230648014407026,0.01004927117278
,hillstrom_conversion,drt_direct,26,68,-0.1798927445848352,0.0001497509017143,8.204259754958462,0.0819989904013816
,hillstrom_conversion,drs_direct,26,68,-0.0126701716150172,-2.145951943787437e-05,3.4246687834459064,0.0370048689289814
,hillstrom_conversion,drq_direct,26,68,0.163167537670573,-3.36558839449724e-05,5.755094923329693,0.0409150925353501
,hillstrom_conversion,drq_simple_log,26,68,0.2426297118143678,-9.047599987893444e-06,5.197661979711712,0.0270948133279857
,hillstrom_conversion,drq_simple_direct,26,68,0.3867947778631539,-4.455128712190469e-05,3.67016670665334,0.029071274985858
,hillstrom_conversion,x,26,68,0.4716838682157505,0.0006604222253697,3.028457154951867,0.004624005668745
,hillstrom_conversion,x_log,26,68,0.0605963534209985,-0.000243454806517,2.1906505704864627,0.0074892158265765
,hillstrom_conversion,r,26,68,-0.3367018385091722,-5.920517081427733e-05,3.027886845379852,0.0057681977672723
,hillstrom_conversion,r_log,26,68,0.1417285880806411,0.000228910280005,2.0619411486323784,0.008744599122981
,hillstrom_conversion,dr_diff,26,68,-0.0963615383101883,0.0002341362412507,4.249463349945912,0.014612914069326
,hillstrom_conversion,s,27,69,0.5294975651148548,0.0002362369635897,2.657215669116565,0.0057466432164072
,hillstrom_conversion,t,27,69,-0.0665308491893221,-0.0004495192313417,4.452973974512707,0.0090232050156024
,hillstrom_conversion,q,27,69,0.1272980905134806,4.579008348689837e-05,4.048699857263261,0.0134452669007688
,hillstrom_conversion,q_simple,27,69,0.1625272106044042,-0.000178437522038,3.986786504011663,0.0152466637157744
,hillstrom_conversion,drt_log,27,69,0.4098624418680197,0.0004503157923696,2.438415895850594,0.0105170047108579
,hillstrom_conversion,drs_log,27,69,0.3313306924381678,0.0006439687890925,1.8141790439233447,0.0040783238218126
,hillstrom_conversion,drq_log,27,69,0.3889350219236547,0.0003084705146628,2.292890276351051,0.0055987100577901
,hillstrom_conversion,drt_direct,27,69,0.0201692510946787,0.0001773028272082,7.423161348679719,0.0710304022012999
,hillstrom_conversion,drs_direct,27,69,0.4050736507508559,0.0003165173617251,4.031428711145609,0.0227073769538034
,hillstrom_conversion,drq_direct,27,69,0.6401455929468967,0.0005131643740119,5.675751950885595,0.0342692264581854
,hillstrom_conversion,drq_simple_log,27,69,0.2330429061636751,-0.0002302346831118,6.040852307317473,0.0242323149272906
,hillstrom_conversion,drq_simple_direct,27,69,0.5976884064114405,0.0002509687348012,5.274650502834551,0.0289723814430956
,hillstrom_conversion,x,27,69,-0.0367400597426452,5.313272355006796e-05,5.08142558768824,0.0077696194227517
,hillstrom_conversion,x_log,27,69,0.079351362147523,0.0005565595384672,2.537762554518918,0.0052991720268468
,hillstrom_conversion,r,27,69,0.5017912645730813,0.0001882682827226,1.6496046204542156,0.0038410432565508
,hillstrom_conversion,r_log,27,69,0.2286656784050433,0.000317422681604,2.536306627462679,0.0086518865129718
,hillstrom_conversion,dr_diff,27,69,-0.0394421847959571,-1.1521266204814716e-05,5.458347982039206,0.015228134418489
,hillstrom_conversion,s,28,70,0.1730910710457105,0.0002915122203574,2.273274326521982,0.0081135450192677
,hillstrom_conversion,t,28,70,0.0014158490275941,-2.6759688785336824e-05,4.504979867245177,0.0094793735850123
,hillstrom_conversion,q,28,70,0.2573647998825368,0.0005049104832899,3.8781387696743774,0.0140852674750876
,hillstrom_conversion,q_simple,28,70,0.365255847839508,0.0005331458118692,4.630059708961996,0.0163136401819739
,hillstrom_conversion,drt_log,28,70,0.0455731977655016,0.0002927619671942,2.98272946606346,0.0097198675081551
,hillstrom_conversion,drs_log,28,70,0.3093039253849166,0.0005067099232619,2.308995893855178,0.0036277553859665
,hillstrom_conversion,drq_log,28,70,0.1933813604921834,0.0002175584662286,4.086583690957155,0.0134293101847113
,hillstrom_conversion,drt_direct,28,70,-0.0316344015260634,-3.060240849824935e-06,11.467056276756445,0.0775278291146978
,hillstrom_conversion,drs_direct,28,70,0.4355530056546339,0.0006148080204495,6.942794535579545,0.0263879237422273
,hillstrom_conversion,drq_direct,28,70,0.433222239601704,0.0006655808422607,9.198606218704477,0.0362819763013739
,hillstrom_conversion,drq_simple_log,28,70,0.2990857915832727,0.0007195875045821,4.801103432261278,0.0250351373841195
,hillstrom_conversion,drq_simple_direct,28,70,0.2027731323575761,0.0005034206098177,7.392265420030729,0.0299609674111164
,hillstrom_conversion,x,28,70,-0.0796443343705137,0.0001629933614344,4.423973607908851,0.008399018021265
,hillstrom_conversion,x_log,28,70,0.024796940183779,0.0001824901291071,2.9693286870096376,0.0098838058776002
,hillstrom_conversion,r,28,70,-0.1342261509459301,1.5483382528367435e-05,2.8042503147956723,0.0039108519294867
,hillstrom_conversion,r_log,28,70,0.0480550339366891,0.0003629601535479,2.876365534771121,0.0106671793834014
,hillstrom_conversion,dr_diff,28,70,-0.1897076571877076,-0.0003805315334679,6.414110521107193,0.0172892021959236
,hillstrom_conversion,s,29,71,2.314698469079974,0.0009499794114605,1.9880946879822607,0.0065712971799174
,hillstrom_conversion,t,29,71,0.4184497914209171,0.0006899208604422,2.6086100194793427,0.0057126930903485
,hillstrom_conversion,q,29,71,0.3024644627334778,0.000105878841837,2.776396011904092,0.0101123533090721
,hillstrom_conversion,q_simple,29,71,0.3346519444736353,5.472707445319108e-05,2.9010520518102925,0.008365836165707
,hillstrom_conversion,drt_log,29,71,0.5591456982995493,0.000736595716577,2.3940737222450874,0.0091283764734946
,hillstrom_conversion,drs_log,29,71,0.9775145471674572,0.0005822019784382,1.7692135950658414,0.0041012539104093
,hillstrom_conversion,drq_log,29,71,0.7229454250385947,0.0001300716968768,2.8428649448915007,0.0066141758973964
,hillstrom_conversion,drt_direct,29,71,0.261658814576128,0.0003265743997053,7.921635830248227,0.0647091582081497
,hillstrom_conversion,drs_direct,29,71,1.1368056844404784,0.0004735175804553,3.7564927430907313,0.0268398167833134
,hillstrom_conversion,drq_direct,29,71,1.0529766948553263,0.0002648828968375,5.606325360918916,0.0145288588894058
,hillstrom_conversion,drq_simple_log,29,71,0.7978525424212108,0.000277952755197,4.680464088411409,0.0089788636099677
,hillstrom_conversion,drq_simple_direct,29,71,0.9448808713913266,0.0006785961307592,4.190745335078031,0.0228445287290149
,hillstrom_conversion,x,29,71,1.7552229435745073,0.0005741136484333,3.09174121663824,0.0053741963664678
,hillstrom_conversion,x_log,29,71,1.4460885988320658,0.0007090609059483,2.0802624488279733,0.0088536678711773
,hillstrom_conversion,r,29,71,0.1765037560386924,-0.0004875533170102,1.81701161824612,0.0045104503819006
,hillstrom_conversion,r_log,29,71,0.8911613851547324,0.0007255620429048,2.5503787436225047,0.0093503069818233
,hillstrom_conversion,dr_diff,29,71,0.6744934102163089,0.0005136072983889,6.548581144722137,0.0143816043283428
,hillstrom_conversion,s,30,72,-0.3403467439020693,-0.0003217105054911,2.403112588932887,0.0077305888015678
,hillstrom_conversion,t,30,72,-0.4846381164334072,-0.000515407927788,3.687330222774804,0.0102654983360174
,hillstrom_conversion,q,30,72,0.1710991330979312,5.6147966652499246e-05,4.959713860068828,0.0099785897751428
,hillstrom_conversion,q_simple,30,72,0.2452132327859932,1.972181770586341e-05,4.844311076516169,0.0106947140503835
,hillstrom_conversion,drt_log,30,72,-0.3644404585712921,-0.0005275327383966,2.520706248593112,0.0099820209030847
,hillstrom_conversion,drs_log,30,72,-0.1076000194003734,-1.0641328420721644e-05,2.4736317565318395,0.0043147727011453
,hillstrom_conversion,drq_log,30,72,0.2718301719463798,-2.4927086690148224e-05,3.4793971105034047,0.00634904803662
,hillstrom_conversion,drt_direct,30,72,-0.1826836874196491,-0.0001627472383017,8.565155037773035,0.06338683551274
,hillstrom_conversion,drs_direct,30,72,-0.1857411416681653,-0.0002511258971765,4.704158952898715,0.0235339909458599
,hillstrom_conversion,drq_direct,30,72,0.0729183364953944,2.965074732312612e-05,6.123083403432417,0.0350869793560821
,hillstrom_conversion,drq_simple_log,30,72,1.2196487474695092,0.0002181820165764,6.25899354375554,0.0211296933863836
,hillstrom_conversion,drq_simple_direct,30,72,0.6057115186271971,0.0003355348002254,4.989224983590236,0.0282775569100496
,hillstrom_conversion,x,30,72,-0.2747565566123628,-8.419869487979017e-05,3.723611567248671,0.0078180321096084
,hillstrom_conversion,x_log,30,72,-0.0913974510306192,-0.0001811183076719,2.7756404029461126,0.0062592167250462
,hillstrom_conversion,r,30,72,-0.1214296391911275,-0.0001074399762866,2.9948591608360697,0.0037276525018546
,hillstrom_conversion,r_log,30,72,-0.3072294481248927,-0.0004945065500042,3.04885055442934,0.0090951520099116
,hillstrom_conversion,dr_diff,30,72,-0.3494053296004331,-0.0004428944853353,4.887866529635389,0.0139223955822248
,hillstrom_conversion,s,31,73,-0.1994395188622795,0.0003358832539777,4.022429251142443,0.0067901716573719
,hillstrom_conversion,t,31,73,-0.0740992792102426,0.0002261611910386,3.4480723001542515,0.009982743886514
,hillstrom_conversion,q,31,73,-0.2559584436666495,-0.0004164486943885,6.03076505274722,0.020765099619838
,hillstrom_conversion,q_simple,31,73,-0.2294220649244842,-0.0003859787865567,6.168155100972856,0.0221748207705567
,hillstrom_conversion,drt_log,31,73,-0.4200188004707184,-0.0003189281881245,3.1708320665894734,0.0126264442628616
,hillstrom_conversion,drs_log,31,73,-0.3955103792210974,-0.0002438029908608,3.782339705675036,0.0057033831126473
,hillstrom_conversion,drq_log,31,73,-0.3569216818920095,-0.0005601777256845,5.96603362309733,0.0164409380560562
,hillstrom_conversion,drt_direct,31,73,-0.3845692336790562,-3.885193918794108e-05,12.1122798891542,0.1066064666225041
,hillstrom_conversion,drs_direct,31,73,-0.0751355559820192,0.0002523204201407,4.023827592233559,0.0314114882796563
,hillstrom_conversion,drq_direct,31,73,-0.2401390643896968,-0.0001322331597912,11.167986332509985,0.0460835108447241
,hillstrom_conversion,drq_simple_log,31,73,-0.2725731994815028,-0.0003574214069073,8.446038416727772,0.0286152178115044
,hillstrom_conversion,drq_simple_direct,31,73,-0.1859874643466261,-0.0001862661208625,6.395908741019585,0.0314014513886297
,hillstrom_conversion,x,31,73,-0.1528451476698822,4.7895979524105545e-05,3.854629412458407,0.008622626894702
,hillstrom_conversion,x_log,31,73,-0.3262047219783976,3.87889130062703e-05,2.835643979792084,0.0103220256076053
,hillstrom_conversion,r,31,73,-0.1602280514631489,0.0001304382400242,2.5261001919177635,0.0039900021631547
,hillstrom_conversion,r_log,31,73,-0.490712792972992,-0.0003806783800409,2.706597631336308,0.015800792553105
,hillstrom_conversion,dr_diff,31,73,-0.0627778671360723,0.0003680763340277,5.960125139541325,0.015922586963039
,hillstrom_conversion,s,32,74,-0.2651418569714838,6.747194562196435e-05,2.7114182694886964,0.0058106786774137
,hillstrom_conversion,t,32,74,0.62510242311133,0.0010317394556676,2.3609558118473424,0.0055634105988124
,hillstrom_conversion,q,32,74,0.0311799498544766,-0.0003785718926363,4.377063040386949,0.0133604478778708
,hillstrom_conversion,q_simple,32,74,0.2920381734017634,-0.0003793361562742,4.490436943324674,0.0135533350456457
,hillstrom_conversion,drt_log,32,74,0.6849016142566327,0.0004415716264006,2.246371192286786,0.0100396024224076
,hillstrom_conversion,drs_log,32,74,-0.4052620756831211,-0.0004343468705512,2.717932399723719,0.0071850332967052
,hillstrom_conversion,drq_log,32,74,-0.3132297353319444,-0.0007440459733992,3.9694043612877192,0.0127038186646145
,hillstrom_conversion,drt_direct,32,74,0.3164399019093782,0.000448044630874,8.081730903789586,0.0593812942365102
,hillstrom_conversion,drs_direct,32,74,-0.2071529787977302,-5.084922643513014e-05,4.12978405746209,0.0246338977497339
,hillstrom_conversion,drq_direct,32,74,-0.0001950741569833,-0.0002282845372292,5.294100261464892,0.0339232512235913
,hillstrom_conversion,drq_simple_log,32,74,0.06293826301183,-0.0006447936677331,8.055635916312287,0.0251049008742295
,hillstrom_conversion,drq_simple_direct,32,74,0.0190538854401465,-0.0007162629311029,5.169951851860499,0.016620346234242
,hillstrom_conversion,x,32,74,0.3121980649533813,0.0007333440121682,2.974096875868705,0.0051066996754902
,hillstrom_conversion,x_log,32,74,0.2331681188479337,0.0003422518944936,2.003380566108734,0.0062120573672232
,hillstrom_conversion,r,32,74,0.1708508050207662,0.0001927446094836,2.690445491501651,0.0054049846115925
,hillstrom_conversion,r_log,32,74,0.2738403386430983,0.000420388742519,2.214715753456158,0.0094119574874429
,hillstrom_conversion,dr_diff,32,74,0.2321850202347271,0.0009854609516816,4.3593708543729965,0.0112250780563042
,hillstrom_conversion,s,33,75,0.0752385644365245,6.023469842692821e-05,2.4946179032871507,0.0080566868047877
,hillstrom_conversion,t,33,75,-0.2444445397141825,-8.249986588759924e-05,4.252958144715035,0.0098931666727439
,hillstrom_conversion,q,33,75,0.0515095475574172,0.000168530147253,5.542099570586418,0.0180900765656386
,hillstrom_conversion,q_simple,33,75,0.0584980406612716,0.0001939177111787,5.085479565894386,0.0105361731874278
,hillstrom_conversion,drt_log,33,75,0.0163854946378498,6.900862876173556e-05,3.923942622146806,0.0130926812589635
,hillstrom_conversion,drs_log,33,75,0.3621095026632481,0.0008296486992872,2.215092792531572,0.0043485893592811
,hillstrom_conversion,drq_log,33,75,0.4252702679683009,0.0006116074874756,3.293742111360601,0.0078658939659082
,hillstrom_conversion,drt_direct,33,75,0.0022660690221827,-8.57425860678585e-05,12.556821899567996,0.0770728828124353
,hillstrom_conversion,drs_direct,33,75,0.2417200407928545,0.0004443304145907,5.48416908004911,0.0292907036458106
,hillstrom_conversion,drq_direct,33,75,0.6714678634349769,0.0002955928648726,11.896710055529775,0.0429143583652681
,hillstrom_conversion,drq_simple_log,33,75,0.4845099033710771,-0.0001401153275359,5.617819195831104,0.0131380163676549
,hillstrom_conversion,drq_simple_direct,33,75,0.808014158008459,0.0005291785921717,10.828718147480044,0.032384285392604
,hillstrom_conversion,x,33,75,-0.2440673073008936,-0.0004273970359155,4.998464308164333,0.0105333546608858
,hillstrom_conversion,x_log,33,75,-0.1026983362579512,0.000447918800752,3.389806547214249,0.009850234779724
,hillstrom_conversion,r,33,75,0.174657113657062,0.0007493231711992,2.082485673071324,0.0073457110713519
,hillstrom_conversion,r_log,33,75,0.0897115482930723,0.0001214772068649,3.125909708821652,0.0128733505786037
,hillstrom_conversion,dr_diff,33,75,-0.1587834036677338,-0.0002208119328272,6.704343190662807,0.0182005076158607
,hillstrom_conversion,s,34,76,0.6763814230105321,0.0004997384263934,1.9796817057303304,0.0041466352332468
,hillstrom_conversion,t,34,76,0.5016968890397977,0.0004940974462303,3.024055811587929,0.0075223319129255
,hillstrom_conversion,q,34,76,1.5497447255959371,0.0007024210249844,2.3834479693831274,0.0085208932873474
,hillstrom_conversion,q_simple,34,76,1.6835171554984023,0.0007161941488568,3.024916888299108,0.0068571239150501
,hillstrom_conversion,drt_log,34,76,0.741088053150186,0.0004238342420164,2.305102986107665,0.0100680388838705
,hillstrom_conversion,drs_log,34,76,1.655082576522021,0.0008080835502016,1.3151348642287606,0.0036260128444112
,hillstrom_conversion,drq_log,34,76,2.833506473398208,0.0010130852147996,2.210900053682918,0.0078326089133136
,hillstrom_conversion,drt_direct,34,76,0.8824275745624139,0.0003707769902696,6.235717579549394,0.078102079582856
,hillstrom_conversion,drs_direct,34,76,2.5446801393025376,0.0004992206575889,3.479756761504057,0.0295730441269757
,hillstrom_conversion,drq_direct,34,76,3.180533376276756,0.0007506164151149,6.197350742725041,0.0362146980722039
,hillstrom_conversion,drq_simple_log,34,76,2.169077696174282,0.0008654443761221,3.7382303648895294,0.0121620061390855
,hillstrom_conversion,drq_simple_direct,34,76,4.063180646539903,0.0009732173465712,3.1761355042095967,0.0205832647489883
,hillstrom_conversion,x,34,76,0.4049624496512392,0.0005484149564966,2.666943163026114,0.0066528078950362
,hillstrom_conversion,x_log,34,76,0.5021951360673738,0.0002827412601038,2.159033458372537,0.0036204193764531
,hillstrom_conversion,r,34,76,-0.0530152596645812,-9.465416375237842e-06,2.43320437264105,0.0040464696426051
,hillstrom_conversion,r_log,34,76,0.4799811030573182,0.0003247033699878,2.470660856376912,0.0081917758639638
,hillstrom_conversion,dr_diff,34,76,1.0287887838140373,0.0003199191299452,4.59338596566666,0.0146887934629234
,hillstrom_conversion,s,35,77,-0.1604311113710967,-0.0001558838449309,2.267120884349649,0.0048058119848805
,hillstrom_conversion,t,35,77,-0.2165824391802064,-0.0003110513192187,3.432174318981012,0.0081616363882919
,hillstrom_conversion,q,35,77,0.4939117348708324,-9.678319773946156e-05,3.125248252181928,0.0073361339203427
,hillstrom_conversion,q_simple,35,77,0.4867307514424679,-0.0001052643319782,3.183974012137687,0.0073448057552693
,hillstrom_conversion,drt_log,35,77,-0.4825933383002492,-0.0009458663756623,5.673182404311138,0.0117379496616874
,hillstrom_conversion,drs_log,35,77,-0.5444776018043294,-0.0010193463714481,2.373781380668803,0.0064779627656445
,hillstrom_conversion,drq_log,35,77,-0.0418493696427559,-0.0006070103539336,4.024466325189913,0.0105324273931689
,hillstrom_conversion,drt_direct,35,77,-0.4054300084903146,-3.0177050874755952e-05,7.436382322063093,0.0718544657728822
,hillstrom_conversion,drs_direct,35,77,-0.26325440259177,-0.0002655435728998,3.64050933876214,0.031371932232092
,hillstrom_conversion,drq_direct,35,77,0.0933698975670038,-7.967923319676098e-05,5.561299073477639,0.0395843202259165
,hillstrom_conversion,drq_simple_log,35,77,0.7052912099976498,0.0003710418602348,4.591379847618721,0.0180626033202004
,hillstrom_conversion,drq_simple_direct,35,77,0.0745258938989463,-0.000213704442303,4.886789830009094,0.030360309962767
,hillstrom_conversion,x,35,77,0.0875255590965982,0.0002564562240807,3.2530278032755766,0.0060920164134325
,hillstrom_conversion,x_log,35,77,-0.182232348246796,-0.0006154622238143,2.6275491142214022,0.0089280077636402
,hillstrom_conversion,r,35,77,-0.054297682156013,3.84167009901638e-05,2.5499758374314863,0.0044524781797414
,hillstrom_conversion,r_log,35,77,-0.3116196516712231,-0.0005570887618926,2.861303309892336,0.0113801026956589
,hillstrom_conversion,dr_diff,35,77,0.1218929872972451,0.0006049087327825,4.917952976495823,0.0123550974141073
,hillstrom_conversion,s,36,78,1.2240671351149708,0.0011828910195507,1.876517400843595,0.0047424235014913
,hillstrom_conversion,t,36,78,0.661675229250289,0.0007500156150392,2.523778144722596,0.0046098865582954
,hillstrom_conversion,q,36,78,1.004774148213602,0.0009339578998034,2.661670600919268,0.014847128964564
,hillstrom_conversion,q_simple,36,78,0.642112208233611,0.0008677964351513,2.820092616253965,0.0140931023407397
,hillstrom_conversion,drt_log,36,78,0.6868115501261685,0.0006378815388794,2.428457528859635,0.0095645307950453
,hillstrom_conversion,drs_log,36,78,0.8469716615751259,0.0009323994473012,1.7689746839665643,0.0043440645992763
,hillstrom_conversion,drq_log,36,78,0.7391985302840387,0.0005956496462583,2.3921417024388285,0.0107729541733902
,hillstrom_conversion,drt_direct,36,78,0.6702689758422766,-0.00030682874271,6.503014295412328,0.0804215546120743
,hillstrom_conversion,drs_direct,36,78,0.627257599291249,-7.563334794111545e-05,4.886612932955929,0.0306080482572058
,hillstrom_conversion,drq_direct,36,78,0.6912979299973421,4.0822079883609096e-05,5.836222603982014,0.0420247227119397
,hillstrom_conversion,drq_simple_log,36,78,0.8767325844112739,0.0009958050026916,4.513848182672736,0.0261496997696718
,hillstrom_conversion,drq_simple_direct,36,78,0.7264976176648135,-2.161683534289893e-05,5.782592726468193,0.0270087807981708
,hillstrom_conversion,x,36,78,0.6556124529229932,0.0005062161077159,3.599259931818559,0.0057178918628719
,hillstrom_conversion,x_log,36,78,0.7704170899533758,0.0002375508440424,2.561144229651168,0.0079233435469727
,hillstrom_conversion,r,36,78,0.358272597322413,0.0006218140834119,2.009845177222187,0.0056674182329741
,hillstrom_conversion,r_log,36,78,0.5829821819683587,0.0007205270956387,2.069663001173691,0.0112358866952931
,hillstrom_conversion,dr_diff,36,78,0.5024485253705244,0.0003931928112369,5.319014087915867,0.0138567870011725
,hillstrom_conversion,s,37,79,0.3031608646436972,0.0004940270796594,2.1837415269463083,0.0070721609281807
,hillstrom_conversion,t,37,79,0.604079055980387,0.0003146571396515,2.0316222068154555,0.00708223797501
,hillstrom_conversion,q,37,79,1.3319238753357636,0.000964278445639,3.099893649309089,0.0092866233441875
,hillstrom_conversion,q_simple,37,79,1.1121729534181737,0.0009979594142089,4.149967566115129,0.008895907506382
,hillstrom_conversion,drt_log,37,79,0.3694613709060879,4.35131013090174e-05,2.6511112564927646,0.012998435745592
,hillstrom_conversion,drs_log,37,79,0.2172819111611463,-6.642301578156651e-05,1.5745513507344748,0.0049199687482374
,hillstrom_conversion,drq_log,37,79,1.1456834735275248,0.0006167881563306,2.082580012692876,0.0071182155503147
,hillstrom_conversion,drt_direct,37,79,-0.2861706645866113,-0.0003918682290456,8.70593851915748,0.0884642515346669
,hillstrom_conversion,drs_direct,37,79,0.1329232593560831,-0.0003034834848051,3.02430791742632,0.0231468883366565
,hillstrom_conversion,drq_direct,37,79,1.1075050579619736,-7.118343593980059e-07,5.526692529052137,0.0351263888240754
,hillstrom_conversion,drq_simple_log,37,79,1.978767227554803,0.0009990696973791,3.8655124298412575,0.0161977558719498
,hillstrom_conversion,drq_simple_direct,37,79,1.352426085551618,0.000722721976586,3.357451883376405,0.0234463050482151
,hillstrom_conversion,x,37,79,0.3427184010396811,0.0009478337851792,4.986005522342387,0.0067397421612155
,hillstrom_conversion,x_log,37,79,0.1801489652667101,0.0001929840080369,1.841849485294742,0.0066543162201622
,hillstrom_conversion,r,37,79,-0.3790595266590633,-0.0001864979257062,2.39401241434589,0.0042034004629266
,hillstrom_conversion,r_log,37,79,-0.0339247979395711,-0.0001854568529434,2.29200753335783,0.0106514690101565
,hillstrom_conversion,dr_diff,37,79,0.3257048658529977,-8.317639514863681e-05,6.102538837712975,0.0138360496616007
,hillstrom_conversion,s,38,80,0.117934076916871,-9.625730693728178e-05,1.975008260751056,0.0061948761862893
,hillstrom_conversion,t,38,80,-0.0273308433901164,-2.770493894415065e-05,3.5606882530598427,0.0099535364307083
,hillstrom_conversion,q,38,80,0.7318619450761226,-1.1042085140120818e-05,4.924426334140016,0.0142380436649619
,hillstrom_conversion,q_simple,38,80,0.6163657686218276,7.714905647510095e-05,5.210575631844475,0.0106567366542858
,hillstrom_conversion,drt_log,38,80,0.25371117570764,0.0001699068205694,3.286604041676637,0.0098406649263866
,hillstrom_conversion,drs_log,38,80,-0.2240425231603215,-0.0008325883843755,1.9894774875352816,0.0058463401644892
,hillstrom_conversion,drq_log,38,80,0.0039251229896581,-0.0003383525762696,4.196929524360039,0.0090771497884975
,hillstrom_conversion,drt_direct,38,80,-0.0423033662992817,0.0002489393600907,6.966696088780081,0.0625514515082264
,hillstrom_conversion,drs_direct,38,80,-0.040311171425472,-0.0002796861250363,3.5862493461920377,0.0244973609906457
,hillstrom_conversion,drq_direct,38,80,-0.0384959108803162,-0.0003759466949115,5.687518835057041,0.0412011248659407
,hillstrom_conversion,drq_simple_log,38,80,0.5334506888066155,-5.858522193216437e-05,5.268100790208516,0.0221876976803266
,hillstrom_conversion,drq_simple_direct,38,80,0.1257365351905566,-0.0004613330176871,6.035029130368539,0.0314685793425326
,hillstrom_conversion,x,38,80,0.266214017125205,0.0002795830725526,3.8308980859527946,0.0056161680697379
,hillstrom_conversion,x_log,38,80,0.0415172632659754,-6.732596363768443e-05,2.7319647298747483,0.0060327834139189
,hillstrom_conversion,r,38,80,0.3677858327880305,0.0002680681496392,1.8557167347826664,0.0077936140591563
,hillstrom_conversion,r_log,38,80,0.0083630369075269,-0.0002091941566272,3.0768813943300253,0.0090839720289699
,hillstrom_conversion,dr_diff,38,80,0.138522929749846,0.0002954610833208,5.839380893656859,0.0172173812723373
,hillstrom_conversion,s,39,81,-0.2768681270777851,-0.0006640522897215,2.6127962575476293,0.0085014179270711
,hillstrom_conversion,t,39,81,-0.3021761680054271,-0.0005890556395839,4.374298098854481,0.0092707940196492
,hillstrom_conversion,q,39,81,0.7131874488063465,0.0003678726948889,3.5012237105497066,0.0088077115891995
,hillstrom_conversion,q_simple,39,81,0.687675396385228,0.0004473005139351,3.3484802616590965,0.0085202279244001
,hillstrom_conversion,drt_log,39,81,-0.3189202398064432,-0.0001463393091842,2.618025476335669,0.0104351889989584
,hillstrom_conversion,drs_log,39,81,-0.0997176185132495,-5.9391629821945466e-05,2.587417052654867,0.0046285775357363
,hillstrom_conversion,drq_log,39,81,0.2458728825479041,6.505814645176413e-05,3.674215659942415,0.0099928487570556
,hillstrom_conversion,drt_direct,39,81,-0.1536191280060508,0.0004162573577465,11.118355751749348,0.0752704434133869
,hillstrom_conversion,drs_direct,39,81,0.0087775352111898,0.0002558811355928,5.579212218976598,0.031107208949201
,hillstrom_conversion,drq_direct,39,81,0.6378864852758335,0.000453321908026,8.362491261085829,0.0415832072624425
,hillstrom_conversion,drq_simple_log,39,81,0.205096294015102,-7.927513511323762e-06,5.9541974675765,0.0148612647494142
,hillstrom_conversion,drq_simple_direct,39,81,0.3438595590071738,0.0002124734003263,5.013826095161291,0.031515904299099
,hillstrom_conversion,x,39,81,0.048235548286293,-8.703836034341245e-05,4.345814642375057,0.0081795140785068
,hillstrom_conversion,x_log,39,81,-0.2240388386865495,-0.0001112862837724,2.775274914063185,0.0094007303732122
,hillstrom_conversion,r,39,81,-0.3971718381357887,-0.0005538678156236,2.5080940346982694,0.0025390680681269
,hillstrom_conversion,r_log,39,81,-0.2399075241901245,-0.0001427289117042,2.558236838121355,0.0091672339769067
,hillstrom_conversion,dr_diff,39,81,-0.263716221022046,-8.644448140930454e-05,7.476437915216072,0.0198593232441739
,hillstrom_conversion,s,40,82,3.5729633201670707,0.0004209439128128,1.9881472692977933,0.0045262156405663
,hillstrom_conversion,t,40,82,0.3704405044766763,6.985986369143458e-05,3.315493649695117,0.0077552358109548
,hillstrom_conversion,q,40,82,3.459423657431772,0.0010076862884868,1.987632934536595,0.0074005006161893
,hillstrom_conversion,q_simple,40,82,3.073522382961053,0.0010846281548302,2.330501406995997,0.0047969070466657
,hillstrom_conversion,drt_log,40,82,1.681569147971245,0.0003775673700002,2.5286809835070194,0.0119724620774802
,hillstrom_conversion,drs_log,40,82,2.8695676924904423,0.0011020862926302,1.6183538540513995,0.0042745776818152
,hillstrom_conversion,drq_log,40,82,1.5232825790193791,0.0005860863791229,2.1639463736784568,0.0054080840879255
,hillstrom_conversion,drt_direct,40,82,0.8668559634827355,0.0002646394790344,6.581386820337308,0.0770627796059433
,hillstrom_conversion,drs_direct,40,82,2.0682233194972937,0.0004823592837685,4.414229508849279,0.0306067554178989
,hillstrom_conversion,drq_direct,40,82,1.2986471061723814,0.0005300432566434,4.274192563779607,0.0347426585282941
,hillstrom_conversion,drq_simple_log,40,82,1.5059715231799649,0.0006526256156178,3.2350391768560014,0.007389481321433
,hillstrom_conversion,drq_simple_direct,40,82,0.5709532364458583,0.0001531508984672,3.674777005121892,0.0298100600276173
,hillstrom_conversion,x,40,82,0.5006635302501299,0.0004588155883097,3.0385498822417385,0.0066273296996749
,hillstrom_conversion,x_log,40,82,0.9308084968442052,0.0003012944351923,2.105146709087764,0.0061952189672463
,hillstrom_conversion,r,40,82,1.1822186178395817,0.0010352702479031,2.596704819542133,0.0069911097518633
,hillstrom_conversion,r_log,40,82,1.678641611334044,0.0004555688790284,2.3094097459647083,0.0104204682193447
,hillstrom_conversion,dr_diff,40,82,0.1283608682287451,0.000238392692881,4.724615673513656,0.0157840360659643
,hillstrom_conversion,s,41,83,0.6476051445982565,0.0002725721680634,2.0798340257530104,0.0062954902673701
,hillstrom_conversion,t,41,83,0.1244715019769611,0.0004016288250082,3.1249616274260528,0.008321128047433
,hillstrom_conversion,q,41,83,0.3234592767082151,0.0004843311264073,2.978169129718476,0.007330410668902
,hillstrom_conversion,q_simple,41,83,0.1803389643005002,0.0004011033170461,3.283567530860964,0.0060264116679254
,hillstrom_conversion,drt_log,41,83,0.6350183061017538,0.0007453193955603,2.515429537186695,0.0062848756057854
,hillstrom_conversion,drs_log,41,83,0.2359790062746865,0.0008805820866866,2.010108503652012,0.0037307338703105
,hillstrom_conversion,drq_log,41,83,0.1463271653636155,-9.751110979009476e-05,2.8712729692469687,0.0099491103144484
,hillstrom_conversion,drt_direct,41,83,0.1168955673146641,0.0003761715842414,8.97955075842879,0.0680107982400059
,hillstrom_conversion,drs_direct,41,83,0.0931069694308748,0.0004951055388842,4.185795046458282,0.0258814618110526
,hillstrom_conversion,drq_direct,41,83,0.221340126272409,0.0004908820745767,6.246272289385653,0.0344551173512374
,hillstrom_conversion,drq_simple_log,41,83,0.5737162657736588,0.0005424097640601,4.0450798352362005,0.0067144767083542
,hillstrom_conversion,drq_simple_direct,41,83,0.8641869563414413,0.0006704925889292,4.767231880876718,0.0274517783915535
,hillstrom_conversion,x,41,83,0.1369981823446986,0.000946156245627,3.7270626141587018,0.0040718293571259
,hillstrom_conversion,x_log,41,83,-0.0996101091005861,0.0003776358220729,2.485530039001226,0.0048208577634238
,hillstrom_conversion,r,41,83,-0.3285166935685335,-0.0009024621742957,3.2599181036249707,0.005783278569349
,hillstrom_conversion,r_log,41,83,0.4118173020216598,0.0008612187307308,2.067765552609101,0.0078196718029375
,hillstrom_conversion,dr_diff,41,83,0.1134949709974324,0.0002735265141005,5.357673470964651,0.0154786575838972
,hillstrom_conversion,s,42,84,-0.4171487038676207,-0.0003643768517578,2.1864040658539468,0.0059187064675738
,hillstrom_conversion,t,42,84,-0.3896700825689723,0.0001581666089795,3.0592736069352204,0.0075294416704942
,hillstrom_conversion,q,42,84,0.2341955784321898,3.1034882635000774e-05,4.072044085027671,0.0112274087654795
,hillstrom_conversion,q_simple,42,84,0.2799875220761589,7.464396919311519e-05,4.145114673018078,0.0119278847036479
,hillstrom_conversion,drt_log,42,84,-0.3864141025887315,0.0001047614388127,3.6704752188765752,0.0087195721142197
,hillstrom_conversion,drs_log,42,84,-0.3200100934728471,3.342274417246754e-05,2.672938872809116,0.0039012353476105
,hillstrom_conversion,drq_log,42,84,0.2955315444548212,0.0002571639411164,2.833922336688372,0.0083755516350006
,hillstrom_conversion,drt_direct,42,84,-0.3163803579444848,0.0001894513121978,6.728146278173012,0.0727270855511884
,hillstrom_conversion,drs_direct,42,84,-0.379709250876433,-1.999483199797503e-05,3.340802778432652,0.0268676292413909
,hillstrom_conversion,drq_direct,42,84,0.739577080903496,0.0004704379922892,6.187673477798675,0.0386792731881774
,hillstrom_conversion,drq_simple_log,42,84,0.6398124517616339,0.0002245341290898,5.875267633813343,0.0179844212297249
,hillstrom_conversion,drq_simple_direct,42,84,0.0119234246145949,0.0002012548666862,3.654647612272541,0.0297465979658411
,hillstrom_conversion,x,42,84,0.2112576497013472,0.0003806247185447,4.769885057188517,0.0045390899576207
,hillstrom_conversion,x_log,42,84,-0.510380433989321,8.16500289077004e-05,2.9915995377671942,0.0071420196597174
,hillstrom_conversion,r,42,84,0.5236255802464505,0.0001673000470983,2.7701360524881893,0.0057457984317904
,hillstrom_conversion,r_log,42,84,-0.5636992519603417,-4.5230339522591735e-06,3.288903429598196,0.012773154970537
,hillstrom_conversion,dr_diff,42,84,-0.3179347640793035,0.0001102026802112,4.2651090061985775,0.0166254310264989
,hillstrom_conversion,s,43,85,0.1523155080396154,-2.6577850216580583e-05,2.10762202387032,0.0103700903880328
,hillstrom_conversion,t,43,85,-0.0015641204979854,-0.0005466390192793,3.142646866405379,0.0124656246769745
,hillstrom_conversion,q,43,85,0.1011355645868885,-0.0006915563644647,4.048039003487911,0.0189305944559717
,hillstrom_conversion,q_simple,43,85,0.0848675957157705,-0.0005519189967027,3.1928866461040064,0.0186440212865764
,hillstrom_conversion,drt_log,43,85,-0.1483594559745651,-0.0012371456260749,2.704983951811369,0.0140225616339439
,hillstrom_conversion,drs_log,43,85,1.3098637993654343,-0.0006551008381694,1.6615779177615273,0.0052214346731027
,hillstrom_conversion,drq_log,43,85,0.0791239587277363,-0.0010829817105796,3.357842997567551,0.0162830807096471
,hillstrom_conversion,drt_direct,43,85,-0.4554273859592739,-0.0013156032220841,7.845786777331559,0.0909334954079745
,hillstrom_conversion,drs_direct,43,85,0.2457135756353201,-0.0013836293717709,4.053104627650295,0.0337417926858502
,hillstrom_conversion,drq_direct,43,85,0.1025074926350075,-0.0012437081743938,6.144706590514578,0.0422694700653859
,hillstrom_conversion,drq_simple_log,43,85,0.3665783807109388,0.00038691344853,5.15144456079546,0.0113091932543157
,hillstrom_conversion,drq_simple_direct,43,85,1.0984058118694249,-0.0007962333701429,4.195569583897435,0.0307055568675889
,hillstrom_conversion,x,43,85,0.2253905850150652,-0.0001239157300116,3.351293513992931,0.0096860821635099
,hillstrom_conversion,x_log,43,85,-0.0497971593884272,-0.0009137854878628,2.1522823384056475,0.0125355006655802
,hillstrom_conversion,r,43,85,0.3551468286266681,0.000117404631442,2.383323107083123,0.0061477380270739
,hillstrom_conversion,r_log,43,85,-0.4491265397276658,-0.0014230471846382,2.8730082835199373,0.0179549169009533
,hillstrom_conversion,dr_diff,43,85,0.2846195968682954,-0.0010582671620976,5.144606754230808,0.0189747678552205
,hillstrom_conversion,s,44,86,0.4680624548078449,0.0004985219587324,2.2352407565058634,0.0051772445863537
,hillstrom_conversion,t,44,86,0.3922742763334739,0.0007780728841732,3.4498003642569794,0.0081193752626826
,hillstrom_conversion,q,44,86,0.6285277411624586,0.0007911606893587,3.6459656498194617,0.0113716347086284
,hillstrom_conversion,q_simple,44,86,0.5513696455561727,0.0007004131399676,3.3148562147580427,0.0135429923236094
,hillstrom_conversion,drt_log,44,86,-0.0366021656628279,-0.0002484388877361,2.919952865921089,0.0119644759617351
,hillstrom_conversion,drs_log,44,86,0.2578533909719294,0.0002680903062292,2.592250053458553,0.0049345249936185
,hillstrom_conversion,drq_log,44,86,0.5810629842152331,0.0005542984255417,3.947326694833865,0.0095895644220317
,hillstrom_conversion,drt_direct,44,86,-0.0831767681972925,-0.0003751813953695,8.627907170250209,0.0838218686244545
,hillstrom_conversion,drs_direct,44,86,0.34281753897592,0.0002013833076468,5.088155319437632,0.0349290502334981
,hillstrom_conversion,drq_direct,44,86,0.8038668555376614,0.0004090454977716,8.10347799867514,0.0387964490425178
,hillstrom_conversion,drq_simple_log,44,86,1.0347471055476245,0.0010792608269982,4.617409027720214,0.021987597263837
,hillstrom_conversion,drq_simple_direct,44,86,0.7255081541131716,0.0003450854031148,8.38203282729639,0.0302497490585306
,hillstrom_conversion,x,44,86,-0.0744346596556699,8.832216476546153e-05,3.499531714466526,0.0099618381777809
,hillstrom_conversion,x_log,44,86,0.1099852656623259,0.0003511757511198,2.627457435940596,0.0077893410732084
,hillstrom_conversion,r,44,86,0.3196790455701954,0.0006803383472086,2.2310998127596307,0.0087247744315718
,hillstrom_conversion,r_log,44,86,0.0903507402326075,-0.0001809235964187,2.385789140289733,0.0161737844656809
,hillstrom_conversion,dr_diff,44,86,-0.0134256989522807,-9.177113321583596e-05,7.094194018716413,0.0162003591794239
,hillstrom_conversion,s,45,87,-0.3011624216790609,-0.0001425744583201,3.10039750370162,0.0065621208612155
,hillstrom_conversion,t,45,87,0.5898205954817544,0.0006027957220687,2.912068460354379,0.0035141189314582
,hillstrom_conversion,q,45,87,-0.0088745581524378,-0.000385908706637,6.346907365783502,0.0107706312661982
,hillstrom_conversion,q_simple,45,87,-0.0632717621738836,-0.0003491709409848,6.274297773687754,0.0110127864448563
,hillstrom_conversion,drt_log,45,87,0.1835832730508839,0.0004485611048609,2.650774222829382,0.0106892842800945
,hillstrom_conversion,drs_log,45,87,-0.0846951248298557,0.0001938510159221,2.043305148993178,0.0042652602911653
,hillstrom_conversion,drq_log,45,87,-0.2084368937271499,-0.0001088419564663,3.2042239485785973,0.0067244283349138
,hillstrom_conversion,drt_direct,45,87,1.21811722052765,0.0009232595552532,7.215986354254174,0.0644921227040262
,hillstrom_conversion,drs_direct,45,87,0.5347355728945222,0.000752423535661,4.158003809487674,0.0230624394737099
,hillstrom_conversion,drq_direct,45,87,-0.1781535849929898,-0.0003490121852049,7.7407022918429185,0.0172336586260113
,hillstrom_conversion,drq_simple_log,45,87,0.0593218991803263,-0.0003178886607445,5.677135400055921,0.0120824868735915
,hillstrom_conversion,drq_simple_direct,45,87,-0.1347546709565252,-0.000534069511032,6.507009537219181,0.0155556094169128
,hillstrom_conversion,x,45,87,0.2890608268048356,0.0005016321420697,3.721212484800093,0.0063612422986833
,hillstrom_conversion,x_log,45,87,0.790474085572421,0.0004049782841319,2.0282701571965167,0.0047662689018251
,hillstrom_conversion,r,45,87,1.2535773937059769,0.0009728980543845,1.7400997652343928,0.0048046501938144
,hillstrom_conversion,r_log,45,87,0.076273076853454,0.0001412135074256,2.90913867987735,0.010029555789759
,hillstrom_conversion,dr_diff,45,87,0.5951508266821037,0.0012844183322933,5.64687409872638,0.0118715010534289
,hillstrom_conversion,s,46,88,0.0256790745196369,0.0004929300319088,2.2594068830401945,0.0045062437263435
,hillstrom_conversion,t,46,88,-0.098622679064992,0.000411714288351,3.119527688236056,0.0079397793350003
,hillstrom_conversion,q,46,88,0.2238377772209108,0.0003912110609774,2.970846624753986,0.007445577177656
,hillstrom_conversion,q_simple,46,88,0.1009178190084227,0.0003562935030399,3.945315272883865,0.0134728490589846
,hillstrom_conversion,drt_log,46,88,0.1955440875449228,0.000841107685849,2.1112395548257648,0.0088193827896063
,hillstrom_conversion,drs_log,46,88,0.1833288893344686,0.0007113739397269,2.0714913273855453,0.0049816785396796
,hillstrom_conversion,drq_log,46,88,0.2895300282597803,0.0004512517130788,3.109851790208186,0.0055829128217057
,hillstrom_conversion,drt_direct,46,88,0.0451637939988684,0.0004287053937921,6.918389262296382,0.0705344870449536
,hillstrom_conversion,drs_direct,46,88,0.7425960558562275,0.0003541959409661,3.17211491649682,0.0243386749976195
,hillstrom_conversion,drq_direct,46,88,0.1971118438507697,0.0004767557228287,5.35430438565719,0.0347177176621584
,hillstrom_conversion,drq_simple_log,46,88,0.9061034567091936,0.000602725300902,5.160074113123196,0.0225224262675999
,hillstrom_conversion,drq_simple_direct,46,88,0.3310891651558978,0.0002746268827699,5.059782597499243,0.0263996691253029
,hillstrom_conversion,x,46,88,0.2661047211354845,0.0005634710919908,3.2472131986264867,0.0032039445801938
,hillstrom_conversion,x_log,46,88,-0.0459807924801025,0.0001888041004774,2.3656211992272373,0.0063547505351987
,hillstrom_conversion,r,46,88,0.6582513265206087,0.0003132727021492,2.165227834358822,0.0057552488719185
,hillstrom_conversion,r_log,46,88,0.1169133897375149,0.0008300452332084,2.2514268741782604,0.0080393624252639
,hillstrom_conversion,dr_diff,46,88,-0.2988655599641858,0.0005355591716898,3.658524009010067,0.0125465939636112
,hillstrom_conversion,s,47,89,0.1619589949561823,0.0004067858905945,2.0802445868331323,0.0049441152969854
,hillstrom_conversion,t,47,89,0.6560208735457682,0.0004046489653042,3.6261900882636833,0.0076541546947799
,hillstrom_conversion,q,47,89,0.3526363092688103,0.0003132916716509,3.947156990861428,0.0129488059347437
,hillstrom_conversion,q_simple,47,89,0.6496789067173794,0.0003686894615007,3.9913380625192,0.0132862940425279
,hillstrom_conversion,drt_log,47,89,0.3764711537024661,0.0002152110164788,2.589274018423426,0.0091512267890732
,hillstrom_conversion,drs_log,47,89,0.5699574705297226,0.0005619949012694,1.7916609823838836,0.0040334870169353
,hillstrom_conversion,drq_log,47,89,0.5319388887323193,0.0006082974323645,2.279212211432596,0.0090482174469775
,hillstrom_conversion,drt_direct,47,89,0.1751017193072248,0.0001307737693637,9.076562240756168,0.0713090377151725
,hillstrom_conversion,drs_direct,47,89,0.12934554988521,7.917501084196352e-06,4.535622502584289,0.0302745552847429
,hillstrom_conversion,drq_direct,47,89,0.5976180098667097,0.0003534047614473,6.770703066878854,0.0341805204393551
,hillstrom_conversion,drq_simple_log,47,89,0.7090913860623898,0.0004567734445752,4.914706183855544,0.021915279319973
,hillstrom_conversion,drq_simple_direct,47,89,1.5225434248420917,0.0004636713644749,4.519579255475805,0.0287199703063135
,hillstrom_conversion,x,47,89,1.1775861580418432,0.0007400357049704,3.2862283155532013,0.0051459688882465
,hillstrom_conversion,x_log,47,89,0.1202233117115911,0.0001624779864613,2.556472868471255,0.0066503115714924
,hillstrom_conversion,r,47,89,0.0713657876894586,-0.0002230002751117,2.32469804427448,0.0038069770454474
,hillstrom_conversion,r_log,47,89,0.0915007969243129,3.32555876624294e-05,2.5585410141938065,0.0102566219114352
,hillstrom_conversion,dr_diff,47,89,0.100882450969572,-0.0001831250722496,5.338453937263614,0.0148744578127471
,hillstrom_conversion,s,48,90,0.2596469038045115,-2.271126907853844e-05,2.3322005266455244,0.0056302056504931
,hillstrom_conversion,t,48,90,0.5577322918234418,0.0005324086497651,3.175789612395113,0.0075491275357648
,hillstrom_conversion,q,48,90,0.011032632782326,5.102486787950675e-05,5.854235740415628,0.0155996033121667
,hillstrom_conversion,q_simple,48,90,-0.0778750239979964,7.302344202679252e-05,5.769466145468879,0.0132429872920197
,hillstrom_conversion,drt_log,48,90,0.1294257810836885,9.578768519756618e-05,2.2156515629302733,0.0108024499569895
,hillstrom_conversion,drs_log,48,90,0.1909528065834764,4.390563282567197e-05,1.876908771546332,0.0042619845773741
,hillstrom_conversion,drq_log,48,90,0.0528130867674476,0.0002316987598809,4.176013576362406,0.0072103816211706
,hillstrom_conversion,drt_direct,48,90,0.0684901055897519,6.626452482435966e-05,8.797907020421633,0.0699285144778632
,hillstrom_conversion,drs_direct,48,90,0.1524939426471625,-0.0001289043801929,4.446081501244436,0.0254756340762364
,hillstrom_conversion,drq_direct,48,90,0.3302910740757394,-1.28733818146984e-05,7.162915011323796,0.0431855208574958
,hillstrom_conversion,drq_simple_log,48,90,-0.0576125980499011,0.0002494779465132,5.18075341610218,0.0195406367682165
,hillstrom_conversion,drq_simple_direct,48,90,0.2536328656968669,-0.0001344968587429,5.019258415385858,0.0303256565289898
,hillstrom_conversion,x,48,90,-0.0142962776991817,0.0003816915663211,2.989508416324437,0.00564703734014
,hillstrom_conversion,x_log,48,90,0.0768982139251386,0.0003615053835299,1.941904771493364,0.0069895509106795
,hillstrom_conversion,r,48,90,0.0407874760400348,0.000182275837953,2.762078185301128,0.0036222806058726
,hillstrom_conversion,r_log,48,90,0.1252511798884088,0.0001229903559549,2.3655480467631635,0.0108224366972374
,hillstrom_conversion,dr_diff,48,90,0.3345178189351194,-2.743254925565179e-05,5.077320915653695,0.0134586954379016
,hillstrom_conversion,s,49,91,1.4535000718434317,0.0010501108623409,1.7674234492660523,0.0048864729303922
,hillstrom_conversion,t,49,91,0.4103604634181836,0.0009296488690793,2.866259569435155,0.0075069794081972
,hillstrom_conversion,q,49,91,0.5708283254060023,0.0005818507360721,2.196489351974348,0.0081767066057301
,hillstrom_conversion,q_simple,49,91,0.4365495456386221,0.0005846645069538,1.9954812141866631,0.0090759751518043
,hillstrom_conversion,drt_log,49,91,0.2462839797808076,0.0007151017579526,2.353754544100464,0.0108999369819213
,hillstrom_conversion,drs_log,49,91,0.417731834718912,0.0004653788463344,1.9920367868032856,0.0061547935709533
,hillstrom_conversion,drq_log,49,91,2.251334214516344,0.000542918603198,2.2811950647649235,0.0120700626905089
,hillstrom_conversion,drt_direct,49,91,0.096734586716535,-0.0001735014977027,7.407614047608381,0.0716790008959604
,hillstrom_conversion,drs_direct,49,91,0.274962813100962,-0.0002545369687604,4.252907955642031,0.029520687932006
,hillstrom_conversion,drq_direct,49,91,1.2579940756879933,-3.695914193387311e-05,5.206133008751508,0.0362908767828394
,hillstrom_conversion,drq_simple_log,49,91,0.7702611480832391,0.0006989701228829,5.249140878246039,0.0108396156293213
,hillstrom_conversion,drq_simple_direct,49,91,1.0793270420990666,-0.0002675207430332,3.203043067495748,0.0213349126703586
,hillstrom_conversion,x,49,91,0.5374934230646424,0.0007424122915911,2.762877574098233,0.0049576846529475
,hillstrom_conversion,x_log,49,91,0.4379784599919825,0.0004234781168131,2.3553151364059164,0.0084258174129234
,hillstrom_conversion,r,49,91,-0.0294905902794142,0.0002730534353818,2.8467257147171567,0.005076501579474
,hillstrom_conversion,r_log,49,91,0.1725391795690343,0.0004839718110614,2.2200515640314173,0.0103461332699743
,hillstrom_conversion,dr_diff,49,91,0.3184199377039718,0.0003329855658437,4.906985309910845,0.014106485721131
,criteo,s,25,67,0.3482797555814705,0.0047924890813489,1.0907845763823356,0.0011519886931102
,criteo,t,25,67,0.394999772576978,0.0044986822508745,1.10077217166057,0.0006574250561157
,criteo,q,25,67,0.5546697071769588,0.0043876982257134,1.1332623875545933,0.0007709661868973
,criteo,q_simple,25,67,0.4644499838487097,0.0048970537130069,1.0449803642161597,0.0088014181439648
,criteo,drt_log,25,67,0.1715555203291183,0.0045343117831111,1.163426147581128,0.0164813139699485
,criteo,drs_log,25,67,0.1366322574040792,0.0044038845381772,1.125282597981467,0.0151420821337054
,criteo,drq_log,25,67,0.1955302721511638,0.0043558183914669,1.1651380821359874,0.0159495295155314
,criteo,drt_direct,25,67,0.4404677044266862,0.0045933321132261,1.6870132121579924,0.0378038723672244
,criteo,drs_direct,25,67,0.4277891364337238,0.0045744229164053,1.6315827819078312,0.0349212049658278
,criteo,drq_direct,25,67,0.50054465230403,0.0045928440859106,1.7070541406320765,0.0365022344148529
,criteo,drq_simple_log,25,67,0.467528848251334,0.0048940832815437,1.0762734045878963,0.0154057309433065
,criteo,drq_simple_direct,25,67,0.4481921766643522,0.0046257399375814,1.865390422229656,0.0569163167213205
,criteo,x,25,67,0.9397240512026954,0.0047284230509332,1.150839160222056,0.0010768024874371
,criteo,x_log,25,67,0.4295503684817199,0.0048203663684207,1.080119141045822,0.0007325531634751
,criteo,r,25,67,0.6676578548351206,0.0047459784563281,1.120106971011006,0.001361258214631
,criteo,r_log,25,67,0.433268976245426,0.0048133495195833,1.0839094015928965,0.0007306763186599
,criteo,dr_diff,25,67,0.8009053688167911,0.0044849061746205,2.187004020515969,0.0528215302481188
,criteo,s,26,68,0.2954035012954692,0.0045357817654722,1.0760001877704248,0.0005507560787948
,criteo,t,26,68,0.3429939475575581,0.0044102288062916,1.1115931700797168,0.0012633976477295
,criteo,q,26,68,0.5024455242987433,0.0042028566187602,1.106327294303238,0.0009723476695372
,criteo,q_simple,26,68,0.4014005008220442,0.0045457381259071,1.047029095044916,0.0090201390326415
,criteo,drt_log,26,68,0.1425087249992584,0.0041936016925229,1.150786858772452,0.0168558999919013
,criteo,drs_log,26,68,0.1169985852524846,0.0041191635228751,1.1281749958915068,0.0164161658129621
,criteo,drq_log,26,68,0.1712945083379236,0.0042262533777778,1.1394504961466474,0.0164636170132826
,criteo,drt_direct,26,68,0.3754877665038241,0.0043338532937433,1.7052793897405367,0.0381989028427294
,criteo,drs_direct,26,68,0.3598771466398383,0.0043122611784113,1.6659587322894782,0.0357140473041251
,criteo,drq_direct,26,68,0.4404868448389416,0.0043355272101763,1.704440140397649,0.0370708361440681
,criteo,drq_simple_log,26,68,0.4162221323741464,0.0044829696463963,1.076597341039456,0.0156850030283777
,criteo,drq_simple_direct,26,68,0.4014373227211139,0.0043553583166334,1.9301236547407807,0.0571345831973653
,criteo,x,26,68,0.8325130634564335,0.0045665446550003,1.1538988107628718,0.0006430626873028
,criteo,x_log,26,68,0.3506724592044958,0.0045964497112359,1.0679625560919632,0.0007271972874289
,criteo,r,26,68,0.6427649498808763,0.0044665093282497,1.0818817938021008,0.0015785293133327
,criteo,r_log,26,68,0.3524219884078772,0.0045450601687956,1.0626762001592185,0.0008757087644256
,criteo,dr_diff,26,68,0.6754013674695967,0.0042334863391933,2.2142204465389423,0.0533797862784656
,criteo,s,27,69,0.3427812634536811,0.0046919828069441,1.088147412133236,0.0007681002355265
,criteo,t,27,69,0.3516634325305252,0.0044712390161559,1.0859970650116348,0.001107757335971
,criteo,q,27,69,0.5871688411792835,0.0043401295267323,1.1238764276015103,0.0010547842244205
,criteo,q_simple,27,69,0.4814434228449553,0.0045812428572583,1.0327748138309725,0.008592876490814
,criteo,drt_log,27,69,0.1523376689143731,0.0043424496281332,1.165793891092921,0.017005309900461
,criteo,drs_log,27,69,0.1282350238111607,0.0044137919849842,1.1463025544568164,0.0160262924027676
,criteo,drq_log,27,69,0.1729010404252058,0.0043936322950996,1.1621688919784907,0.0162930377382968
,criteo,drt_direct,27,69,0.4494955970008742,0.0045548975348885,1.6763934170990562,0.0380054357293747
,criteo,drs_direct,27,69,0.4344037809546948,0.0045286138754122,1.6377742338765595,0.0355510014400906
,criteo,drq_direct,27,69,0.4942919501474294,0.0045458827215971,1.7241839348520815,0.0367647813381438
,criteo,drq_simple_log,27,69,0.4936598930089391,0.0045828890684291,1.0649114119310037,0.0148677498646169
,criteo,drq_simple_direct,27,69,0.4736243357169545,0.0045794881058117,1.8972415604850803,0.056544127398302
,criteo,x,27,69,0.8801804646933147,0.0045383849266011,1.1757966528953907,0.0013037153886076
,criteo,x_log,27,69,0.3938865765175758,0.0045420423448421,1.075878397318749,0.0009589423839619
,criteo,r,27,69,0.5836628243336706,0.0047059743155196,1.1093313479651346,0.0012073592463772
,criteo,r_log,27,69,0.4028109788089349,0.0045975128771022,1.0839156465790871,0.00118488139305
,criteo,dr_diff,27,69,0.6955472027636258,0.0044419212015575,2.181008076477982,0.0533062543025696
,criteo,s,28,70,0.3585944696569418,0.0049138239779447,1.0940192622905351,0.0013202293354718
,criteo,t,28,70,0.3817338916672324,0.004768634180004,1.0957660717995208,0.0004605535810096
,criteo,q,28,70,0.5822892782670492,0.0045367638057251,1.1208139588525612,0.0011317405937075
,criteo,q_simple,28,70,0.4786306812395058,0.0048428409836002,1.0369519480466007,0.0090182922523681
,criteo,drt_log,28,70,0.1828245089774045,0.0047775264670866,1.1487065667368062,0.0161080816556904
,criteo,drs_log,28,70,0.1525974988090235,0.0046484625539752,1.1208294219690502,0.0150085488032028
,criteo,drq_log,28,70,0.2184998766981973,0.0046320529962377,1.1479976782347867,0.015662033474688
,criteo,drt_direct,28,70,0.4287939700925076,0.0047455206196855,1.6749680991911962,0.0374473343580189
,criteo,drs_direct,28,70,0.4247855912761289,0.0047223365158751,1.6310111071235125,0.0349562348274791
,criteo,drq_direct,28,70,0.52056391347636,0.0047397150940974,1.6779594732488985,0.036481993526634
,criteo,drq_simple_log,28,70,0.4818354241599445,0.0048954832918874,1.0646961158738433,0.0159542121015333
,criteo,drq_simple_direct,28,70,0.4728065950350897,0.0047616687854381,1.85038057237456,0.0566355875394501
,criteo,x,28,70,0.8555296215373109,0.0048920903641978,1.2142833460590046,0.0010523590344023
,criteo,x_log,28,70,0.4102567949833835,0.0049890164021895,1.093676284886166,0.0011112967965807
,criteo,r,28,70,0.5920929552184748,0.0048432721936487,1.1290613979960762,0.0017746379522442
,criteo,r_log,28,70,0.4053218956770736,0.0049624501823901,1.0911957946396038,0.0007501333954295
,criteo,dr_diff,28,70,0.641302376006254,0.0046387210620567,2.171057313485146,0.0528627067953553
,criteo,s,29,71,0.3317334935898366,0.0046800537005738,1.0831164515247491,0.0010067902824926
,criteo,t,29,71,0.3476745221712878,0.0044674520635323,1.0536448285200148,0.0008350131003036
,criteo,q,29,71,0.5425540107939304,0.0042025126401208,1.1084703471455697,0.0009253867252674
,criteo,q_simple,29,71,0.4515203083932473,0.0047280362996611,1.041476245159136,0.008433183408033
,criteo,drt_log,29,71,0.1415809326596322,0.004356916940822,1.1508143344250734,0.017261028411614
,criteo,drs_log,29,71,0.115469044442326,0.0043196334949864,1.1382218031295863,0.0159009905723665
,criteo,drq_log,29,71,0.1653637502345646,0.0042645681263338,1.1603098005649473,0.0166257358214441
,criteo,drt_direct,29,71,0.391299147641821,0.004527878672102,1.7183588875258426,0.0383045264821912
,criteo,drs_direct,29,71,0.3667877060150253,0.0045029377484481,1.6814525333719972,0.0357420732110694
,criteo,drq_direct,29,71,0.4477213478572361,0.0045217330943323,1.7508968426415616,0.0371982921551014
,criteo,drq_simple_log,29,71,0.460289404250513,0.0047301863988238,1.0702322423506585,0.0157352077698173
,criteo,drq_simple_direct,29,71,0.4458584947117892,0.0045513131435656,1.8993364957578835,0.0579381248586954
,criteo,x,29,71,0.8226432767157754,0.0045812979411452,1.1320240411538205,0.0011448970083277
,criteo,x_log,29,71,0.3839087120257249,0.0046646713208704,1.067391510282582,0.0010278171752549
,criteo,r,29,71,0.5706933548820459,0.0046742790641017,1.117225275063615,0.001392059164688
,criteo,r_log,29,71,0.3946022549629187,0.0047859059807827,1.0820069915698178,0.0009254404947544
,criteo,dr_diff,29,71,0.6215782032285904,0.0044023896204347,2.3269394606487923,0.0534092633694406
,criteo,s,30,72,0.3433632651117742,0.0046571188848215,1.0822386555781716,0.0006962379283535
,criteo,t,30,72,0.3673240092044023,0.0043836940318343,1.1167429295540592,0.0014458074863127
,criteo,q,30,72,0.5258299388096568,0.0041860656174931,1.09993477032266,0.0010150040228883
,criteo,q_simple,30,72,0.4157780515922449,0.0046353079224551,1.0502105164356368,0.0090408087679049
,criteo,drt_log,30,72,0.1596201976416282,0.0042638159361774,1.1613103715774855,0.0172585351459342
,criteo,drs_log,30,72,0.1315896939243259,0.004368020628994,1.1624934139294318,0.0161562249879713
,criteo,drq_log,30,72,0.1780609183001908,0.0042658069113327,1.1641291704933296,0.0162887996002159
,criteo,drt_direct,30,72,0.4380014528809828,0.0044398768873645,1.6936348929135008,0.038818101129513
,criteo,drs_direct,30,72,0.4214098428277983,0.0044131925768845,1.6382118752370447,0.0360500416196079
,criteo,drq_direct,30,72,0.5004195244382577,0.0044358321861055,1.6827220217496648,0.0372632079084919
,criteo,drq_simple_log,30,72,0.4444141811643536,0.0046960985817087,1.0642377548821629,0.0156598254347483
,criteo,drq_simple_direct,30,72,0.4245466748436728,0.0044595093395238,1.903654056416067,0.0571806745187041
,criteo,x,30,72,0.8997782616970251,0.0045359388927277,1.2097577753919353,0.0004853879317496
,criteo,x_log,30,72,0.3994161184654545,0.0046915019024622,1.0754619476218832,0.0006517934329253
,criteo,r,30,72,0.5894129771482273,0.0045373447679568,1.1265369456144991,0.0016847505921444
,criteo,r_log,30,72,0.4124220386687183,0.0046670406768276,1.0726684839004357,0.0007781731532551
,criteo,dr_diff,30,72,0.6521073943698834,0.0043202726761994,2.116744388396742,0.0534552651847177
,criteo,s,31,73,0.3228313036692614,0.0046451482350494,1.0726785054363006,0.0009285706127248
,criteo,t,31,73,0.3673521694953434,0.0045866817205739,1.0708848722853086,0.0010009926025033
,criteo,q,31,73,0.5768598392208586,0.0044639027645836,1.0837798963205605,0.0006169247380256
,criteo,q_simple,31,73,0.4539115801180751,0.0048490564467207,1.0660180108534432,0.0088036317166389
,criteo,drt_log,31,73,0.1555422791859997,0.0043618481943262,1.1818688029928035,0.016805812741275
,criteo,drs_log,31,73,0.1288027549846639,0.0044151861280781,1.1738132522605624,0.0157970834908356
,criteo,drq_log,31,73,0.1820827908081435,0.004419838876825,1.1720316339433725,0.0162960214212621
,criteo,drt_direct,31,73,0.3946065053004466,0.0045690435437074,1.711512360733689,0.0383787366768747
,criteo,drs_direct,31,73,0.3981347278468758,0.0045383192897442,1.6624552176387677,0.0359217987536164
,criteo,drq_direct,31,73,0.483073820917417,0.0045619439017488,1.7606417822515907,0.0374187884226224
,criteo,drq_simple_log,31,73,0.4526922981059327,0.0048059897903862,1.1064555702793486,0.015660879678089
,criteo,drq_simple_direct,31,73,0.4404755262814024,0.0045971599834754,1.9040408715513777,0.057633529043046
,criteo,x,31,73,0.8162337499032295,0.0046401914375802,1.0978415350477446,0.000826738633385
,criteo,x_log,31,73,0.3878007431785162,0.004682548579882,1.0799852355415231,0.0006538177661218
,criteo,r,31,73,0.6034347092717811,0.0047558740509384,1.075777246409383,0.0011602583090478
,criteo,r_log,31,73,0.3906087889992384,0.0048003447769249,1.0665944899220587,0.0006742639531619
,criteo,dr_diff,31,73,0.6292767192751678,0.0044577057588503,2.230415800661047,0.0536486464641046
,criteo,s,32,74,0.384767624433781,0.004746357980798,1.0992463550027929,0.0008298497648229
,criteo,t,32,74,0.3851502675930023,0.0043497509841075,1.0592863969889994,0.0009821251475586
,criteo,q,32,74,0.6037590112397933,0.0044466570648313,1.1253131619901358,0.0005622386770928
,criteo,q_simple,32,74,0.4774125487299567,0.0049075601209194,1.0494648346338118,0.0084511243921073
,criteo,drt_log,32,74,0.1740024847342491,0.0044946538358708,1.1532658826206998,0.0168203988774454
,criteo,drs_log,32,74,0.1422767908610203,0.0044435169514644,1.133598663504657,0.0157202879320341
,criteo,drq_log,32,74,0.1961532873884162,0.0044940187247484,1.1433512128756316,0.0160275853222825
,criteo,drt_direct,32,74,0.448001339594126,0.0046137506245767,1.6879444153894327,0.0382223189681138
,criteo,drs_direct,32,74,0.4339022722663253,0.0045861554693593,1.6401968084596938,0.0355761964758425
,criteo,drq_direct,32,74,0.5204573458490482,0.0046081576697215,1.6832276106635962,0.036703315556338
,criteo,drq_simple_log,32,74,0.4908409805917095,0.0049271954461298,1.0707733562274575,0.0156378316589999
,criteo,drq_simple_direct,32,74,0.4684354077322534,0.0046390677181629,1.8846322419295185,0.0570065105551405
,criteo,x,32,74,0.8833692929772847,0.0047978910176432,1.2020759962754872,0.0010645681874351
,criteo,x_log,32,74,0.4342035874689289,0.0047558227861728,1.0913056458793604,0.0005789169412839
,criteo,r,32,74,0.6338373992689328,0.0047890712519603,1.1102853689169572,0.0011453096777072
,criteo,r_log,32,74,0.4388217072445481,0.0047605321642727,1.088469853649366,0.0008802588580751
,criteo,dr_diff,32,74,0.6373947667998718,0.0045025033246766,2.1746343357696274,0.0531451679605149
,criteo,s,33,75,0.3324140292669322,0.0045646095651607,1.0801684821291206,0.0008135979963672
,criteo,t,33,75,0.3354061693646653,0.0043662043887481,1.0586489365940193,0.0011486440946047
,criteo,q,33,75,0.521116279876918,0.0042524746155254,1.084955982378766,0.0008828625053311
,criteo,q_simple,33,75,0.4254052677576656,0.0046601544337394,1.046027325815993,0.0088632274319434
,criteo,drt_log,33,75,0.1482343141857618,0.0041923035169622,1.1813934668562247,0.0175379107679756
,criteo,drs_log,33,75,0.1193665446320904,0.0042109118591217,1.1424881009567225,0.0163707383964183
,criteo,drq_log,33,75,0.1584137008358854,0.0042438910319327,1.1445561710190644,0.0165842768918743
,criteo,drt_direct,33,75,0.4060879645780071,0.0044271784542524,1.7164900728418773,0.0386127944115343
,criteo,drs_direct,33,75,0.3937599698018976,0.0044028609367457,1.672728580616197,0.0359221139117052
,criteo,drq_direct,33,75,0.4488805180360264,0.0044192391250053,1.7557752845710524,0.037237552653579
,criteo,drq_simple_log,33,75,0.4494492622255865,0.0045864772524876,1.0742255677082455,0.0157160690080387
,criteo,drq_simple_direct,33,75,0.4251559693042694,0.0044566725375944,1.8991470426125387,0.0575067478742469
,criteo,x,33,75,0.8545624779921306,0.0044617127255366,1.176210948286792,0.0008761817734141
,criteo,x_log,33,75,0.3769132902752594,0.0045642748929963,1.0719119822579903,0.0006693573334676
,criteo,r,33,75,0.6037689843389678,0.0046828282745632,1.0973738858357416,0.0012471475212801
,criteo,r_log,33,75,0.3865106677477499,0.0046684635985648,1.0715926665250388,0.0004022854179976
,criteo,dr_diff,33,75,0.6038305672344018,0.0043195174249337,2.2122034058228106,0.053531158577858
,criteo,s,34,76,0.3214029759233483,0.0047265958493205,1.0837120820970598,0.0010723917787394
,criteo,t,34,76,0.3013716593998341,0.0043253960069545,1.092933934996268,0.0012491350821335
,criteo,q,34,76,0.5377544837033812,0.0043635564854896,1.1117105597680184,0.000781788524318
,criteo,q_simple,34,76,0.4281856208360133,0.0048368776776366,1.0621220047826874,0.009148504541109
,criteo,drt_log,34,76,0.1526943574810284,0.0045326681134173,1.1676965366006022,0.0169068376619075
,criteo,drs_log,34,76,0.128930989592295,0.0044966089606949,1.1343821062817006,0.0157414108994632
,criteo,drq_log,34,76,0.1751856048851288,0.0043128102967764,1.1429929458925492,0.0160010354729542
,criteo,drt_direct,34,76,0.3978384575697495,0.0045433198694307,1.6903652087166403,0.0381181914729364
,criteo,drs_direct,34,76,0.3944089542999203,0.004513749445754,1.6557484472098347,0.0355668054773321
,criteo,drq_direct,34,76,0.4793297119797657,0.0045371257764987,1.7086823878471606,0.0369954214803703
,criteo,drq_simple_log,34,76,0.4486183105952794,0.0048735984059452,1.0728677927831054,0.0158949842472008
,criteo,drq_simple_direct,34,76,0.4213368535001025,0.0045548582616095,1.8801797131909943,0.0574996571107554
,criteo,x,34,76,0.8005048035353641,0.0047091293184578,1.1508545551048714,0.0009502602364457
,criteo,x_log,34,76,0.3506614126146063,0.0047101029254203,1.0632903513874443,0.0004484985766035
,criteo,r,34,76,0.5757783777227681,0.004710793892588,1.0660636374406185,0.0013560733350283
,criteo,r_log,34,76,0.3556809704389332,0.0047302853824314,1.0704756367056945,0.0006584464665135
,criteo,dr_diff,34,76,0.5979036692625834,0.0044216806033534,2.3364542219166284,0.0533296598027253
,criteo,s,35,77,0.3419570954361688,0.0048200528499861,1.0932430111619755,0.0013989621880212
,criteo,t,35,77,0.385885949648989,0.0045872780151642,1.084983977491069,0.0006294350752708
,criteo,q,35,77,0.5519825086873718,0.0045194735711807,1.1189515920523003,0.0005818780017835
,criteo,q_simple,35,77,0.4405911665038218,0.0048928438354193,1.0339386068606384,0.0082098854668172
,criteo,drt_log,35,77,0.169930948968553,0.0044974157074927,1.1795866621637512,0.0167862355771429
,criteo,drs_log,35,77,0.1359597463361688,0.004418974209045,1.1416993076367148,0.0158406958125543
,criteo,drq_log,35,77,0.1864725703397272,0.0044092248394502,1.132242875113397,0.01581809979545
,criteo,drt_direct,35,77,0.4415900539588051,0.0046470919331502,1.670160011328077,0.0379414396690353
,criteo,drs_direct,35,77,0.4305260400018798,0.0046287061292176,1.6408974028973606,0.0352270975540698
,criteo,drq_direct,35,77,0.511187676305797,0.0046485683315243,1.6989722391514468,0.0366453841443148
,criteo,drq_simple_log,35,77,0.449494326425591,0.0048233152348687,1.0800433113373815,0.0150289989590627
,criteo,drq_simple_direct,35,77,0.4309820922122263,0.0046704697552121,1.8614769268030849,0.0567806651243648
,criteo,x,35,77,0.8839799753965694,0.0046968446142511,1.1992987111631377,0.0010795523792205
,criteo,x_log,35,77,0.4488397552918906,0.0049110900568733,1.086331351841226,0.0012514467199755
,criteo,r,35,77,0.5613857062815555,0.0048848297720687,1.1093996805730033,0.001009266254409
,criteo,r_log,35,77,0.4358863225985769,0.0049278931861315,1.1192258103725092,0.001181077012444
,criteo,dr_diff,35,77,0.6345789945980231,0.0045221938867287,2.1306840962586744,0.0529145886053226
,criteo,s,36,78,0.2992716439771252,0.0047913064709163,1.0824411126249325,0.0011332035089107
,criteo,t,36,78,0.3397859352135095,0.0043173271520415,1.0738952719490968,0.0011509139603547
,criteo,q,36,78,0.5299263673719645,0.004207596362063,1.0995350586210906,0.000755384120208
,criteo,q_simple,36,78,0.4401837091542324,0.0046752545810358,1.056885782164781,0.0082262502894196
,criteo,drt_log,36,78,0.1394375643428724,0.004273611350451,1.1687335550853264,0.0173687033537027
,criteo,drs_log,36,78,0.1151135098480191,0.0043003921753773,1.181058564065837,0.0160003654359456
,criteo,drq_log,36,78,0.1646020680171918,0.0043825910469126,1.1682100315573067,0.0163146269829531
,criteo,drt_direct,36,78,0.3546591185094698,0.0045682450196272,1.7137184309864617,0.0384734490369628
,criteo,drs_direct,36,78,0.3503725029607514,0.0045448308403542,1.6703590048464154,0.0356981332371853
,criteo,drq_direct,36,78,0.4426442832522508,0.0045700432494701,1.737076022497292,0.037073465973708
,criteo,drq_simple_log,36,78,0.4515939606131067,0.0047308353286722,1.082317398143375,0.0152817851552034
,criteo,drq_simple_direct,36,78,0.4371672918073992,0.0045957471754198,1.843834193103292,0.0572306487607745
,criteo,x,36,78,0.790207692882932,0.004623809408189,1.1508828809238063,0.0008549529162952
,criteo,x_log,36,78,0.3628021354417858,0.0046465199841439,1.0707687135289845,0.0011610574921881
,criteo,r,36,78,0.5438013751696105,0.0047072807674419,1.1193344753901957,0.001159890784789
,criteo,r_log,36,78,0.3576482796435758,0.0046955287452815,1.0708740054872077,0.0007867123192204
,criteo,dr_diff,36,78,0.6222256263806991,0.0044589318982349,2.255440741614517,0.0532793188097439
,criteo,s,37,79,0.3288094679877218,0.0046660958393619,1.0805405930765364,0.0010912657828737
,criteo,t,37,79,0.3654917743896952,0.0045203922945483,1.0923995767051795,0.0009070915722156
,criteo,q,37,79,0.5452368934391298,0.0042926796369257,1.1108513283151285,0.0006105635927389
,criteo,q_simple,37,79,0.456487039782544,0.004646111761261,1.0471706066773372,0.0086536909526985
,criteo,drt_log,37,79,0.1594600736324498,0.0045070439657602,1.1707085495686675,0.016669401020993
,criteo,drs_log,37,79,0.1312828137533674,0.0044270062921507,1.131696845654108,0.0158213217674167
,criteo,drq_log,37,79,0.1882333253033714,0.004452511685581,1.1383340750631483,0.0159897869619075
,criteo,drt_direct,37,79,0.4184760224281227,0.0045640321443226,1.698038869770475,0.0379992705602726
,criteo,drs_direct,37,79,0.4021195362949441,0.0045441724509527,1.6609574896941772,0.0354614463535638
,criteo,drq_direct,37,79,0.4958052824437533,0.004566335917001,1.7239421619085382,0.0369056814314437
,criteo,drq_simple_log,37,79,0.4779198617921649,0.0048810156027928,1.0662927548829515,0.0153978831411809
,criteo,drq_simple_direct,37,79,0.4694272922649416,0.004595273210022,1.8987012788069504,0.0572719349572411
,criteo,x,37,79,0.8364476532261405,0.0046985313470734,1.1705062333197365,0.0006992188641488
,criteo,x_log,37,79,0.3983585633756339,0.0048137731111749,1.0793829529695778,0.0005309661636744
,criteo,r,37,79,0.5867234555935712,0.0047155158508874,1.110427200277942,0.001325620408958
,criteo,r_log,37,79,0.406372102049777,0.0047197475160815,1.0810302928175208,0.0004684806691438
,criteo,dr_diff,37,79,0.6515993234900339,0.0044579171320666,2.2036744602499936,0.053178522862621
,criteo,s,38,80,0.3528490183032737,0.0046731109471245,1.0937587129978197,0.0009429359943419
,criteo,t,38,80,0.3709150090602289,0.0044750745314604,1.0940479436533304,0.0010305254810292
,criteo,q,38,80,0.5509723805496503,0.0043137531868838,1.1227885890399525,0.0008419767089029
,criteo,q_simple,38,80,0.4433577946159246,0.0049353357831108,1.0313807619665754,0.0086559014876795
,criteo,drt_log,38,80,0.1617417106739906,0.0044071623129854,1.1636624053474545,0.0168921165096902
,criteo,drs_log,38,80,0.1331983774117333,0.0044178781468779,1.1511717763236573,0.0157629760068208
,criteo,drq_log,38,80,0.1860963070702688,0.0043893590929511,1.1429586600414796,0.0163644348978403
,criteo,drt_direct,38,80,0.4334430317834854,0.0045725010863335,1.677191465415134,0.0382053024489024
,criteo,drs_direct,38,80,0.4210511490744424,0.0045448983268996,1.6489476032766968,0.0354570436362897
,criteo,drq_direct,38,80,0.4922340443131265,0.0045665520461316,1.692905521967509,0.0368714076206863
,criteo,drq_simple_log,38,80,0.4618945375058534,0.0048083800883937,1.0644996376443956,0.015324071047649
,criteo,drq_simple_direct,38,80,0.4441825868326263,0.0045902335618232,1.8867658575749773,0.0569069409248267
,criteo,x,38,80,0.8842432671947051,0.0047396404900857,1.2044550727135133,0.0008006338907604
,criteo,x_log,38,80,0.3935919532201299,0.0046320720699681,1.0800004376418275,0.0004739241453177
,criteo,r,38,80,0.6181239222376311,0.0047540924805338,1.100478095450972,0.0014115491795847
,criteo,r_log,38,80,0.4073940381592942,0.0047076416391161,1.120153756412763,0.0005079573476965
,criteo,dr_diff,38,80,0.744711119287099,0.0044582826013109,2.133561008817119,0.0533260500974777
,criteo,s,39,81,0.3453585317069629,0.0048748894798926,1.092845527269105,0.0013443427374727
,criteo,t,39,81,0.3511532886221662,0.0044854647731481,1.0900835326278555,0.0007208392457479
,criteo,q,39,81,0.5968526949204915,0.0045224282112795,1.1321817464254125,0.000303262653475
,criteo,q_simple,39,81,0.4778602980106377,0.0048645616296742,1.0381930831182136,0.0081243169633647
,criteo,drt_log,39,81,0.1563069753980426,0.0044665306743273,1.1612878609133293,0.0166790771095631
,criteo,drs_log,39,81,0.1309115112461236,0.0045049976971052,1.1373447730092996,0.0152613520502374
,criteo,drq_log,39,81,0.1811584809592832,0.0044757467381545,1.1504710261868911,0.0160692541518443
,criteo,drt_direct,39,81,0.4285045659652884,0.0046735196758854,1.695442600302499,0.0379490185728434
,criteo,drs_direct,39,81,0.4042888278087913,0.0046472259646205,1.6484592720264046,0.0351735871604348
,criteo,drq_direct,39,81,0.5019695600722052,0.0046699485954714,1.718647210589554,0.0367991278895334
,criteo,drq_simple_log,39,81,0.5042857294194916,0.0048032614040012,1.0635905008429467,0.0150430553538703
,criteo,drq_simple_direct,39,81,0.4690623990936255,0.0046925704769624,1.90311426203126,0.0570427258557536
,criteo,x,39,81,0.816288489535383,0.0047078942441468,1.1879937291450506,0.0010695536027449
,criteo,x_log,39,81,0.3927194036561914,0.0046919090838427,1.087818113595567,0.0010749149630682
,criteo,r,39,81,0.6149143312151317,0.0048613877667581,1.1048142662845957,0.0011564812571246
,criteo,r_log,39,81,0.3978901607937046,0.0047081811464848,1.0905449365913418,0.0009431810807257
,criteo,dr_diff,39,81,0.6037524519972903,0.0045555082051673,2.224069142296642,0.0529423419401724
,criteo,s,40,82,0.3292816533966161,0.0045601099055038,1.078001457906175,0.0003145004943308
,criteo,t,40,82,0.3412741163412456,0.0042957541700953,1.0523626703603148,0.0014386518119649
,criteo,q,40,82,0.532666348450521,0.0042126861065587,1.0916152756327702,0.001258096659604
,criteo,q_simple,40,82,0.4214346690140791,0.0045102956468126,1.0475499732797604,0.0092313776752367
,criteo,drt_log,40,82,0.1377980312529654,0.00432151798081,1.1739397962665732,0.0173566859526228
,criteo,drs_log,40,82,0.1175059735439665,0.0043825756437415,1.155490148492121,0.0161695889784233
,criteo,drq_log,40,82,0.1605700365920437,0.0043185087950225,1.182556109179358,0.0168061398688083
,criteo,drt_direct,40,82,0.4082617873048439,0.0044344140386483,1.728477355376128,0.0387200340716182
,criteo,drs_direct,40,82,0.3891041516066593,0.0044048612571311,1.6716772729588452,0.0360663375529214
,criteo,drq_direct,40,82,0.4764209451313645,0.0044230798058185,1.7751863184126868,0.0375733297921364
,criteo,drq_simple_log,40,82,0.4327966793014062,0.0045004864578702,1.0702883433834562,0.0158214941972642
,criteo,drq_simple_direct,40,82,0.4179638985151408,0.004455721060994,1.9432804884816524,0.0572816002897104
,criteo,x,40,82,0.7853471420580194,0.0045308010989165,1.141796679914183,0.0003999069515072
,criteo,x_log,40,82,0.3738256587172202,0.0046929267940836,1.0806805430928654,0.0005261597039017
,criteo,r,40,82,0.5056265449759563,0.0043923884126054,1.056572729581544,0.0017508205521724
,criteo,r_log,40,82,0.3651976180340823,0.0046597588164532,1.0619751894166225,0.0007464192753274
,criteo,dr_diff,40,82,0.6457017165980861,0.0043361801553541,2.265300362714318,0.0536160745353236
,criteo,s,41,83,0.3554475424208898,0.004967650456795,1.1100625938659652,0.0016691427157369
,criteo,t,41,83,0.3458990298581081,0.0047339646520483,1.1144753071655786,0.0005592232570293
,criteo,q,41,83,0.5881824660076533,0.0045519751601829,1.1803631487559765,0.0005113145394675
,criteo,q_simple,41,83,0.4853887870585034,0.004956848337521,1.048618036267518,0.0077237702901491
,criteo,drt_log,41,83,0.1558945561169151,0.0046683241906317,1.1476937755172776,0.0162195485181138
,criteo,drs_log,41,83,0.139188286471203,0.0047640741315451,1.1298435171066956,0.0149501131816123
,criteo,drq_log,41,83,0.1870223159608375,0.0046668445789093,1.1427562688471449,0.0152987565351926
,criteo,drt_direct,41,83,0.4279427847668289,0.0049049489551593,1.6389578706284311,0.0374166969184271
,criteo,drs_direct,41,83,0.4149811633877325,0.00487759162275,1.609829016702878,0.0349253235177992
,criteo,drq_direct,41,83,0.5008585761637188,0.0048975630572998,1.6537708246544935,0.0362907090296352
,criteo,drq_simple_log,41,83,0.495980205853586,0.0050097598820252,1.0899660342592496,0.0149296568979113
,criteo,drq_simple_direct,41,83,0.4834846346221928,0.0049215697853697,1.836865908371659,0.0564681850759749
,criteo,x,41,83,0.8323063152056178,0.0048753165304349,1.17176732237214,0.0013882471553705
,criteo,x_log,41,83,0.3969588467087324,0.0050112635083587,1.1070805151686922,0.0009088979630883
,criteo,r,41,83,0.5682320161039065,0.0050117354411496,1.1414397035135684,0.0010203976376426
,criteo,r_log,41,83,0.3982295292892599,0.0050244763953595,1.0990090045046446,0.0010846250323957
,criteo,dr_diff,41,83,0.6810558463562939,0.0047859689622818,2.182577613596813,0.0527386585865535
,criteo,s,42,84,0.3519141569896549,0.0044226552459621,1.0741718398776745,0.0010003380254828
,criteo,t,42,84,0.3671215240123191,0.0044364805030088,1.0608201798925652,0.0012023214187538
,criteo,q,42,84,0.5868274766888881,0.0041801295598143,1.0973831728292978,0.0015701847012602
,criteo,q_simple,42,84,0.4756813498662295,0.0046311535398829,1.050276820712447,0.0092187428248213
,criteo,drt_log,42,84,0.1729137628555335,0.0042111839548461,1.1578069375214195,0.0179458572621097
,criteo,drs_log,42,84,0.1450746369393862,0.0042510358718195,1.128461844440077,0.0166944159342833
,criteo,drq_log,42,84,0.1998793717459031,0.0041936206518127,1.193339300166531,0.0172404238382476
,criteo,drt_direct,42,84,0.4359663430026341,0.004292433361416,1.7320663755261394,0.0387938581763397
,criteo,drs_direct,42,84,0.4183303830114531,0.0042655881324843,1.6924660006303298,0.0362300981824105
,criteo,drq_direct,42,84,0.4992849136328479,0.0042946392677432,1.751377201776574,0.0374653166531416
,criteo,drq_simple_log,42,84,0.4689779935756988,0.0046632582931537,1.0844538989058257,0.0164404708545702
,criteo,drq_simple_direct,42,84,0.464031969557519,0.0043187311194208,1.92727370592227,0.0577898142144601
,criteo,x,42,84,0.8663528224050809,0.0044511755711491,1.142695759621339,0.0006278165947024
,criteo,x_log,42,84,0.4095202698697167,0.0046392676471371,1.0658086938073137,0.0006537450935065
,criteo,r,42,84,0.5995146681397254,0.0044799883269075,1.0787787539311549,0.0017406239745099
,criteo,r_log,42,84,0.4335673754314713,0.0045951601967494,1.0833433650783424,0.0007855037674207
,criteo,dr_diff,42,84,0.659546803058445,0.0041777536612715,2.2350458538650457,0.0536799727317184
,criteo,s,43,85,0.3226269313392487,0.0045918535864922,1.0759698090758716,0.0007527976583201
,criteo,t,43,85,0.3457249933940902,0.0042815210518534,1.0491518351696814,0.0017019167783461
,criteo,q,43,85,0.5873568101275577,0.0042638944020283,1.1040679927437338,0.0011099871444827
,criteo,q_simple,43,85,0.4682477863640399,0.004852862502833,1.0471034122106668,0.0088114772404592
,criteo,drt_log,43,85,0.1569710207583641,0.0042033545596816,1.158737113537626,0.0174825002518156
,criteo,drs_log,43,85,0.1275612171443898,0.0042830850754521,1.132742834441329,0.0163102450125749
,criteo,drq_log,43,85,0.1798149029230533,0.0042211193326772,1.1603877045669873,0.0169734548135661
,criteo,drt_direct,43,85,0.4444620961302772,0.0043375988576789,1.7184167842335716,0.0386152076686963
,criteo,drs_direct,43,85,0.4344172206738601,0.004304058801363,1.6753820200640062,0.0361019381221122
,criteo,drq_direct,43,85,0.5158449616464549,0.0043288404104519,1.751424257737065,0.0375424222751873
,criteo,drq_simple_log,43,85,0.4711080002426797,0.0048014257818169,1.056104711749609,0.0154785799531136
,criteo,drq_simple_direct,43,85,0.4576547830695412,0.0043590341936782,1.8919870155919152,0.0577364597992087
,criteo,x,43,85,0.8595927457034505,0.0046195720043454,1.1513073099243625,0.00065261921736
,criteo,x_log,43,85,0.4025306324290312,0.0047744342146731,1.090768439719439,0.0009731845957209
,criteo,r,43,85,0.5974606754589602,0.0045863815021991,1.0982697678419315,0.0016474004477486
,criteo,r_log,43,85,0.4000715231039722,0.0047561751993575,1.0701560711245737,0.000625766095833
,criteo,dr_diff,43,85,0.7698080425269647,0.0042033376217164,2.1363079639829805,0.0537429976292659
,criteo,s,44,86,0.3096313803854444,0.004665987875366,1.0813591561492844,0.0006996197406871
,criteo,t,44,86,0.3402277979644423,0.0043972516228161,1.0876376169391797,0.0010907482073178
,criteo,q,44,86,0.5252231696737408,0.0042626947217814,1.112038003012077,0.0008758766710763
,criteo,q_simple,44,86,0.4305537977894218,0.0046723286123641,1.0541689821163729,0.0085060606373318
,criteo,drt_log,44,86,0.1438297046294605,0.0044288184833922,1.1556188504117526,0.0171896637106024
,criteo,drs_log,44,86,0.1248691254436693,0.0044306862655753,1.1619314138768109,0.0158134908770856
,criteo,drq_log,44,86,0.1702902550919212,0.004447227508479,1.147256616307767,0.0163066244304326
,criteo,drt_direct,44,86,0.4026355331269367,0.0045460652485903,1.6945846960707207,0.0381297213465673
,criteo,drs_direct,44,86,0.3955583620905265,0.0045247924130959,1.6543137548690297,0.0354698065055591
,criteo,drq_direct,44,86,0.46057822045682,0.0045405305176831,1.7303042090568923,0.0369349986628969
,criteo,drq_simple_log,44,86,0.4483391813415318,0.0047258672265198,1.0758133654381583,0.0152282965879627
,criteo,drq_simple_direct,44,86,0.414694526116472,0.0045690206363503,1.9556436211301764,0.0567834619757686
,criteo,x,44,86,0.8244975073930509,0.0046916286336326,1.1168844864583252,0.0007002618810927
,criteo,x_log,44,86,0.3705161901859963,0.0047094398642856,1.070789464523175,0.0008360740574094
,criteo,r,44,86,0.55267712101739,0.0047019559616942,1.0953275553075623,0.001433672701406
,criteo,r_log,44,86,0.367101036323745,0.0046702416740972,1.0755592490106252,0.0009497797137119
,criteo,dr_diff,44,86,0.6641368798650271,0.0044407016165452,2.2264743154143742,0.0532631729001187
,criteo,s,45,87,0.2974865880488628,0.0047286445698743,1.0830390394635818,0.0009321509628426
,criteo,t,45,87,0.3356124246548793,0.0045237023096541,1.1243583152684784,0.0010594263333288
,criteo,q,45,87,0.5145335093182457,0.0042952827870837,1.1097005693581707,0.0010523946020017
,criteo,q_simple,45,87,0.4196001400603961,0.0048379162039779,1.0334935355275323,0.0088470672441758
,criteo,drt_log,45,87,0.1454274602640408,0.0044285180116417,1.1543885043594124,0.0169716486206891
,criteo,drs_log,45,87,0.1206747630515912,0.0045615946800567,1.134192269746801,0.0156241335599994
,criteo,drq_log,45,87,0.1710164202092716,0.0045130849099613,1.1280735903588006,0.0160290870270461
,criteo,drt_direct,45,87,0.3931121589494104,0.0046242916741677,1.6854283668750414,0.0376816401360149
,criteo,drs_direct,45,87,0.3789680544571858,0.0045997433789848,1.6383916333307953,0.0350239544463945
,criteo,drq_direct,45,87,0.455561125544448,0.0046186550661132,1.703870227458742,0.0365466909248275
,criteo,drq_simple_log,45,87,0.4336670263542819,0.0047608719554117,1.0775437437103448,0.0154159451893562
,criteo,drq_simple_direct,45,87,0.4034959720564486,0.0046573781985405,1.8540713657520551,0.0566049693675605
,criteo,x,45,87,0.8406339947214185,0.0048652708962477,1.125747893537973,0.0008844851228319
,criteo,x_log,45,87,0.3614885806675318,0.0047028173463158,1.11352363866215,0.0007671245869613
,criteo,r,45,87,0.5520961107858742,0.0047353243171841,1.1043389831860264,0.0015267435313473
,criteo,r_log,45,87,0.3758656609215893,0.004716091606058,1.088824378129447,0.0007234987725207
,criteo,dr_diff,45,87,0.7369542169725403,0.0045215053339171,2.134817192066274,0.0529557835057488
,criteo,s,46,88,0.3420955901408047,0.0046623219817158,1.0768873632156086,0.0011033932136444
,criteo,t,46,88,0.359478496401594,0.0044361661072676,1.075324134524242,0.0011292592281741
,criteo,q,46,88,0.5973912514509989,0.0042910678052836,1.130489852305951,0.0008971547136837
,criteo,q_simple,46,88,0.4685617603003948,0.0050051102908048,1.0388603305425572,0.0085060361552774
,criteo,drt_log,46,88,0.1796545598184566,0.0044688669313397,1.1388737766341543,0.0170208824243266
,criteo,drs_log,46,88,0.1474399141874038,0.0045107971827342,1.1332602654822892,0.0160672366593045
,criteo,drq_log,46,88,0.1970995127898669,0.0044064026307084,1.1473714265717423,0.0166706861326656
,criteo,drt_direct,46,88,0.4513507170475483,0.0044800096432877,1.7115701146813052,0.0384658688745113
,criteo,drs_direct,46,88,0.4390315326322129,0.0044562632425827,1.659863027955465,0.0359084914011055
,criteo,drq_direct,46,88,0.526470871402684,0.0044780217083572,1.7160194059920069,0.0374553223673133
,criteo,drq_simple_log,46,88,0.4867222050449358,0.0049231215901138,1.0704919713666616,0.0155852076006554
,criteo,drq_simple_direct,46,88,0.4659145328841036,0.0045060284423376,1.9491725410345608,0.0575623785048151
,criteo,x,46,88,0.8563075075042741,0.0046074024632477,1.1807515973710774,0.0010969804244843
,criteo,x_log,46,88,0.4171108360070801,0.0047145074396208,1.0729686535027163,0.0008640670505307
,criteo,r,46,88,0.5822505095165917,0.0046576517223646,1.1034881795324756,0.0013345907728842
,criteo,r_log,46,88,0.4214015275487297,0.004580915537728,1.0784766692237568,0.0007566442885848
,criteo,dr_diff,46,88,0.6480720103190545,0.0043459346893925,2.353414209090893,0.0537377901796377
,criteo,s,47,89,0.2968512233470515,0.0046505708947668,1.0808924044313737,0.0006906762634363
,criteo,t,47,89,0.3485865885157246,0.0044789820792857,1.0897493647039618,0.0010402496586423
,criteo,q,47,89,0.5983776426458061,0.0043083163400883,1.1132377812666898,0.0010651726101126
,criteo,q_simple,47,89,0.4672830543341579,0.0048428699279912,1.0436639091483464,0.008914964554803
,criteo,drt_log,47,89,0.1549859373828386,0.0042507365593648,1.1706481760810148,0.0173391717006624
,criteo,drs_log,47,89,0.1292849727523368,0.0043540862646769,1.1454790101561507,0.0157046700650025
,criteo,drq_log,47,89,0.1787238966976931,0.0043294887731052,1.1637949141996566,0.0165150775550441
,criteo,drt_direct,47,89,0.4297147411746373,0.0045745129024166,1.675469431248048,0.0382383780718506
,criteo,drs_direct,47,89,0.4237701402083946,0.0045464299938406,1.6436495009415126,0.035634334946216
,criteo,drq_direct,47,89,0.5279832239569813,0.0045695920202757,1.7070420668971755,0.0370736720071011
,criteo,drq_simple_log,47,89,0.4735541056483936,0.0046669540551436,1.067968651312491,0.0160621457606101
,criteo,drq_simple_direct,47,89,0.4482635619977517,0.0046028917295592,1.91352870436386,0.0569070012106669
,criteo,x,47,89,0.8640298290177921,0.0045874895904788,1.177196435488936,0.0007625451666495
,criteo,x_log,47,89,0.3752216053301638,0.0045645994041141,1.0776256240341175,0.000708969279815
,criteo,r,47,89,0.6078337611465927,0.0046309922345862,1.1022272633135803,0.0015337951287544
,criteo,r_log,47,89,0.3802666871754612,0.0045508601698109,1.098670051081052,0.00110335871045
,criteo,dr_diff,47,89,0.6472716025584413,0.0044552800138896,2.2075502481439333,0.0533275282343768
,criteo,s,48,90,0.3320770941650179,0.0047428683668387,1.090599461686616,0.0011881396490413
,criteo,t,48,90,0.3530034768460028,0.0044062021665359,1.1020887943561068,0.0008645658594023
,criteo,q,48,90,0.5810762262534375,0.0044690008793694,1.1296478192644026,0.0006061443921223
,criteo,q_simple,48,90,0.4643644791556944,0.0047470110364065,1.0353144076533722,0.0084745200556002
,criteo,drt_log,48,90,0.1569757891203447,0.0044995066626989,1.197000962465085,0.0165294112514862
,criteo,drs_log,48,90,0.1304665429078007,0.0044747216001336,1.1435464649818892,0.0152269593615744
,criteo,drq_log,48,90,0.1822710910596834,0.0043924764136973,1.1424727992996777,0.0161198018266694
,criteo,drt_direct,48,90,0.3967989457890934,0.0046688193999871,1.6859781464372758,0.0376832617124911
,criteo,drs_direct,48,90,0.3972225751820171,0.0046461919224385,1.638347993924984,0.0352559821284625
,criteo,drq_direct,48,90,0.4892256140874156,0.004670146390443,1.7031591627514713,0.0367930661269052
,criteo,drq_simple_log,48,90,0.4738956125397024,0.0047099225593825,1.0703580585311352,0.0159019639085315
,criteo,drq_simple_direct,48,90,0.4617376295090101,0.0047035341215056,1.8892326485952533,0.0569912407106338
,criteo,x,48,90,0.8214845237449879,0.0045404569483028,1.1956250346315047,0.0011200609499408
,criteo,x_log,48,90,0.3834424688638305,0.004710675225929,1.0745123279923368,0.0006396835719305
,criteo,r,48,90,0.5916621571902603,0.0048201310099618,1.1023455364597143,0.0013524127193323
,criteo,r_log,48,90,0.3842609105369845,0.004807314134468,1.093689196321013,0.0008775683625068
,criteo,dr_diff,48,90,0.6012579411354553,0.004572103159171,2.194270062336169,0.0529271092954186
,criteo,s,49,91,0.3286329025389876,0.0045561523010113,1.073419900818923,0.0006981922854334
,criteo,t,49,91,0.3851672017718446,0.0045297589610674,1.059742236360064,0.0012277639521098
,criteo,q,49,91,0.5749089616401348,0.0042390091262062,1.092260232219967,0.0013796880796426
,criteo,q_simple,49,91,0.4592896600328955,0.004838723595533,1.0335785920571974,0.0092504689845658
,criteo,drt_log,49,91,0.1436065868357934,0.0042712011971444,1.185553422044851,0.0175532653633134
,criteo,drs_log,49,91,0.1177713679393643,0.0041031249336833,1.1371751932515732,0.0167157590626829
,criteo,drq_log,49,91,0.168314642635273,0.0041403900680764,1.177341419383818,0.0172022216680465
,criteo,drt_direct,49,91,0.408897202186665,0.0043885273213136,1.7130377957916867,0.0389437038311958
,criteo,drs_direct,49,91,0.3930830040766504,0.0043565181194162,1.687468420045246,0.0362872092174983
,criteo,drq_direct,49,91,0.4693789606728062,0.0043819384674733,1.752202565974719,0.0378345574730081
,criteo,drq_simple_log,49,91,0.4617180639955556,0.0047589961076832,1.0730965792206808,0.0168636234131758
,criteo,drq_simple_direct,49,91,0.4469109838270189,0.0044038176048083,1.927012775650982,0.0585245980744528
,criteo,x,49,91,0.8832471392711863,0.0045694058324582,1.129500676737345,0.0008474739285456
,criteo,x_log,49,91,0.4052991270226043,0.0045833286348877,1.0583117126139234,0.0006837268964941
,criteo,r,49,91,0.6016281117004745,0.0046126945901292,1.0800224324795062,0.0018963570622483
,criteo,r_log,49,91,0.3788056847903092,0.0046001963475502,1.0564607829482429,0.0008018613614121
,criteo,dr_diff,49,91,0.7715927939054865,0.004271868485798,2.199483300608581,0.0538102147717109
,megafon,s,25,67,1.4795236832899783,0.042589588595779,1.1990080228991749,0.0227669973071642
,megafon,t,25,67,1.6043976834470683,0.0434933706762495,1.102148430908937,0.0270799041028759
,megafon,q,25,67,1.2267014366941478,0.0408607089087929,1.1469289377665886,0.0132389532054293
,megafon,q_simple,25,67,1.221025318878529,0.0408837552722686,1.1440246824023952,0.0148374103479379
,megafon,drt_log,25,67,1.296956290658529,0.0408109448741527,1.182360998334251,0.0555168724041101
,megafon,drs_log,25,67,1.303624422907455,0.0404508986648287,1.1711740229302312,0.0420470564108557
,megafon,drq_log,25,67,1.2741162362256635,0.0409318862204965,1.1222057378746702,0.0359363910559571
,megafon,drt_direct,25,67,1.2572578268004122,0.0307001716521063,2.497011554524561,0.3173978018854201
,megafon,drs_direct,25,67,1.2315268773226618,0.0295808954274069,2.333331169487027,0.2778607107037111
,megafon,drq_direct,25,67,1.206725221467746,0.0301319203129377,2.308426684069289,0.2674195757377344
,megafon,drq_simple_log,25,67,1.2067396769907337,0.0397071235876882,1.1164140858486131,0.0101985120562883
,megafon,drq_simple_direct,25,67,1.1445147203931088,0.0314555266783987,1.826963763202083,0.1638691861381982
,megafon,x,25,67,1.509391067904899,0.043093215718716,1.1528071165979363,0.0268716799377089
,megafon,x_log,25,67,1.3070325040908817,0.0419130520522553,1.1280478940442753,0.0158939050042311
,megafon,r,25,67,1.4913953483561686,0.0422882757010373,1.143419895863126,0.0242071630756345
,megafon,r_log,25,67,1.295120038533002,0.0414986445437244,1.1310557837631303,0.0130701585270066
,megafon,dr_diff,25,67,1.5800192615762103,0.039422186333311,2.1587479095188864,0.2546241113473839
,megafon,s,26,68,1.312033196228246,0.0408905360327697,1.1539789124326394,0.0244032900613978
,megafon,t,26,68,1.3938119713748542,0.0419789485289936,1.108919610870648,0.0205396366120968
,megafon,q,26,68,1.1440433522912956,0.0405024298544531,1.1184055160272608,0.0181602140050949
,megafon,q_simple,26,68,1.1502585027875956,0.0405692477210942,1.119532208385973,0.0198266996684182
,megafon,drt_log,26,68,1.184044412496771,0.041409567184623,1.1860471542854172,0.0573578036740378
,megafon,drs_log,26,68,1.194270741225801,0.0412907554165947,1.1609162624039686,0.0375233145288886
,megafon,drq_log,26,68,1.210666154184926,0.0414185229971139,1.130694309449192,0.0360119004665051
,megafon,drt_direct,26,68,1.1856422290887585,0.0315165873432961,2.444505636415497,0.3148603970962355
,megafon,drs_direct,26,68,1.1297730488037838,0.029827330219548,2.2591314006921666,0.2737936946001359
,megafon,drq_direct,26,68,1.140235731064943,0.0309598005105902,2.249816341967259,0.2667229864371625
,megafon,drq_simple_log,26,68,1.1587579288299628,0.0406979183894625,1.107090504092761,0.0141906796710798
,megafon,drq_simple_direct,26,68,1.0821070741256542,0.0329418023304725,1.7835627134459986,0.1606403314585032
,megafon,x,26,68,1.3247157740089648,0.0415290619377803,1.1211056735554243,0.0240716897561823
,megafon,x_log,26,68,1.2195897823381203,0.0412630769529356,1.0989943669136903,0.0113238508593927
,megafon,r,26,68,1.3044251120387114,0.0412101327998027,1.1156634635813152,0.021515291734023
,megafon,r_log,26,68,1.2332710503843765,0.0412009323817191,1.0984953531272816,0.0128298394135381
,megafon,dr_diff,26,68,1.3610635656255488,0.0393887685875828,2.148841616862589,0.2506193561438992
,megafon,s,27,69,1.4143680877513811,0.0423632629491429,1.1645377091537603,0.0292342145587826
,megafon,t,27,69,1.5095379900831654,0.0434980230400207,1.080507702055742,0.0263599280764176
,megafon,q,27,69,1.1969767324734362,0.0404574349461303,1.114962696222466,0.0242034108375423
,megafon,q_simple,27,69,1.2084647582850276,0.0405188773911319,1.1194977020351484,0.0251491460625425
,megafon,drt_log,27,69,1.2353600956731332,0.0410794177955077,1.166742659571469,0.0498110446169522
,megafon,drs_log,27,69,1.2623189144009015,0.0412755878097638,1.1477179893227023,0.0325595798505186
,megafon,drq_log,27,69,1.2696440994151972,0.0414720341844389,1.1167230863455206,0.0286094196515673
,megafon,drt_direct,27,69,1.2546843762978674,0.0304417109299114,2.359745688171204,0.3098636596012205
,megafon,drs_direct,27,69,1.1936807739445958,0.0289897057338512,2.180905766701453,0.2670200970842735
,megafon,drq_direct,27,69,1.1863414750378725,0.0288050703960706,2.136470149116123,0.2581202463400018
,megafon,drq_simple_log,27,69,1.2074941899954583,0.0409027404166109,1.104532102730231,0.0188979635756364
,megafon,drq_simple_direct,27,69,1.1488638308941692,0.031373066404968,1.7170591523786518,0.1552587950370304
,megafon,x,27,69,1.439669933721697,0.0427227557385756,1.1362573695448932,0.0250887258950442
,megafon,x_log,27,69,1.3004548844640271,0.041964129378962,1.10197795042302,0.0160023083271827
,megafon,r,27,69,1.403341595223052,0.0423477593559577,1.1383020647405733,0.0228609420773061
,megafon,r_log,27,69,1.305807723212521,0.0416788863115692,1.1038141049261316,0.0146082638173929
,megafon,dr_diff,27,69,1.4943581140957063,0.0401036503018577,2.087895803272953,0.2470450599874797
,megafon,s,28,70,1.4406745680494144,0.0419789007313432,1.166226786849668,0.0241013628381146
,megafon,t,28,70,1.5503913787202228,0.0438706675565387,1.1184051962043642,0.0280464036812065
,megafon,q,28,70,1.2330346356640598,0.0400123386383642,1.1381561288718038,0.0131417445416703
,megafon,q_simple,28,70,1.2545215162881498,0.0402888069055959,1.1455586622997078,0.0124966459972182
,megafon,drt_log,28,70,1.2775059487424676,0.0406081103204011,1.202513518943949,0.0590563255057537
,megafon,drs_log,28,70,1.287081889627798,0.0410154494952527,1.1912546352807265,0.0458767842760146
,megafon,drq_log,28,70,1.2670745268840593,0.0406266527944519,1.155234668690893,0.0395330679404348
,megafon,drt_direct,28,70,1.2390122146259894,0.0299752043813823,2.5150059458962644,0.3236788676267119
,megafon,drs_direct,28,70,1.1845479372611758,0.0282562790183906,2.330867554418876,0.2835656285800563
,megafon,drq_direct,28,70,1.1809897937911396,0.0286977236275267,2.2957612114132546,0.2732343841243931
,megafon,drq_simple_log,28,70,1.2075677414997317,0.0409374805769322,1.1295619826148622,0.0099578260703991
,megafon,drq_simple_direct,28,70,1.1436006691454863,0.0312272995123076,1.8332812697635728,0.1679756174194462
,megafon,x,28,70,1.4528865267834268,0.0429840104615906,1.142488911127794,0.0276375387073114
,megafon,x_log,28,70,1.312573270305417,0.0424862210370487,1.1275040744937623,0.0113268878638796
,megafon,r,28,70,1.4166290089656932,0.0420062493871425,1.1613784968999787,0.0263536157995358
,megafon,r_log,28,70,1.3070105008302144,0.0421753894418542,1.1344562147893729,0.0100312080738691
,megafon,dr_diff,28,70,1.508955685571553,0.0399518018525824,2.187879102976544,0.2575644811569474
,megafon,s,29,71,1.3997324727453728,0.0424035857845568,1.1907904111363845,0.0213344562409029
,megafon,t,29,71,1.5335023388642104,0.0442448124678426,1.1043009059637925,0.0246371970693613
,megafon,q,29,71,1.2280611297752555,0.0409572142119399,1.1327848391866608,0.015376940939494
,megafon,q_simple,29,71,1.2355304157995053,0.0408673849676486,1.1342159301339658,0.0167892606699624
,megafon,drt_log,29,71,1.203914976439306,0.0409581244765233,1.174604795147014,0.058421930364476
,megafon,drs_log,29,71,1.2303134181824116,0.0411025194477965,1.156049029380707,0.0435772745180191
,megafon,drq_log,29,71,1.2453917598812705,0.0415425112639237,1.136667308000977,0.0392468581145731
,megafon,drt_direct,29,71,1.2148909168614908,0.02974111007831,2.455652842381369,0.318973853746855
,megafon,drs_direct,29,71,1.1893800450663674,0.0282866642182748,2.2718705300510336,0.2769673069949548
,megafon,drq_direct,29,71,1.158523450968462,0.0284089714291494,2.2486687962356697,0.2678195054841602
,megafon,drq_simple_log,29,71,1.2273938913960314,0.0410510321590226,1.1178637321977958,0.0111589304859072
,megafon,drq_simple_direct,29,71,1.1358107509170794,0.0310788723456005,1.7868468903078627,0.1638867245762386
,megafon,x,29,71,1.4579059119779991,0.0433206435849575,1.130059040498258,0.0242814598995185
,megafon,x_log,29,71,1.2750202083937865,0.0425295651214644,1.121141787557569,0.010604591628598
,megafon,r,29,71,1.4222108675338787,0.042944175122513,1.14835743576996,0.0209132803545699
,megafon,r_log,29,71,1.2583033927227645,0.0420814026635189,1.1058988229380506,0.0087521079229808
,megafon,dr_diff,29,71,1.5266277813618192,0.0389784733332142,2.133267231289922,0.2544285287949734
,megafon,s,30,72,1.4907754566146156,0.0420004096251301,1.1784317455414688,0.0255333179078029
,megafon,t,30,72,1.5959067814310748,0.0441614912675092,1.1200675245742873,0.0263433673351896
,megafon,q,30,72,1.2837940849405425,0.0407914211951984,1.1293467080829132,0.0186765637230241
,megafon,q_simple,30,72,1.292982440546662,0.0408281244007759,1.136108093873098,0.0194112367677408
,megafon,drt_log,30,72,1.2885265096741327,0.0407607514285801,1.1808811477765475,0.0568952540170271
,megafon,drs_log,30,72,1.3080164539386765,0.0412799715386233,1.177363764961195,0.0387803278949359
,megafon,drq_log,30,72,1.3160590002565593,0.0412234256537647,1.1328927652914331,0.0309937162152673
,megafon,drt_direct,30,72,1.2999857938801962,0.0314439950260634,2.44256590853311,0.3180993751149817
,megafon,drs_direct,30,72,1.2529814117542029,0.0295229161809073,2.257240140777859,0.275343415680918
,megafon,drq_direct,30,72,1.2104370463973515,0.0297818635598768,2.2439630204449754,0.2662401070406481
,megafon,drq_simple_log,30,72,1.290214792141775,0.0408154313928749,1.1213618174865072,0.0156179439479944
,megafon,drq_simple_direct,30,72,1.178533247072087,0.0317779059433362,1.7728954436144848,0.1621925483018161
,megafon,x,30,72,1.5169350246508095,0.042986027278622,1.156652230093011,0.0287656778254796
,megafon,x_log,30,72,1.3438650501373122,0.0413867731467281,1.1274937305872217,0.0135624733610982
,megafon,r,30,72,1.4907906169218998,0.0423652856644945,1.1560039096868289,0.0264369361068161
,megafon,r_log,30,72,1.351004484117483,0.0413612651795765,1.1250445023722246,0.0121603983900877
,megafon,dr_diff,30,72,1.5603554487145057,0.0393968516181148,2.1373020651222934,0.2526295659438034
,megafon,s,31,73,1.4803649906316043,0.0425354514184329,1.1887239944913306,0.0289205371416321
,megafon,t,31,73,1.588621617160501,0.0443176683610052,1.085862254636854,0.0239147904128581
,megafon,q,31,73,1.2762168750979634,0.0409025206120169,1.1373383362150271,0.0210165116080343
,megafon,q_simple,31,73,1.2954752058050043,0.0412667632540045,1.1418983248581798,0.0226496252736773
,megafon,drt_log,31,73,1.309530023882281,0.041558949675313,1.1696173939193149,0.0517258496421079
,megafon,drs_log,31,73,1.3345192484754775,0.0414069743667206,1.174086855390877,0.0345300798609376
,megafon,drq_log,31,73,1.3182022959874735,0.0411717895593354,1.1266397488154076,0.0296267943531316
,megafon,drt_direct,31,73,1.2711968452469014,0.0323097496393585,2.389266615728491,0.3157799600313325
,megafon,drs_direct,31,73,1.2175035548525903,0.0305900858190192,2.213405341420809,0.2713563335963379
,megafon,drq_direct,31,73,1.2324359242789569,0.0313342154025495,2.188950302282686,0.2622436031704092
,megafon,drq_simple_log,31,73,1.3016651669958497,0.0410393262294945,1.114269879094299,0.0195648840838106
,megafon,drq_simple_direct,31,73,1.18768609000131,0.0330326441873919,1.7235090773205677,0.1553716448248593
,megafon,x,31,73,1.501215473986916,0.0430410175327194,1.1361648712948946,0.0211511865910338
,megafon,x_log,31,73,1.3646554979473355,0.0423703457331087,1.1083160378449128,0.015168618504195
,megafon,r,31,73,1.4987241653940009,0.0429926212203824,1.126940383085029,0.0222177621354093
,megafon,r_log,31,73,1.3566215968012332,0.0422578279741368,1.115398007843235,0.0139760649182708
,megafon,dr_diff,31,73,1.5356383873477168,0.0406803061449181,2.0925859676238496,0.2489875486451724
,megafon,s,32,74,1.4772840972505583,0.0424528953057988,1.1886306942898202,0.0252637118986407
,megafon,t,32,74,1.5490610318361504,0.0436306280878944,1.146350238212405,0.0288271669146482
,megafon,q,32,74,1.2207402376496688,0.0404858804933687,1.1621991776688314,0.0182140008835298
,megafon,q_simple,32,74,1.233233696419829,0.0406737844523209,1.1639249227570505,0.0184279225399344
,megafon,drt_log,32,74,1.2432659506607269,0.0409649748027073,1.2012769774839345,0.0590107541168823
,megafon,drs_log,32,74,1.2868308893953533,0.0414008621760868,1.1998670481653393,0.0387066250519511
,megafon,drq_log,32,74,1.2703897176398458,0.0409490229659401,1.133041884298593,0.0348648677767081
,megafon,drt_direct,32,74,1.2455314519944112,0.0315589135183777,2.485474413157112,0.3194690253485832
,megafon,drs_direct,32,74,1.2307561476739932,0.0302714508134948,2.305106400928796,0.2767707431368234
,megafon,drq_direct,32,74,1.1770691223210707,0.0300640749535358,2.262563413830144,0.2656985714778808
,megafon,drq_simple_log,32,74,1.2286146719229507,0.0411651451687892,1.147568978334766,0.0131730009303031
,megafon,drq_simple_direct,32,74,1.1415002721022132,0.0321204075789312,1.803024949740756,0.1639644257044822
,megafon,x,32,74,1.4930464698176158,0.0434588886743604,1.160991485903046,0.0252343229815477
,megafon,x_log,32,74,1.276981602711014,0.0417294534150327,1.1313464935551498,0.0080999645956978
,megafon,r,32,74,1.500104488648087,0.0436717936845473,1.1712856098847064,0.0238938085417011
,megafon,r_log,32,74,1.288809668700922,0.0414407392780288,1.1302174915004903,0.015170216749814
,megafon,dr_diff,32,74,1.5533991974353494,0.0403052831867818,2.1527658671814187,0.2546467564396495
,megafon,s,33,75,1.46377828558999,0.0421809675997059,1.2210070668598318,0.0247630690414251
,megafon,t,33,75,1.6161224352234045,0.0432454262648339,1.140758565156831,0.022741895435957
,megafon,q,33,75,1.2584980355987117,0.0396681534694815,1.170391576534162,0.0221218203874584
,megafon,q_simple,33,75,1.2687206890633826,0.0400314794187061,1.1684605278783984,0.022000546886344
,megafon,drt_log,33,75,1.3011945270201697,0.0407624608347845,1.1677950566759565,0.0489411420345251
,megafon,drs_log,33,75,1.319413306441142,0.0409562870986789,1.1654085738000628,0.0296577326062385
,megafon,drq_log,33,75,1.3424136039270478,0.0410265567156833,1.1436546622015713,0.0282920320788501
,megafon,drt_direct,33,75,1.2895672111465426,0.0315148263862567,2.442677988924064,0.3145049951032898
,megafon,drs_direct,33,75,1.253278200895868,0.0302553358746658,2.2634209382894093,0.2714102748436446
,megafon,drq_direct,33,75,1.2299951979811212,0.0300267576962631,2.2444298584859093,0.2625998946187813
,megafon,drq_simple_log,33,75,1.2429171539461736,0.0405597668140187,1.140505920645319,0.0174163344398512
,megafon,drq_simple_direct,33,75,1.169712830425481,0.0323740004270402,1.7601758449415272,0.1577435464283424
,megafon,x,33,75,1.5477419078180998,0.0426058200523281,1.166571562836045,0.0284628520921654
,megafon,x_log,33,75,1.348047303299784,0.0409169521238931,1.1291814840610033,0.0156637985120283
,megafon,r,33,75,1.512151440713048,0.0424646492323474,1.1736533482737117,0.0240891025444948
,megafon,r_log,33,75,1.3383675177658214,0.0407417158194444,1.139100651416601,0.0111277947428022
,megafon,dr_diff,33,75,1.590102973337158,0.0392618115531429,2.1079479927287035,0.250302167216599
,megafon,s,34,76,1.529081156706936,0.0417480586596367,1.172912766167695,0.0247349376044063
,megafon,t,34,76,1.607511741849494,0.0428835709175573,1.1181347917116349,0.0298513896043078
,megafon,q,34,76,1.261480653443578,0.0402355525694009,1.1294416959216236,0.0161640391573726
,megafon,q_simple,34,76,1.2604483673495062,0.0401561890311444,1.125565423648912,0.01675566537444
,megafon,drt_log,34,76,1.3135702136869625,0.0400350396965575,1.1678322458048682,0.0530370740762036
,megafon,drs_log,34,76,1.318421607056781,0.0402254869500819,1.1656929553063844,0.0414632287901692
,megafon,drq_log,34,76,1.286408062823479,0.0400666911918977,1.1385180766043264,0.0375443854899533
,megafon,drt_direct,34,76,1.298177512336108,0.0315644488238066,2.4643192919184425,0.3219557892159407
,megafon,drs_direct,34,76,1.2923142112774544,0.030175592134175,2.2855236996025394,0.2802601363783808
,megafon,drq_direct,34,76,1.2502528637497483,0.0306009517192398,2.2597214014810163,0.270302873652921
,megafon,drq_simple_log,34,76,1.2841506746645177,0.0408811007568841,1.1116072207898149,0.0131180428617689
,megafon,drq_simple_direct,34,76,1.1897302609195846,0.0322542534757669,1.8001057707583623,0.1627853194541199
,megafon,x,34,76,1.5406986269590148,0.0421628121394058,1.1581476864834297,0.028669719864064
,megafon,x_log,34,76,1.373058497530443,0.0412214770296575,1.106684876027365,0.0144118202623051
,megafon,r,34,76,1.5296013052952633,0.0420757282606404,1.1469862484259707,0.0252015038434037
,megafon,r_log,34,76,1.388370090554726,0.0401844930482687,1.1157089554665298,0.0115516041472905
,megafon,dr_diff,34,76,1.54816249564205,0.0396860622036939,2.1288761607246216,0.2541033888286776
,megafon,s,35,77,1.351152620644692,0.0414643221765374,1.1805739952612722,0.0244121771217447
,megafon,t,35,77,1.4645679958653504,0.0429149900051589,1.0881376382394423,0.0261737580375072
,megafon,q,35,77,1.196143443471445,0.0406524561751965,1.1256224430221948,0.0153988235698539
,megafon,q_simple,35,77,1.2043972420877336,0.0404012477808503,1.1348956363513656,0.0163616260966406
,megafon,drt_log,35,77,1.2102765057208469,0.0404869973130927,1.2102735546734762,0.0597290699908501
,megafon,drs_log,35,77,1.218035509358991,0.0404960603680397,1.1842409313609703,0.0452353867504905
,megafon,drq_log,35,77,1.1908217992736896,0.0399797343134966,1.150505626068094,0.0376287832925888
,megafon,drt_direct,35,77,1.1952027347375762,0.029923591740816,2.445806843093384,0.3207507963575755
,megafon,drs_direct,35,77,1.155461103531433,0.0284651502391864,2.2560500448793666,0.2777430718822801
,megafon,drq_direct,35,77,1.1331811296834222,0.0288235934320668,2.211011335371269,0.2675696675637473
,megafon,drq_simple_log,35,77,1.169670471481552,0.040026144651762,1.100693413351164,0.0117268717998857
,megafon,drq_simple_direct,35,77,1.0901059567169715,0.0315377381485065,1.77190744585805,0.1627930140744329
,megafon,x,35,77,1.3754220509687425,0.042787519046681,1.1298753922968827,0.0253966365393701
,megafon,x_log,35,77,1.233389176525284,0.0407725536108576,1.0977091823582434,0.0123138451609978
,megafon,r,35,77,1.3502437150322062,0.041932819386172,1.1337358244355031,0.0228831037532523
,megafon,r_log,35,77,1.2367787785739468,0.04082153872499,1.1018966906655303,0.0106621955616459
,megafon,dr_diff,35,77,1.4260421008718538,0.0384635058605478,2.131019257298993,0.253180266461352
,megafon,s,36,78,1.4705823420239763,0.0421932387164279,1.1621853181209316,0.0255969518248679
,megafon,t,36,78,1.5971208843459186,0.0435812517852039,1.119508397763053,0.0290061014464347
,megafon,q,36,78,1.294748612368354,0.0414906847226285,1.1303704104501424,0.0182634709993326
,megafon,q_simple,36,78,1.3033318362589053,0.0414950034927326,1.1264462081910995,0.0164129573126511
,megafon,drt_log,36,78,1.3306110002475888,0.0415950000178774,1.2262608214367547,0.0619170783101638
,megafon,drs_log,36,78,1.341345903744949,0.0412287132924514,1.199774037730183,0.0449637869451319
,megafon,drq_log,36,78,1.329712737936935,0.0414754754568678,1.1799957130336145,0.0389251695851564
,megafon,drt_direct,36,78,1.308645069667839,0.0307354950358001,2.454682770604721,0.3238575935811988
,megafon,drs_direct,36,78,1.283842840087439,0.0293373724516102,2.276885448105282,0.2787974003272218
,megafon,drq_direct,36,78,1.2452296072055442,0.0295847975434699,2.242522770352036,0.2686856598318574
,megafon,drq_simple_log,36,78,1.2885787884973556,0.0418510037617131,1.1137165143195438,0.0117210287723566
,megafon,drq_simple_direct,36,78,1.186026227225541,0.0322657490125383,1.795912224594054,0.1649527786154871
,megafon,x,36,78,1.5481653531135642,0.0432170407107749,1.1522899310819057,0.0307709560667222
,megafon,x_log,36,78,1.34600530119065,0.0422572283490364,1.1077478833596404,0.0098287679240314
,megafon,r,36,78,1.539889719689258,0.0432879773509442,1.1573129837355849,0.0287825750122329
,megafon,r_log,36,78,1.3451844351775333,0.0423201282625197,1.119559068402224,0.0106264266952615
,megafon,dr_diff,36,78,1.610582221054095,0.0400547348584916,2.161037497761345,0.2540566400497618
,megafon,s,37,79,1.387855268932679,0.0423962280836552,1.1710424664868506,0.0269651186221968
,megafon,t,37,79,1.5271256881949264,0.044055105276986,1.123602491478499,0.0284813489929049
,megafon,q,37,79,1.1969521692482077,0.0412463243869329,1.1460587777432094,0.0127762119280133
,megafon,q_simple,37,79,1.1880108049678826,0.0410979647279371,1.146936398176996,0.0129339584802817
,megafon,drt_log,37,79,1.231147054434152,0.040769914233082,1.2041446933445867,0.0584642298413375
,megafon,drs_log,37,79,1.2314737573012533,0.0408316146826406,1.1888528942860723,0.043920237061642
,megafon,drq_log,37,79,1.2390101799952216,0.0413590798270751,1.1581446403221023,0.0402426495063516
,megafon,drt_direct,37,79,1.2027641672147824,0.0307573413251253,2.506417024068011,0.3244018639758798
,megafon,drs_direct,37,79,1.1551341743806445,0.029177602017619,2.31559002854666,0.2827793062768973
,megafon,drq_direct,37,79,1.1487433636569613,0.0295838150035887,2.2765569581708216,0.2725956577978259
,megafon,drq_simple_log,37,79,1.2144446891966798,0.0414656963176816,1.1142210456650778,0.0091766511779616
,megafon,drq_simple_direct,37,79,1.1036607968134218,0.0317345682892867,1.806843197182012,0.1709740998942626
,megafon,x,37,79,1.429550058104195,0.0427676969463808,1.1583618523706958,0.0248601753500778
,megafon,x_log,37,79,1.2520334187411593,0.0418213569388047,1.1262756593365073,0.0096297562564946
,megafon,r,37,79,1.4414320772667903,0.043141414113988,1.1458738867015046,0.0247674095110285
,megafon,r_log,37,79,1.2344214203339383,0.0416817571596047,1.135093913538017,0.0112059222158373
,megafon,dr_diff,37,79,1.4876528403789469,0.0398571703378655,2.186821452006291,0.2582675059322741
,megafon,s,38,80,1.4777265371323574,0.0427729596431232,1.214716890394893,0.0270000568815826
,megafon,t,38,80,1.569883531997717,0.0443770784852846,1.109351682466027,0.029458173305482
,megafon,q,38,80,1.2406782108331993,0.0410516056513391,1.1555509695367996,0.0199634081848092
,megafon,q_simple,38,80,1.248317510538671,0.0411617926529839,1.161428745343646,0.0209130977535346
,megafon,drt_log,38,80,1.3004142504883829,0.0420104348786964,1.1690242702327898,0.0515975971579278
,megafon,drs_log,38,80,1.3133903487749712,0.0415024699658977,1.1617349457980033,0.0360643577635384
,megafon,drq_log,38,80,1.304024037371155,0.0418500538169573,1.1211867531259758,0.0315553438502607
,megafon,drt_direct,38,80,1.3000980390335726,0.0313780128383731,2.4478418971323617,0.31619890240195
,megafon,drs_direct,38,80,1.259495293784077,0.0300521300909618,2.2813392432410096,0.2733935119230006
,megafon,drq_direct,38,80,1.2259674963695797,0.0305903367603371,2.2417389431835675,0.2634817898359088
,megafon,drq_simple_log,38,80,1.2590592505927507,0.0416444620619735,1.1408755495670784,0.017256316281209
,megafon,drq_simple_direct,38,80,1.206964326499259,0.0326957768504683,1.762346266540639,0.1576831288959614
,megafon,x,38,80,1.5152935704378212,0.0436695670176784,1.15664810441636,0.0272556796665267
,megafon,x_log,38,80,1.3418367180389985,0.0431230357174189,1.138095508537005,0.0151957152122306
,megafon,r,38,80,1.494083487461228,0.0435432599883931,1.1513744894851232,0.0250654565061057
,megafon,r_log,38,80,1.3420905271648245,0.0426513414385957,1.1396680150410594,0.0136375354560302
,megafon,dr_diff,38,80,1.546714938318264,0.040498806930728,2.1131659850338567,0.2507498110038709
,megafon,s,39,81,1.3911173580803036,0.0415362296721936,1.145756604799261,0.0268331729387938
,megafon,t,39,81,1.5146283082979046,0.0440114525407883,1.10048478501246,0.0259135337657178
,megafon,q,39,81,1.2268823470325845,0.0411661330464854,1.1204345349680127,0.0175433696987163
,megafon,q_simple,39,81,1.2061579002284954,0.041001968561103,1.1230696821162387,0.0168075575120093
,megafon,drt_log,39,81,1.251823334745704,0.0417165236900403,1.1872259210452432,0.0543519672483193
,megafon,drs_log,39,81,1.2565889430185613,0.0418389571364229,1.1609985312932916,0.0414976906822778
,megafon,drq_log,39,81,1.255381000886694,0.0414360620735442,1.1290210219987895,0.0356922725198443
,megafon,drt_direct,39,81,1.232942135811197,0.0313087626159057,2.399766972133744,0.3152839487990383
,megafon,drs_direct,39,81,1.184519459479799,0.0299234017206473,2.2370206572571267,0.276429937131582
,megafon,drq_direct,39,81,1.183735838467542,0.0306783033290012,2.2221282910520395,0.2674039067981487
,megafon,drq_simple_log,39,81,1.2195439958854948,0.0416377778845687,1.1138929826835164,0.0125569940220687
,megafon,drq_simple_direct,39,81,1.1420155649060575,0.032644343142608,1.7667043236813145,0.1616059199608481
,megafon,x,39,81,1.4477782607347145,0.0430253940540454,1.1470634587957518,0.0266288952914715
,megafon,x_log,39,81,1.2944434009736532,0.0417087891331076,1.1122002563344795,0.0133512854190577
,megafon,r,39,81,1.448998838304596,0.0430951045567349,1.1424784829003942,0.0236776941195565
,megafon,r_log,39,81,1.2858474317473148,0.041604985736907,1.1151944129343576,0.0120536046370765
,megafon,dr_diff,39,81,1.5232709945894536,0.0398094770015763,2.124109286620539,0.2525464239815441
,megafon,s,40,82,1.4294727713123123,0.0415515254377704,1.188079019584005,0.0238381900515838
,megafon,t,40,82,1.5258661294874876,0.0425421110586041,1.0941646374004088,0.0239726122849791
,megafon,q,40,82,1.2046556172919043,0.0388791747530885,1.1289437063968022,0.0172908337434369
,megafon,q_simple,40,82,1.2069637933963993,0.0391746572178999,1.1387816103866328,0.0168290215823353
,megafon,drt_log,40,82,1.235278676066233,0.0390786617246744,1.170996387833357,0.0576477472876117
,megafon,drs_log,40,82,1.204365730165185,0.0388738058775639,1.147119391524316,0.0388969404089135
,megafon,drq_log,40,82,1.2184722476763643,0.039510206556399,1.1100695548966026,0.0368695496608468
,megafon,drt_direct,40,82,1.225663775475284,0.030372886662641,2.4412363445822063,0.3140214234307912
,megafon,drs_direct,40,82,1.1816655939364935,0.0285855583218162,2.2509360169688297,0.2725715020740946
,megafon,drq_direct,40,82,1.159774633450653,0.0291720911456957,2.2362987876807474,0.2651882586189412
,megafon,drq_simple_log,40,82,1.1825411116145643,0.0392366102763033,1.1133726335708851,0.0131203029606605
,megafon,drq_simple_direct,40,82,1.1005257878424697,0.0306925641290464,1.7653722073443558,0.1614517154381932
,megafon,x,40,82,1.4526771611598015,0.0416004742616609,1.1320429121959754,0.0224938499959056
,megafon,x_log,40,82,1.2546585572183817,0.0392287723026808,1.0991149027601188,0.0087562552784269
,megafon,r,40,82,1.457937595087253,0.0415885911379818,1.137899912979055,0.0217246023326151
,megafon,r_log,40,82,1.2321178727747109,0.0392271042016337,1.0996470699366288,0.0078874568546585
,megafon,dr_diff,40,82,1.5069171581100869,0.0381129730031607,2.121019265406672,0.2523679912287868
,megafon,s,41,83,1.4077448634865724,0.0419888026627605,1.1770003340231303,0.0309243320057905
,megafon,t,41,83,1.5681139956688213,0.0435324806449558,1.1236451190097445,0.0247163067779558
,megafon,q,41,83,1.225968830916867,0.0409569874350645,1.1214718398442762,0.0213251142243635
,megafon,q_simple,41,83,1.2421424618433383,0.0411874936600497,1.1302412027756583,0.0225407675194746
,megafon,drt_log,41,83,1.247162043676585,0.0405338949260843,1.1612852497556672,0.0458672509959181
,megafon,drs_log,41,83,1.2352285070780382,0.0405102931362273,1.1360181248108947,0.0327561143816197
,megafon,drq_log,41,83,1.2593228632428086,0.0411014583998279,1.1074922322726373,0.0288308302079395
,megafon,drt_direct,41,83,1.2477802678133807,0.0311063378860971,2.369705983526901,0.3090563666335763
,megafon,drs_direct,41,83,1.1804636346017536,0.0295209227055519,2.1813866066733314,0.266221219327675
,megafon,drq_direct,41,83,1.1724230417641195,0.0303865135901221,2.16059391026362,0.2566984202900617
,megafon,drq_simple_log,41,83,1.2252581617067324,0.0401401909393409,1.108489715158691,0.0207597266095386
,megafon,drq_simple_direct,41,83,1.1247382160464976,0.0327223809295888,1.708039452822459,0.1543364340632875
,megafon,x,41,83,1.4774433942948055,0.042810459796067,1.1603450635427297,0.0236282870452223
,megafon,x_log,41,83,1.301381046881264,0.041317266233864,1.0988595871115718,0.0136379576184007
,megafon,r,41,83,1.46678019361298,0.0430128047810112,1.170287538917922,0.0243797564286218
,megafon,r_log,41,83,1.3116906855455996,0.0412731671778457,1.106325175203854,0.0149849561784946
,megafon,dr_diff,41,83,1.565097241349483,0.0400805140042816,2.0841298311254133,0.2479060515020715
,megafon,s,42,84,1.5036889800606406,0.0433057747452316,1.1824464075361825,0.0239439089268188
,megafon,t,42,84,1.5806812200903058,0.0433054601537157,1.1073645974900663,0.025264718422515
,megafon,q,42,84,1.268715111585231,0.0417426104975758,1.1440419068344994,0.0224907181097295
,megafon,q_simple,42,84,1.286900472438607,0.0418141451197423,1.149686039331401,0.0223543027233552
,megafon,drt_log,42,84,1.3108866325857025,0.0422721317574036,1.172827951510655,0.0465388317739687
,megafon,drs_log,42,84,1.318374503321179,0.0425904120223445,1.1697727483280371,0.0309043484738189
,megafon,drq_log,42,84,1.371215559688185,0.0433396200331134,1.1438170011513296,0.0268668070406904
,megafon,drt_direct,42,84,1.2757336816606029,0.0321301955714843,2.3987134415663607,0.3152756240227731
,megafon,drs_direct,42,84,1.2369497331435078,0.0304601862814964,2.2221111533852147,0.2738188302366474
,megafon,drq_direct,42,84,1.2105422797104968,0.0307658096525222,2.171767937155046,0.2611834236588661
,megafon,drq_simple_log,42,84,1.2618038780120662,0.0418592364710141,1.135179475123972,0.0191945558667663
,megafon,drq_simple_direct,42,84,1.190362299612732,0.0330215473435028,1.7457028775143408,0.1586510177268763
,megafon,x,42,84,1.5181695865410538,0.043290975531197,1.147121506281077,0.0238411509493017
,megafon,x_log,42,84,1.3457676484689718,0.0431819671922063,1.1228811402763184,0.0137558152371494
,megafon,r,42,84,1.487691188056557,0.0427505292664461,1.1570425264788955,0.021363357415832
,megafon,r_log,42,84,1.3346374900917537,0.0426181404730108,1.1172347210595914,0.0146606432256951
,megafon,dr_diff,42,84,1.5723038040016153,0.0404278761751802,2.1134280365120235,0.2499856712497755
,megafon,s,43,85,1.4650059394530526,0.0419208736371245,1.1665999476405595,0.0243638689365091
,megafon,t,43,85,1.605059800606077,0.0438082708132537,1.1023240714353806,0.02778084990277
,megafon,q,43,85,1.259213739611263,0.0401794028555749,1.117559607385234,0.0142721300759495
,megafon,q_simple,43,85,1.278368233968439,0.0402447210400484,1.1236600009127973,0.0154992477678114
,megafon,drt_log,43,85,1.2550445354678514,0.0399713779323615,1.1980337799207377,0.0579182535336624
,megafon,drs_log,43,85,1.2683721212123176,0.0404080817007872,1.1621427368348027,0.0385104060118803
,megafon,drq_log,43,85,1.2763803110633856,0.0400108115598303,1.1446838134065749,0.0336431570545574
,megafon,drt_direct,43,85,1.2526701899085928,0.0300065120328187,2.437411753792804,0.3173651574803102
,megafon,drs_direct,43,85,1.20061232906741,0.0287991011811779,2.24403332575562,0.2731870767967398
,megafon,drq_direct,43,85,1.1873447256664884,0.0293051849311569,2.22069234494232,0.2641363347316332
,megafon,drq_simple_log,43,85,1.2481979177671385,0.0403410104054944,1.1071392356325502,0.0108787797062641
,megafon,drq_simple_direct,43,85,1.161780415510598,0.0314588317714278,1.7805749845253849,0.1631299311458368
,megafon,x,43,85,1.5398718220242895,0.0430129108327148,1.1441389541631477,0.0279425101719884
,megafon,x_log,43,85,1.3090895365835309,0.0412441764768285,1.1115119435219365,0.0114068841786599
,megafon,r,43,85,1.4931752248053425,0.0419478695969173,1.1491508334181055,0.0275902521122517
,megafon,r_log,43,85,1.2797603287658197,0.040508683744603,1.0989524013841592,0.0112577307188794
,megafon,dr_diff,43,85,1.58607224068289,0.0394505640688817,2.15149845373642,0.2532925021965639
,megafon,s,44,86,1.537391216190125,0.0430463162330226,1.1967845180030805,0.0248167004646596
,megafon,t,44,86,1.639339807098514,0.0445230280144313,1.1082956894643572,0.0240965044837708
,megafon,q,44,86,1.3014770409080023,0.0418446575049305,1.1587617448790588,0.0200379840797567
,megafon,q_simple,44,86,1.317021898968983,0.042025681925129,1.1586599924621028,0.0212742291760825
,megafon,drt_log,44,86,1.32855419033137,0.0420345391890079,1.163909454076809,0.0509298563666844
,megafon,drs_log,44,86,1.32269258553293,0.0416893603848625,1.149648706557603,0.0355684014046159
,megafon,drq_log,44,86,1.3292305499474752,0.0420278506042018,1.1330259942752434,0.0315577161509625
,megafon,drt_direct,44,86,1.3100832960709563,0.0310474804433382,2.4185726405099506,0.3131948537730061
,megafon,drs_direct,44,86,1.2637644596737478,0.0295377449774593,2.2573534969638933,0.2748145874549166
,megafon,drq_direct,44,86,1.2186177430699263,0.0301358853392173,2.2224093681741537,0.2642826038327142
,megafon,drq_simple_log,44,86,1.282973311452846,0.0416138861769717,1.144877454636371,0.0181795805338327
,megafon,drq_simple_direct,44,86,1.1798851493524871,0.0317188315986608,1.764215494061562,0.1584031705997705
,megafon,x,44,86,1.558520701593378,0.0433999849172442,1.1428909401090594,0.0234128883637554
,megafon,x_log,44,86,1.3660184305503371,0.0422688157264407,1.130138762862569,0.0139788705996516
,megafon,r,44,86,1.5590388198994878,0.0430316107998304,1.1740275946303216,0.0233407979892662
,megafon,r_log,44,86,1.370899375194251,0.0420840489018191,1.1350659908852705,0.0131296574439135
,megafon,dr_diff,44,86,1.6414354069985782,0.0399489187795513,2.11671889361086,0.2517984521258209
,megafon,s,45,87,1.4727153322429605,0.0424376925052521,1.1751346453317215,0.0222404557292862
,megafon,t,45,87,1.5615142966456497,0.0433394583098418,1.104625086199729,0.0233962766937622
,megafon,q,45,87,1.260084062681881,0.0406332354109404,1.128800073523624,0.0188053703657544
,megafon,q_simple,45,87,1.258899192964424,0.0409319085285251,1.1359719684160587,0.0204694449592866
,megafon,drt_log,45,87,1.278913482915836,0.0408292829008456,1.1620711050577683,0.0519474112404136
,megafon,drs_log,45,87,1.3408639020735786,0.0413358948188921,1.174569881322764,0.0344133714492269
,megafon,drq_log,45,87,1.3360441260505644,0.041361804171647,1.1323300946797783,0.0292132453078216
,megafon,drt_direct,45,87,1.2913772570130462,0.0309698407968524,2.4219537290847866,0.3159317973708204
,megafon,drs_direct,45,87,1.2446177006790298,0.0299407161075657,2.2374929505894303,0.2718168352210611
,megafon,drq_direct,45,87,1.2419717029554698,0.02956882840338,2.2040117457494914,0.2640028451376391
,megafon,drq_simple_log,45,87,1.2576301463831108,0.0409550675137646,1.1210360467087483,0.0147429268226927
,megafon,drq_simple_direct,45,87,1.1937520579392076,0.0326088301737123,1.7620292337401533,0.1595143134657899
,megafon,x,45,87,1.5028148773188024,0.0431065039957878,1.1491715030956178,0.0233709643909357
,megafon,x_log,45,87,1.3332847959054162,0.0422313817795423,1.1274271540726457,0.0142276946314641
,megafon,r,45,87,1.4954077921200877,0.0427779311796701,1.1550378372822052,0.0223818138963034
,megafon,r_log,45,87,1.3323274742467586,0.04236484926429,1.1282808989944682,0.0102668229608499
,megafon,dr_diff,45,87,1.5637515776960322,0.0398412496916239,2.1241237681591696,0.2519300088801266
,megafon,s,46,88,1.4238332661893132,0.0408541142547463,1.15911193797232,0.0264042160667251
,megafon,t,46,88,1.5498208011558294,0.0426391301651426,1.0958261856508469,0.0277609177490189
,megafon,q,46,88,1.286936016261447,0.0408020708348958,1.12230806316301,0.0200519960488146
,megafon,q_simple,46,88,1.315031627051238,0.0408507049319831,1.128641292290382,0.0207862169478508
,megafon,drt_log,46,88,1.2914066471283363,0.0415482273666436,1.1646339092249376,0.0538592194608993
,megafon,drs_log,46,88,1.2741716190896033,0.0418047507903474,1.134780727952534,0.0374651604150256
,megafon,drq_log,46,88,1.289177189963372,0.041246509528577,1.1193472258047736,0.0294378621512106
,megafon,drt_direct,46,88,1.2635878919875767,0.0318639378830679,2.4312798423010262,0.3183630609599702
,megafon,drs_direct,46,88,1.2189300324217072,0.0308544739551424,2.2262474585643504,0.2715672268006502
,megafon,drq_direct,46,88,1.2291178135618466,0.0313699270142594,2.211555664682573,0.2639661204356244
,megafon,drq_simple_log,46,88,1.2903378175810267,0.0410018182856024,1.0998477559362247,0.0171449424775107
,megafon,drq_simple_direct,46,88,1.1977904331599631,0.0340446070151961,1.777468273370066,0.1586449483034121
,megafon,x,46,88,1.44233557865419,0.042055349836942,1.129034766828496,0.027715227867411
,megafon,x_log,46,88,1.3369115856070788,0.041559083563731,1.0950169934897194,0.0140116761749958
,megafon,r,46,88,1.439583246160472,0.042408101128092,1.153145495083941,0.0280101135220773
,megafon,r_log,46,88,1.3144820474623853,0.0410513285548863,1.092521586386135,0.0144574594849346
,megafon,dr_diff,46,88,1.475829787818139,0.0398678505338197,2.1234639796595385,0.251181727908765
,megafon,s,47,89,1.4970371391856083,0.0423640236244764,1.179379224130222,0.0239661923127997
,megafon,t,47,89,1.6216878347172274,0.0437010168834993,1.1014085118893164,0.0277522261813608
,megafon,q,47,89,1.3103746799248897,0.0404833458144167,1.146802632061391,0.0179333881030242
,megafon,q_simple,47,89,1.3050442130326465,0.0405557380646546,1.1378935781311648,0.0179927308610287
,megafon,drt_log,47,89,1.3078878317549436,0.0408319358852003,1.194019936186849,0.0533708389252363
,megafon,drs_log,47,89,1.3274565802889486,0.0408642251331995,1.186078858562016,0.038320316680639
,megafon,drq_log,47,89,1.3153904226533135,0.0408647724322018,1.1584448669362657,0.0305804166898497
,megafon,drt_direct,47,89,1.310819544499418,0.0310105333853869,2.436492561305984,0.3156603325195017
,megafon,drs_direct,47,89,1.2479304638632724,0.0291452184661451,2.2517291272040847,0.2719552315062639
,megafon,drq_direct,47,89,1.2541903789923263,0.0297902716837364,2.239145271370499,0.2678199103343646
,megafon,drq_simple_log,47,89,1.3161693181927785,0.0409148872832622,1.1302185916653198,0.0137271738374802
,megafon,drq_simple_direct,47,89,1.199585206314722,0.0319685600235542,1.775290763041515,0.1616430947386309
,megafon,x,47,89,1.5487272879941676,0.0427030822257425,1.1433189293137302,0.0294276279647972
,megafon,x_log,47,89,1.359949420385851,0.0420935166130485,1.11446859120692,0.0138018721500979
,megafon,r,47,89,1.5426126788388532,0.0425542836811603,1.1536261316420149,0.0277879904573899
,megafon,r_log,47,89,1.340998898816789,0.0418977708789596,1.1140819416411447,0.0122923886419627
,megafon,dr_diff,47,89,1.5899491528515068,0.0391345370494686,2.143609038633512,0.251872902550535
,megafon,s,48,90,1.4208360270123646,0.0417778381513136,1.2017975509201737,0.0258854048867896
,megafon,t,48,90,1.5122951517671852,0.0435766862971398,1.1207505494827763,0.0266215689613798
,megafon,q,48,90,1.2518324243508103,0.0407927275063342,1.139980110896313,0.0218214712081076
,megafon,q_simple,48,90,1.2757863797570732,0.0412676335082492,1.145726892355198,0.0227560217295931
,megafon,drt_log,48,90,1.2776210887493693,0.0417510092410788,1.1764320712552585,0.0498238268962949
,megafon,drs_log,48,90,1.3102746618568044,0.0418768609722183,1.1374581472468634,0.0308230708342121
,megafon,drq_log,48,90,1.3210923323825792,0.0421090523997313,1.1256232667258113,0.0270570423276371
,megafon,drt_direct,48,90,1.275362951684212,0.0317385917472873,2.400218052241554,0.3147451381796384
,megafon,drs_direct,48,90,1.232529498546193,0.0296260086546434,2.213413223622327,0.2723956092876478
,megafon,drq_direct,48,90,1.2645353206865686,0.030233019369489,2.176605395156671,0.2615206554035019
,megafon,drq_simple_log,48,90,1.2892246908801943,0.0412656275265707,1.139517038096069,0.021252714822674
,megafon,drq_simple_direct,48,90,1.2116361893905714,0.0327283996551801,1.726971601130694,0.15623955070032
,megafon,x,48,90,1.476323807010184,0.0429772047795827,1.1719766370034883,0.025508011221358
,megafon,x_log,48,90,1.3139399611184297,0.0420273292828086,1.128864534691029,0.0118245160721494
,megafon,r,48,90,1.4549635458520542,0.0428642934941852,1.1564060389576394,0.0218587370146599
,megafon,r_log,48,90,1.3225827858379915,0.0420276422402619,1.1307759897902618,0.0157989181409259
,megafon,dr_diff,48,90,1.530479347837473,0.0401823134363939,2.1119011980357607,0.2493506849535563
,megafon,s,49,91,1.3588785474336362,0.0408930022902156,1.1684506730352515,0.0216350484286897
,megafon,t,49,91,1.4816874109491198,0.0423905259408053,1.1128596014535417,0.0256750221168411
,megafon,q,49,91,1.183796874577115,0.0410553320598194,1.1258999502712113,0.0183562081576783
,megafon,q_simple,49,91,1.197999537387483,0.0410444571659027,1.1276653693517094,0.0165842500097503
,megafon,drt_log,49,91,1.2213579930671974,0.0408792292166643,1.1732916108677365,0.0605644009457686
,megafon,drs_log,49,91,1.202779951011564,0.0405488124073612,1.1592873648387156,0.0428933932385989
,megafon,drq_log,49,91,1.2106232453724204,0.0406579017434824,1.112431191576235,0.0372541913500901
,megafon,drt_direct,49,91,1.202311531999227,0.03163806690854,2.455529647869012,0.3209226792853972
,megafon,drs_direct,49,91,1.1631463507569022,0.0300301105959129,2.252391685287595,0.2748245958247935
,megafon,drq_direct,49,91,1.1534067384899032,0.0305393018812907,2.241517225202041,0.267081534784246
,megafon,drq_simple_log,49,91,1.1786826707620917,0.0403163844405832,1.1058137580468304,0.0121911649770656
,megafon,drq_simple_direct,49,91,1.1137568770879664,0.0329670320655003,1.8015150398922728,0.1629964841907213
,megafon,x,49,91,1.4234446005411032,0.0418638988711125,1.1387176981883949,0.0224827310360385
,megafon,x_log,49,91,1.2658580898337786,0.0412949848840718,1.1340575430630926,0.0134258179676495
,megafon,r,49,91,1.375257342495505,0.0412204885815822,1.1260582588731238,0.0231939836963089
,megafon,r_log,49,91,1.2536212682043597,0.0411840573078036,1.12062985117919,0.0118492725404531
,megafon,dr_diff,49,91,1.4789718630349926,0.0393598671072857,2.1338138068066703,0.2521763519979943
,x5_retail,s,25,67,0.0796322628879313,0.0097450191032815,1.0250905902399583,0.0165241294081539
,x5_retail,t,25,67,0.0640159342410973,0.0059537405220825,1.05075474831279,0.0223273157164078
,x5_retail,q,25,67,0.0327037737694944,0.0063098190225571,1.0732672260901084,0.0352483170916148
,x5_retail,q_simple,25,67,0.0272346540102932,0.0047611476524641,1.0713974694529849,0.0403798472807057
,x5_retail,drt_log,25,67,0.0743119190067389,0.0070477342636843,1.0547819265620773,0.017864159088361
,x5_retail,drs_log,25,67,0.0730853705761576,0.0071517707129342,1.0495703860658714,0.02373160548849
,x5_retail,drq_log,25,67,0.0669354936017123,0.0073047604100541,1.0587080856306452,0.0184258257763628
,x5_retail,drt_direct,25,67,0.089362915107485,0.0068848129984042,1.3348514809303802,0.1766456516017189
,x5_retail,drs_direct,25,67,0.0800991243171782,0.0063526290903039,1.3273975198408217,0.1734636136007073
,x5_retail,drq_direct,25,67,0.0786257119305329,0.0062635992671817,1.3320643334396227,0.1746921521699895
,x5_retail,drq_simple_log,25,67,0.0188078983299304,0.0044685341142117,1.0789211473671148,0.0489061763225067
,x5_retail,drq_simple_direct,25,67,0.0490742447110963,-0.0021698868851022,1.533783669818235,0.3342359759526264
,x5_retail,x,25,67,0.0749272424773781,0.0070086850040199,1.028529983573309,0.0170322398860145
,x5_retail,x_log,25,67,0.0845366710918984,0.0083369547267394,1.015774472365058,0.0072245664027396
,x5_retail,r,25,67,0.0389561449051221,0.0058065346286915,1.0535629341000836,0.0245465625192027
,x5_retail,r_log,25,67,0.087295381232056,0.0092885131931544,1.0189377554622572,0.0127544812051978
,x5_retail,dr_diff,25,67,0.0802253309478187,0.0060006955312898,1.6570252982261473,0.3738043938595048
,x5_retail,s,26,68,0.0822225516737666,0.0046294616012371,1.0260861738355846,0.0144340205664054
,x5_retail,t,26,68,0.0543366191314811,0.0027055005780943,1.0569254839689195,0.0201321998799529
,x5_retail,q,26,68,0.0332241718492853,0.0012308676586002,1.0805405095241345,0.0301474436902938
,x5_retail,q_simple,26,68,0.0277642481724673,0.0027287193162473,1.0679498403220151,0.0260835097248757
,x5_retail,drt_log,26,68,0.0616172485686841,0.0046059478566567,1.0587804791881466,0.017574488941764
,x5_retail,drs_log,26,68,0.0533602529031933,0.0025092359658174,1.0554352760686112,0.0178517382588069
,x5_retail,drq_log,26,68,0.0604566152700793,0.002888633926049,1.0492403625062987,0.0179638569994032
,x5_retail,drt_direct,26,68,0.074142212503349,0.0031307054719159,1.3272096292903064,0.1701446838709936
,x5_retail,drs_direct,26,68,0.0816589653259138,0.0033679184567523,1.3176529039487392,0.1661571211826384
,x5_retail,drq_direct,26,68,0.0673384689696976,0.0025199871229215,1.3240899396154509,0.1683928884335557
,x5_retail,drq_simple_log,26,68,0.0207268504229234,0.002059607388908,1.0756105419976394,0.0280031461196955
,x5_retail,drq_simple_direct,26,68,0.0460269560975554,0.0001029452237111,1.5104550774663554,0.3217852311903433
,x5_retail,x,26,68,0.0668249124154654,0.0049229452140569,1.0284622083348616,0.0115930360983941
,x5_retail,x_log,26,68,0.0670570072606417,0.0052957919253354,1.0252226698556883,0.0122981905205124
,x5_retail,r,26,68,0.0525668578441336,0.0031267009022856,1.0523650158543616,0.0176419883105272
,x5_retail,r_log,26,68,0.0716841888691202,0.0036360811401452,1.0243930961431629,0.0115176401786574
,x5_retail,dr_diff,26,68,0.0656617595711146,0.0038752223173679,1.6468032467250076,0.3671340720312564
,x5_retail,s,27,69,0.0720911102041317,0.0058376140180894,1.010340957355526,0.0114617513051138
,x5_retail,t,27,69,0.0614146950738845,0.0018455781483116,1.055898515377814,0.0225676886146451
,x5_retail,q,27,69,0.0338549375627701,0.0014684757276238,1.0713640657977066,0.0327793945583657
,x5_retail,q_simple,27,69,0.0322428452519405,0.002510174276798,1.067247034617906,0.0339135999279043
,x5_retail,drt_log,27,69,0.0653184986998509,0.0033135815068187,1.048578340661208,0.0168526147352795
,x5_retail,drs_log,27,69,0.0754751535503432,0.0016805422529638,1.0538616508073586,0.0192798974771746
,x5_retail,drq_log,27,69,0.0685560460571785,0.0035714809342136,1.0474933768050925,0.0177077517182913
,x5_retail,drt_direct,27,69,0.0846813411806168,0.0043701425153539,1.3400653045565916,0.1789367461520251
,x5_retail,drs_direct,27,69,0.0846895674994814,0.004471809637217,1.3337846587536832,0.1760353150668082
,x5_retail,drq_direct,27,69,0.0780311615190101,0.0038562445619228,1.3389109080060562,0.1770207292405051
,x5_retail,drq_simple_log,27,69,0.0366040650732453,0.0017149936898589,1.0659125517855486,0.0356095375565364
,x5_retail,drq_simple_direct,27,69,0.0513682531749077,-0.0022929838512805,1.5393474019848714,0.3376886290233351
,x5_retail,x,27,69,0.0686318299014319,0.0045826089356884,1.0280805488528284,0.0141894752325453
,x5_retail,x_log,27,69,0.0749217701732594,0.0042636314875095,1.0331878088511484,0.0139665823742852
,x5_retail,r,27,69,0.0659416233695271,0.0053902762850376,1.044681772396801,0.0226847774985573
,x5_retail,r_log,27,69,0.07741581068583,0.004401532922732,1.0269588330880943,0.0116643625682203
,x5_retail,dr_diff,27,69,0.0892854039490824,0.0038133722361193,1.661709998504453,0.3754702235875565
,x5_retail,s,28,70,0.0608658092937324,0.0031770630369778,1.021204267233772,0.0133613836537728
,x5_retail,t,28,70,0.0553132496280894,0.0041942174299656,1.0548331462201894,0.0292857893890746
,x5_retail,q,28,70,0.0328326639462486,0.0024085101209832,1.079515030866935,0.0366072787196389
,x5_retail,q_simple,28,70,0.0206059366082556,-0.0009149260700545,1.0733396267550854,0.0420399835045033
,x5_retail,drt_log,28,70,0.0567417461573063,0.004727500282533,1.061458818610202,0.0132910443359531
,x5_retail,drs_log,28,70,0.0497273942091835,0.0040604844768046,1.0697658703456456,0.0206450245702884
,x5_retail,drq_log,28,70,0.0545606447906565,0.0041662191883221,1.0554751040361985,0.0190607448445472
,x5_retail,drt_direct,28,70,0.0625478312322329,0.0051945938438835,1.3433805832298795,0.1757678641293989
,x5_retail,drs_direct,28,70,0.0609353784307664,0.0049722981845284,1.334454718052169,0.1718740626823403
,x5_retail,drq_direct,28,70,0.0522988812390856,0.0043374391483289,1.341794678464041,0.1745052813591613
,x5_retail,drq_simple_log,28,70,0.0258113154472892,-0.0012981217595258,1.0680386318644166,0.0330084146091521
,x5_retail,drq_simple_direct,28,70,0.0531036283935897,-0.0014565259610583,1.5422943661355242,0.3344733099506565
,x5_retail,x,28,70,0.0746312948148122,0.0042148606090453,1.03126343669479,0.0145578943575024
,x5_retail,x_log,28,70,0.0651898615775372,0.0057859484039751,1.0352660516580765,0.0171290883936509
,x5_retail,r,28,70,0.0615979382422595,0.0061323777090479,1.0391039697922697,0.0153982999217676
,x5_retail,r_log,28,70,0.0746303366926464,0.0067918425005116,1.038498795244134,0.0206887539838373
,x5_retail,dr_diff,28,70,0.0579876545447903,0.0046454076358034,1.6689119912829622,0.3734861294502737
,x5_retail,s,29,71,0.1003638533918829,0.0082473158329429,1.0253314879979525,0.0214456842750199
,x5_retail,t,29,71,0.0749598063123995,0.0081338532405066,1.0425473325007826,0.023141160586078
,x5_retail,q,29,71,0.0506780113657669,0.0042465439925166,1.0643592750167008,0.0240893999197606
,x5_retail,q_simple,29,71,0.0335901627730632,0.0004043599167327,1.0742994802872656,0.0325092520175019
,x5_retail,drt_log,29,71,0.0732631504713263,0.0064926354825965,1.0468356455797507,0.0172848351059973
,x5_retail,drs_log,29,71,0.0755273788650818,0.0090790355584354,1.046867195595533,0.0143567915461888
,x5_retail,drq_log,29,71,0.0681428691478112,0.0061492657293691,1.0478116536737796,0.020462554057433
,x5_retail,drt_direct,29,71,0.1022680722004558,0.005356410474253,1.3292930967730807,0.173225324738261
,x5_retail,drs_direct,29,71,0.1039205771027442,0.0052260892708928,1.3195696935629588,0.1697191678246793
,x5_retail,drq_direct,29,71,0.0917898088569371,0.0051520317050798,1.3263267923524562,0.1715082796250811
,x5_retail,drq_simple_log,29,71,0.0221256351130572,-0.0027276734740408,1.0761384463841397,0.0389754555830529
,x5_retail,drq_simple_direct,29,71,0.0575812666509736,-0.0020468785981594,1.5230507542884788,0.3305126274133578
,x5_retail,x,29,71,0.0874221704689712,0.0083383122638062,1.0283078272724435,0.0117613045884614
,x5_retail,x_log,29,71,0.0945430432276297,0.0079099142477835,1.028886585227018,0.0154526685338795
,x5_retail,r,29,71,0.0767397421580562,0.0084562108444475,1.03793234705501,0.0155935408137376
,x5_retail,r_log,29,71,0.1129419785527323,0.0086234860894797,1.019899747403769,0.0186808030944945
,x5_retail,dr_diff,29,71,0.0829617924008681,0.0068315478488319,1.6481905963922665,0.368397642186826
,x5_retail,s,30,72,0.062154920859319,0.0012425289549219,1.0195387618232432,0.0145996776103576
,x5_retail,t,30,72,0.0510114532920327,0.0006701974250985,1.062303982112107,0.0257914587480493
,x5_retail,q,30,72,0.0251067200004255,0.0002802477616936,1.0718585533291063,0.0342791741725375
,x5_retail,q_simple,30,72,0.0296799951646444,0.0006862096470663,1.069519438905223,0.0356251334025251
,x5_retail,drt_log,30,72,0.067092712106938,0.0025667414985121,1.039191098396244,0.0177049738897817
,x5_retail,drs_log,30,72,0.0582298697383913,0.0017535276125922,1.0484776916782377,0.0209120860776455
,x5_retail,drq_log,30,72,0.0511287256391341,0.0007248591710351,1.0445457453063078,0.0195440050211631
,x5_retail,drt_direct,30,72,0.0844778510213992,0.0006406213829235,1.3395717772896762,0.1778564333970332
,x5_retail,drs_direct,30,72,0.0779158349864843,0.0003708954629753,1.3314622635007467,0.1733408253430193
,x5_retail,drq_direct,30,72,0.0769849778080546,0.0004337338625282,1.33807979696626,0.1754872886692631
,x5_retail,drq_simple_log,30,72,0.0329932083079942,-0.000758296420107,1.0740122871672029,0.0373575798119474
,x5_retail,drq_simple_direct,30,72,0.0421961018780761,0.001508145328709,1.5313251012275737,0.3331730601019652
,x5_retail,x,30,72,0.0610806023685392,0.0013812451802454,1.0323324703875034,0.0156291365595266
,x5_retail,x_log,30,72,0.0675058060115336,0.0022191363843955,1.0270922800009998,0.0141795890460707
,x5_retail,r,30,72,0.0391581094850794,-0.0006918002990697,1.0465156003181095,0.0241740660313559
,x5_retail,r_log,30,72,0.0721674267614786,0.0021925724444328,1.0190731210517088,0.0202386658200198
,x5_retail,dr_diff,30,72,0.0737076478091125,-0.0012936693261789,1.6659316779204385,0.3734791834749983
,x5_retail,s,31,73,0.0832627572515747,0.0065615524753406,1.0184817866459073,0.0121542315076878
,x5_retail,t,31,73,0.0675426685782545,0.0036010160456176,1.0512438197102072,0.0236980505083012
,x5_retail,q,31,73,0.0228203352735478,-0.0012894063293899,1.081183507231701,0.040538773045428
,x5_retail,q_simple,31,73,0.0128211036892618,-0.0027819787621645,1.0793606958477584,0.0447457569955502
,x5_retail,drt_log,31,73,0.0865826168986054,0.0064468777066617,1.0425386804590373,0.0149450231516844
,x5_retail,drs_log,31,73,0.0802824934320003,0.0054272492900656,1.047581244294987,0.0159353169271021
,x5_retail,drq_log,31,73,0.0920215158196704,0.0056034249289417,1.0441032305830438,0.0163166508493285
,x5_retail,drt_direct,31,73,0.089803297315123,0.0053330593431168,1.355933008715254,0.1837077978833596
,x5_retail,drs_direct,31,73,0.0882200732841642,0.0050200931744652,1.348409666186524,0.1803272015362767
,x5_retail,drq_direct,31,73,0.0864351180102254,0.0048413605599159,1.35119460695834,0.1816125997163054
,x5_retail,drq_simple_log,31,73,0.0315262859079354,0.0008463228662184,1.0722380744183495,0.0375784903582114
,x5_retail,drq_simple_direct,31,73,0.0374823227413845,-0.0018846262346668,1.5455225276645403,0.3355738398449253
,x5_retail,x,31,73,0.0884689528271376,0.007983294291605,1.0199601895983967,0.0112294190971694
,x5_retail,x_log,31,73,0.0864336640855545,0.0066891068032124,1.0195949972590022,0.0092985201557448
,x5_retail,r,31,73,0.0855182391349835,0.0055048859002039,1.0400053632274608,0.0189083984668982
,x5_retail,r_log,31,73,0.0887234105630008,0.0064699201945481,1.0186496763732114,0.0107890244074498
,x5_retail,dr_diff,31,73,0.0810414938595651,0.0046121747952657,1.6803678575307588,0.3789201629625557
,x5_retail,s,32,74,0.0728687457785122,0.0052949218292277,1.03021679903512,0.0170987866140411
,x5_retail,t,32,74,0.0622192210997978,0.0055617397075502,1.062325205335179,0.0292912512524539
,x5_retail,q,32,74,0.0126739247453766,-0.0014675760844562,1.0950735233231443,0.0478973758066428
,x5_retail,q_simple,32,74,0.0099411235886863,-0.0035447443224832,1.0826488500643523,0.0443319957827295
,x5_retail,drt_log,32,74,0.0591263450695092,0.0055560285543091,1.056352866383421,0.0223505264539375
,x5_retail,drs_log,32,74,0.0686473080357292,0.0058871758604124,1.0547464310536283,0.0211575108666485
,x5_retail,drq_log,32,74,0.0582438850687929,0.0054704906870018,1.0569370349605445,0.0253254007306628
,x5_retail,drt_direct,32,74,0.0563131794266942,0.0062556937843793,1.375982910108452,0.1898366241634715
,x5_retail,drs_direct,32,74,0.0553095785108068,0.0061049920305488,1.368759291205705,0.186079055443147
,x5_retail,drq_direct,32,74,0.0590694220222176,0.0063720232691326,1.3711068065709258,0.1875810854849194
,x5_retail,drq_simple_log,32,74,0.0162599882155904,-0.0029687569275184,1.0826789858516612,0.0413646339127296
,x5_retail,drq_simple_direct,32,74,0.0254962501406463,-0.0051020952130285,1.58078851831731,0.3469784616355696
,x5_retail,x,32,74,0.0625430586256972,0.0050149621282028,1.0424757494586987,0.023513856754355
,x5_retail,x_log,32,74,0.0729403481877475,0.0062978537347242,1.037625892622252,0.0213361247007895
,x5_retail,r,32,74,0.055796386571262,0.0046733266711759,1.0493292778831764,0.0226129058723365
,x5_retail,r_log,32,74,0.0741387076666626,0.0063546072304062,1.0369423177790629,0.0190689193449613
,x5_retail,dr_diff,32,74,0.0581784079882401,0.0065886123268058,1.704348010756097,0.385657019113
,x5_retail,s,33,75,0.0765210030492886,0.0051929630340292,1.021499565049107,0.010739320104554
,x5_retail,t,33,75,0.0627938376373784,0.0018615345045473,1.053315291705604,0.0183594945177076
,x5_retail,q,33,75,0.0287864235925272,-0.0005881055428784,1.0845336256278175,0.0412120836371899
,x5_retail,q_simple,33,75,0.0212130530412848,-0.0017004760663867,1.0820848402524077,0.0354883229165226
,x5_retail,drt_log,33,75,0.0419332530511029,0.0009852841724949,1.0624626014280771,0.0225394765873208
,x5_retail,drs_log,33,75,0.0453185225578889,0.0029957941427649,1.0540405164762292,0.0214154363938113
,x5_retail,drq_log,33,75,0.0547528716564564,0.0021770520611696,1.0550840581876455,0.0201008664617692
,x5_retail,drt_direct,33,75,0.0548398570197719,0.0022420371261305,1.3559392451218264,0.1818264188722972
,x5_retail,drs_direct,33,75,0.051627439883378,0.0018586025048943,1.3485434192616057,0.1781273581943716
,x5_retail,drq_direct,33,75,0.0511263813144249,0.0018629016140415,1.3532520916579616,0.1797768038334546
,x5_retail,drq_simple_log,33,75,0.0148374391077947,-0.0023755037349626,1.0890012431389984,0.0413300251756167
,x5_retail,drq_simple_direct,33,75,0.0323445091008522,-0.0006933364444109,1.5465060247366025,0.3374975508706965
,x5_retail,x,33,75,0.0554468819652,0.0008410462882299,1.0414146454709103,0.0160466368455247
,x5_retail,x_log,33,75,0.0688799220561051,0.0037583673401429,1.031341503862539,0.0098484705213587
,x5_retail,r,33,75,0.0376816837272153,-0.0020531221361713,1.0639287019655068,0.0291656104286584
,x5_retail,r_log,33,75,0.0736775379913377,0.0046418259768419,1.0240356221793672,0.010299346070816
,x5_retail,dr_diff,33,75,0.0485370182026205,0.0021669603801331,1.679516628571997,0.3762595799925178
,x5_retail,s,34,76,0.0912263771866703,0.005641237996377,1.0227895867912546,0.0151949436634165
,x5_retail,t,34,76,0.0705700224830578,0.0053074406753883,1.041981141338216,0.0197770995665174
,x5_retail,q,34,76,0.0498499402878336,0.0033653747155876,1.0645818282581485,0.0251522613820042
,x5_retail,q_simple,34,76,0.0522751170373481,0.0050076490080765,1.051839817611107,0.0316912485026531
,x5_retail,drt_log,34,76,0.0857886418760325,0.0033799816757496,1.045946702305507,0.0188264780032563
,x5_retail,drs_log,34,76,0.0869489540819425,0.0041019315697364,1.041630057402806,0.0177321764686244
,x5_retail,drq_log,34,76,0.0933262153908922,0.0056499168146408,1.049521529127028,0.0155623352760818
,x5_retail,drt_direct,34,76,0.1126878806460494,0.0038906020071497,1.3302310684326573,0.1760530261433313
,x5_retail,drs_direct,34,76,0.1224601990818776,0.0040452019425542,1.3203727185742642,0.1721379909115657
,x5_retail,drq_direct,34,76,0.105884621026846,0.0040001718319512,1.3240403491672084,0.173464900560212
,x5_retail,drq_simple_log,34,76,0.0555713115673004,0.0033867875625569,1.0584778824983514,0.0295244295095426
,x5_retail,drq_simple_direct,34,76,0.0702913584173414,-0.0010052456319941,1.518402431748399,0.3277848356485244
,x5_retail,x,34,76,0.0972934108242715,0.0071707602713744,1.021800369390205,0.0116141162420578
,x5_retail,x_log,34,76,0.0932376670896377,0.0063713141904932,1.0148877441112214,0.0136555242684705
,x5_retail,r,34,76,0.0797776201375091,0.0044174367198745,1.0373719272763031,0.0164422293388016
,x5_retail,r_log,34,76,0.095243100829927,0.0063542532296545,1.021668862353054,0.0086352040742887
,x5_retail,dr_diff,34,76,0.10439268859455,0.0012749777905858,1.646409594660305,0.3723359534006881
,x5_retail,s,35,77,0.0871616888483179,0.0066760601904243,1.01444888648547,0.0106890509030518
,x5_retail,t,35,77,0.0595987888224336,0.0045602380561173,1.050820007718364,0.0256041521093012
,x5_retail,q,35,77,0.03343155815691,0.0009219827398793,1.0670250244057575,0.0349743400055078
,x5_retail,q_simple,35,77,0.0216997029938921,-0.0002570072714041,1.0727718285175112,0.0409090174223635
,x5_retail,drt_log,35,77,0.0668526675194129,0.0074239078709412,1.0551303056454993,0.0180547695708113
,x5_retail,drs_log,35,77,0.0683067805209287,0.0060475744507321,1.0477281921037227,0.0201934770515627
,x5_retail,drq_log,35,77,0.0668821263598975,0.0070665667037559,1.056915280870098,0.0209760264383233
,x5_retail,drt_direct,35,77,0.0834310514427436,0.0060171035479859,1.3334739201019576,0.1747955082945392
,x5_retail,drs_direct,35,77,0.0870254331123128,0.0054797679224868,1.3259810885929324,0.1718054270957494
,x5_retail,drq_direct,35,77,0.0686752377075239,0.005589162739414,1.329008561538334,0.1719054170724004
,x5_retail,drq_simple_log,35,77,0.0216542583119099,0.0002969891926615,1.075170340325749,0.039195941670051
,x5_retail,drq_simple_direct,35,77,0.0472015134961731,-0.0017371528264687,1.529612601044747,0.3324099623928792
,x5_retail,x,35,77,0.07102414130681,0.0056617804776549,1.0244446285621105,0.0153745252280758
,x5_retail,x_log,35,77,0.0820727640897731,0.008989532673851,1.0272718068888649,0.0079751938433725
,x5_retail,r,35,77,0.052167798192638,0.0035279202453165,1.042113719216488,0.0237819956254622
,x5_retail,r_log,35,77,0.0854027817203335,0.0095162864394929,1.0197131076597117,0.0123063313878579
,x5_retail,dr_diff,35,77,0.0732473744282449,0.0045674869958929,1.659716780582732,0.3719885724421263
,x5_retail,s,36,78,0.0731868908010837,0.0002374050133643,1.0177810379374903,0.0097107190848759
,x5_retail,t,36,78,0.0646629502224069,0.0024516596412286,1.055500718453835,0.0198441092734681
,x5_retail,q,36,78,0.0385718000534598,-0.0001183990053266,1.0718815271447473,0.030935255650783
,x5_retail,q_simple,36,78,0.0279177348120374,-0.0008814278582434,1.070263880949945,0.0343066055907487
,x5_retail,drt_log,36,78,0.0547141219860307,-0.0001282591000588,1.0527983742649218,0.0156236257043569
,x5_retail,drs_log,36,78,0.0672267811881963,0.0022331534668424,1.0445777489167314,0.0193141220761743
,x5_retail,drq_log,36,78,0.0789782498433473,0.0028276227051171,1.0408079249623527,0.0089784793846881
,x5_retail,drt_direct,36,78,0.0799073525907325,0.0025094711459021,1.3338422873501925,0.1754090846494459
,x5_retail,drs_direct,36,78,0.0826915669725709,0.0022457521079959,1.32607481391335,0.1717265422645551
,x5_retail,drq_direct,36,78,0.0789088158406632,0.0022166146902366,1.3316047171799663,0.173281464872022
,x5_retail,drq_simple_log,36,78,0.0351349686749136,0.000142091430739,1.0660750444509006,0.0294356530472761
,x5_retail,drq_simple_direct,36,78,0.0518502225462254,-0.000377602449509,1.5249231731179742,0.3290021780484404
,x5_retail,x,36,78,0.0668219245754111,0.0006156927139081,1.034889966843117,0.0164860707682623
,x5_retail,x_log,36,78,0.0641920073884572,-0.0004232800553159,1.0240633825369154,0.0125189492898829
,x5_retail,r,36,78,0.0752444367081948,0.0021715421782335,1.039715126871832,0.0120733740867293
,x5_retail,r_log,36,78,0.0712938479528233,0.0007819068329626,1.0232748144024324,0.0114686133339799
,x5_retail,dr_diff,36,78,0.0753302279558618,0.0028264072407807,1.6557338427082264,0.3716775870845032
,x5_retail,s,37,79,0.06345273572393,0.0028334431486546,1.0261588699996602,0.0136804273609025
,x5_retail,t,37,79,0.0582819400221732,0.004986551249338,1.0560286008397313,0.0258859289034107
,x5_retail,q,37,79,0.0267290025192266,0.0054961272679759,1.0635607640121412,0.0341180170932863
,x5_retail,q_simple,37,79,0.0276691152702988,0.0038101345187887,1.067896786732946,0.0420450203991018
,x5_retail,drt_log,37,79,0.0333068827996978,0.002074510926772,1.057570973288131,0.0235868988229487
,x5_retail,drs_log,37,79,0.038334541173679,0.0029184094374242,1.0564346512821534,0.0222566029289804
,x5_retail,drq_log,37,79,0.030117620180871,0.0012590036490026,1.0606396575921122,0.0206336952309912
,x5_retail,drt_direct,37,79,0.0618571967348451,0.0036727194239826,1.364530739925225,0.1870221149048962
,x5_retail,drs_direct,37,79,0.0659216033738099,0.0034267682643746,1.3577772913666184,0.1834006656578932
,x5_retail,drq_direct,37,79,0.0595645526237356,0.0031659947426104,1.3620039646533568,0.185101686828674
,x5_retail,drq_simple_log,37,79,0.0280996091089897,0.0017675649626574,1.0714283914386271,0.0426457611889839
,x5_retail,drq_simple_direct,37,79,0.0487942961099916,0.0008926535334875,1.5554358366871803,0.3436425655989165
,x5_retail,x,37,79,0.0557119284557026,0.0025243876053237,1.035864045775907,0.0153767091344241
,x5_retail,x_log,37,79,0.0616023859205885,0.0059860752322849,1.0375717980864765,0.0173437782305105
,x5_retail,r,37,79,0.0407056191776846,0.0019081824467722,1.058388060283013,0.0233635055462401
,x5_retail,r_log,37,79,0.0623656627737636,0.0058683732995051,1.0392052117607995,0.0203263810563087
,x5_retail,dr_diff,37,79,0.0619466490632869,0.0024082749062679,1.687246452564993,0.381500777933517
,x5_retail,s,38,80,0.073868050036449,0.0048791618638988,1.0202343148698572,0.0100290716078412
,x5_retail,t,38,80,0.0474689737791673,0.0033481435959425,1.0552933118946155,0.027166504707208
,x5_retail,q,38,80,0.0250474478653814,0.0008089246554302,1.0817230904075343,0.0395561312847911
,x5_retail,q_simple,38,80,0.0296175721216609,0.003341758764473,1.0791241675579586,0.0391658308442548
,x5_retail,drt_log,38,80,0.0471049885783587,0.0030070333814929,1.0486169498072426,0.0153848801772097
,x5_retail,drs_log,38,80,0.0438923058010072,0.0018043603032586,1.051409397317008,0.0185640805946836
,x5_retail,drq_log,38,80,0.0379444156083164,0.0012446511168212,1.0664628784428276,0.0165853952497861
,x5_retail,drt_direct,38,80,0.0677760294152574,0.0021348921006359,1.344331150160339,0.1786928108042273
,x5_retail,drs_direct,38,80,0.0751526514384945,0.0025533954811707,1.3333901935395462,0.1754801275212933
,x5_retail,drq_direct,38,80,0.0729598258056236,0.0025702297412632,1.3381913578119553,0.1767171896944542
,x5_retail,drq_simple_log,38,80,0.0295986011971911,0.0037915138640577,1.0607869669928027,0.0314946932502143
,x5_retail,drq_simple_direct,38,80,0.04529281995249,-0.0011102572273416,1.531681539290398,0.3329585561621709
,x5_retail,x,38,80,0.0642241786815689,0.0046374047160267,1.0253422747247152,0.0164279921824916
,x5_retail,x_log,38,80,0.0644345982259329,0.0042079246300917,1.0244000371455528,0.0126548419770962
,x5_retail,r,38,80,0.0441332349271508,0.0013567472283509,1.0428067510652157,0.0192401802782682
,x5_retail,r_log,38,80,0.0680759783117757,0.0042418665824349,1.0249273862412618,0.0083551403964708
,x5_retail,dr_diff,38,80,0.0697655480778276,0.0031335633755964,1.6674469951904232,0.3740151810528198
,x5_retail,s,39,81,0.078815128547782,0.0070329258864135,1.0269809616628367,0.0116441467754387
,x5_retail,t,39,81,0.0738197488338534,0.0028973723490532,1.0527855571958606,0.022749229719782
,x5_retail,q,39,81,0.0251332566091242,-0.0019620191557115,1.082220719916754,0.0419302297351056
,x5_retail,q_simple,39,81,0.0199716524662636,-0.0024814233580306,1.081465822988974,0.0377201697934577
,x5_retail,drt_log,39,81,0.0722312747812821,0.006044556195563,1.0453887452760682,0.0208875862672785
,x5_retail,drs_log,39,81,0.0729351784409204,0.0064616407790025,1.0550148109540862,0.0184445953963643
,x5_retail,drq_log,39,81,0.0619381043766777,0.0066846220758381,1.0578376823682578,0.0157352323872893
,x5_retail,drt_direct,39,81,0.0802408522298323,0.0074944164360752,1.316377696847968,0.1650288817323317
,x5_retail,drs_direct,39,81,0.0773669046786666,0.0075713087916728,1.309866146203033,0.161420676832015
,x5_retail,drq_direct,39,81,0.0730550567433026,0.0078452170791234,1.3156856002058617,0.1630124928878915
,x5_retail,drq_simple_log,39,81,0.0305047754907079,0.0004724020707577,1.076194513636286,0.0290613512247131
,x5_retail,drq_simple_direct,39,81,0.0434012725035728,-0.0043894586472512,1.5141861285174465,0.3204591954510205
,x5_retail,x,39,81,0.0672971790172349,0.0049947205215608,1.0416650206794191,0.0206003042738589
,x5_retail,x_log,39,81,0.0779677848093358,0.0054492116779162,1.0328105898175686,0.0134649440056015
,x5_retail,r,39,81,0.0719458348328783,0.0067112330677224,1.0499481400006572,0.0187676960223281
,x5_retail,r_log,39,81,0.0779822234320373,0.0066712803263671,1.0256986773333825,0.0146515307652189
,x5_retail,dr_diff,39,81,0.0710383128478979,0.007511512211255,1.6381218895734215,0.3631907633415258
,x5_retail,s,40,82,0.0610674981322905,0.0017035587172473,1.028494871667999,0.0122025933880619
,x5_retail,t,40,82,0.0396812033912832,-0.0006522067674308,1.0572487201704532,0.0228494378946727
,x5_retail,q,40,82,0.0156094892689262,-0.000365642449109,1.0863160931685705,0.0399113095835058
,x5_retail,q_simple,40,82,0.0156167045970314,0.0004962650355935,1.0823202341729832,0.0384380833266157
,x5_retail,drt_log,40,82,0.0584551474080143,0.0032356419966378,1.0530055755674588,0.0217147316122418
,x5_retail,drs_log,40,82,0.0423834336109565,0.002360297293384,1.0665214208641771,0.0197199409402536
,x5_retail,drq_log,40,82,0.0390311249472097,0.0018097508280029,1.0609066268007197,0.018214523323162
,x5_retail,drt_direct,40,82,0.0674540253547189,0.0036629488022112,1.342993846436819,0.1786624662826096
,x5_retail,drs_direct,40,82,0.0723793331369238,0.0039966381725902,1.334736400489433,0.1749872124356721
,x5_retail,drq_direct,40,82,0.0632876390215841,0.0037114313593181,1.340770002945186,0.1763103967029955
,x5_retail,drq_simple_log,40,82,0.0178019686560892,-0.001362142587447,1.072410636670082,0.0388510858050901
,x5_retail,drq_simple_direct,40,82,0.0305602156317732,-0.0027507336134603,1.5409146630783943,0.3354434902059861
,x5_retail,x,40,82,0.0425291791332336,0.0002521550194396,1.0384225050925824,0.0235144106561484
,x5_retail,x_log,40,82,0.0509518736492595,-0.0005517792582077,1.0383855490761285,0.0175796973526803
,x5_retail,r,40,82,0.0386330868238282,0.0015064321376266,1.0500392271238932,0.0229254134899377
,x5_retail,r_log,40,82,0.0540797781157738,0.0002580237158687,1.0401339289406293,0.0173320949598785
,x5_retail,dr_diff,40,82,0.0569810957846754,0.0036772214767634,1.6677778730918458,0.3744510337047902
,x5_retail,s,41,83,0.0655151410305707,0.0051154503821082,1.032420803838451,0.0153055403844045
,x5_retail,t,41,83,0.0511007355079484,0.0043746681581519,1.061334074610178,0.0247911704644748
,x5_retail,q,41,83,0.0324262869704969,0.0038702999112451,1.0745632372013765,0.0340350398033686
,x5_retail,q_simple,41,83,0.0170789549355239,0.0014631396240115,1.0819623150774411,0.0415210912224921
,x5_retail,drt_log,41,83,0.0723837552400257,0.0053932745364467,1.046228152220127,0.020117492189083
,x5_retail,drs_log,41,83,0.0594784843145752,0.0027096085233795,1.0458771285237345,0.0234876153180679
,x5_retail,drq_log,41,83,0.0489396247901843,0.0022854365649072,1.0565894214222338,0.0259504550697657
,x5_retail,drt_direct,41,83,0.0812394551301771,0.0065448620896355,1.3402362476782768,0.1785133311842446
,x5_retail,drs_direct,41,83,0.0827074166796688,0.0061331931955401,1.3336920564952892,0.1752466835646595
,x5_retail,drq_direct,41,83,0.0831694226331483,0.0060692210958091,1.3388322543752982,0.177258420834282
,x5_retail,drq_simple_log,41,83,0.0243763491531399,-0.0004574146503178,1.0788356260505607,0.0422188885865406
,x5_retail,drq_simple_direct,41,83,0.0285398776579568,-0.0046775756782535,1.5473218786955794,0.3358715526285262
,x5_retail,x,41,83,0.064286941541795,0.0051666540187482,1.0355998170643494,0.0194484877581069
,x5_retail,x_log,41,83,0.0631577496465853,0.005051654424056,1.0342796763063693,0.0179382071696783
,x5_retail,r,41,83,0.0437958499791937,0.0048616855739182,1.049802812100186,0.0215260717249523
,x5_retail,r_log,41,83,0.0606151179093137,0.0050384970531019,1.033182269077478,0.0201176749267371
,x5_retail,dr_diff,41,83,0.0816430573324773,0.0051215976987764,1.6581355170866665,0.3763565037528318
,x5_retail,s,42,84,0.081179250890657,0.00352674183011,1.0222624356515435,0.0110700901392846
,x5_retail,t,42,84,0.0671977423964556,0.0063781081770458,1.0509945939053944,0.0219962718973735
,x5_retail,q,42,84,0.0353055041309153,0.0063088457808127,1.0711217635500605,0.0413834634990443
,x5_retail,q_simple,42,84,0.0227427279517002,0.0019316403030559,1.0801610644008766,0.0398633037390881
,x5_retail,drt_log,42,84,0.0690306656176817,0.0046633786629471,1.0450665495077351,0.0135984654668683
,x5_retail,drs_log,42,84,0.0623700828197788,0.0046193476263748,1.0518532384415202,0.0193233706782219
,x5_retail,drq_log,42,84,0.072602402244652,0.0039223792441115,1.043516216307808,0.0148760240242291
,x5_retail,drt_direct,42,84,0.0814233979143759,0.003081159374139,1.3455733336928548,0.1784388487548781
,x5_retail,drs_direct,42,84,0.0805612531290032,0.0030079254864307,1.3374479891461335,0.1752030693496674
,x5_retail,drq_direct,42,84,0.0720907113519595,0.0032006001699306,1.3412147802265495,0.1767182255763507
,x5_retail,drq_simple_log,42,84,0.0243476501059374,0.0009367007503757,1.0751973228442429,0.0377917892495086
,x5_retail,drq_simple_direct,42,84,0.0540435283743565,0.0009692555711163,1.5346014246979296,0.3353257839336848
,x5_retail,x,42,84,0.0736222084686326,0.00417412670449,1.0391816664585,0.0133823462903996
,x5_retail,x_log,42,84,0.0814926673934983,0.0046019861078402,1.0231713428775733,0.0139365714854512
,x5_retail,r,42,84,0.0597041310130384,0.0020932432135974,1.055424507392995,0.0162020539386699
,x5_retail,r_log,42,84,0.086997336874818,0.0045968650330526,1.0231464392973852,0.0146751924705917
,x5_retail,dr_diff,42,84,0.0692507103463706,0.0030207982872566,1.6685365668354395,0.3745455593491285
,x5_retail,s,43,85,0.0696162163124434,0.0035414548833818,1.0247207560363412,0.014969908658776
,x5_retail,t,43,85,0.0495573884224946,0.0032357381330213,1.0581403962542346,0.0220306298122032
,x5_retail,q,43,85,0.04030005913164,0.0067571413010296,1.0740542819235803,0.0288637285826187
,x5_retail,q_simple,43,85,0.0352699025753768,0.0041011527761284,1.0688174953109773,0.0363628457739811
,x5_retail,drt_log,43,85,0.0549110266542209,0.0022384773973883,1.0505594016402622,0.0163635097573278
,x5_retail,drs_log,43,85,0.0606712310590344,0.0030167367942011,1.0480573623654503,0.0185331965637238
,x5_retail,drq_log,43,85,0.062363104742374,0.0030462615552386,1.0447535851556595,0.018027481096844
,x5_retail,drt_direct,43,85,0.0668752766882132,0.0023996189057446,1.3450491207867203,0.1789021240041597
,x5_retail,drs_direct,43,85,0.0665962719193427,0.002389994256658,1.3363420379423616,0.1754497307579117
,x5_retail,drq_direct,43,85,0.0628640911800446,0.0023049494823434,1.3414281314259673,0.1766250640296367
,x5_retail,drq_simple_log,43,85,0.0313744429044229,0.0017702357531366,1.06679486460544,0.0345344076357998
,x5_retail,drq_simple_direct,43,85,0.0348343022804666,0.0011768522898827,1.5383949752532,0.3363783166210003
,x5_retail,x,43,85,0.0552265304574208,0.0039216273923108,1.0386607412207371,0.017307990226689
,x5_retail,x_log,43,85,0.0595143802343449,0.003633351197252,1.039440769994325,0.0149391499995061
,x5_retail,r,43,85,0.0653792765116325,0.007531116874176,1.0394457684235587,0.0203741367242777
,x5_retail,r_log,43,85,0.058781173811329,0.0039362064766008,1.0317420864420808,0.0175056093481115
,x5_retail,dr_diff,43,85,0.0637074504650074,0.0020671952315314,1.6684402338113975,0.3748681486171912
,x5_retail,s,44,86,0.0701377930044984,0.0081098954953244,1.0198516318943276,0.0121399373934336
,x5_retail,t,44,86,0.0631153896820424,0.0039699961817461,1.0608845451604925,0.0263602585661415
,x5_retail,q,44,86,0.0154212238972406,0.001920769792015,1.0831742747888802,0.0397905578296238
,x5_retail,q_simple,44,86,0.0217218096317042,0.0034653822275813,1.0838928040895015,0.0361872004932869
,x5_retail,drt_log,44,86,0.0374534214231729,0.0037935618811575,1.06496846116582,0.021710587117687
,x5_retail,drs_log,44,86,0.0626823982634201,0.0060113277298582,1.0570624587461142,0.021520340731415
,x5_retail,drq_log,44,86,0.0452464155570253,0.0053543759800996,1.057786474381345,0.0218489407869392
,x5_retail,drt_direct,44,86,0.0631061487272015,0.0051062962917843,1.3645416926354583,0.1847869712052536
,x5_retail,drs_direct,44,86,0.056030636684365,0.0049855868515874,1.356538745440217,0.1811752330172348
,x5_retail,drq_direct,44,86,0.0571475450273315,0.0044035554793372,1.3631009375938734,0.1831592558868408
,x5_retail,drq_simple_log,44,86,0.0195950066016497,0.0042853013675179,1.0797454942816265,0.040279393524037
,x5_retail,drq_simple_direct,44,86,0.042749606568498,-0.0010100927644305,1.5545279652067807,0.3417018141613858
,x5_retail,x,44,86,0.047877377872435,0.0047744466944657,1.0404466625475606,0.0251960713278556
,x5_retail,x_log,44,86,0.0582979601949862,0.0052735447117769,1.0329820962754437,0.0149954259192377
,x5_retail,r,44,86,0.0520595162031181,0.003871424582541,1.0524295635472525,0.0224146743927706
,x5_retail,r_log,44,86,0.0560236836773342,0.005473083309779,1.0374585151426732,0.0138850793309975
,x5_retail,dr_diff,44,86,0.057542193015619,0.0057447236345729,1.6903278003304558,0.3774532728723195
,x5_retail,s,45,87,0.0507302690454223,0.0067173821991788,1.0235529245790311,0.0154587509148766
,x5_retail,t,45,87,0.0305026717428134,0.0042208671283952,1.068624408345266,0.0269511362657922
,x5_retail,q,45,87,0.0070936002741417,-0.0004251662866144,1.0902610926346223,0.0447711548590995
,x5_retail,q_simple,45,87,0.0073022857328546,0.0007812519613867,1.0950655411919352,0.0434482163761794
,x5_retail,drt_log,45,87,0.0508783304603819,0.0055083594555779,1.0524869333094549,0.0169836744093905
,x5_retail,drs_log,45,87,0.0521073359060373,0.0069444866590495,1.0585538101802623,0.0178454932057712
,x5_retail,drq_log,45,87,0.0423115599249044,0.0064268475138692,1.0651458635023126,0.0214262134336616
,x5_retail,drt_direct,45,87,0.0455983052129198,0.005482567393196,1.3637361018362455,0.1851025872620351
,x5_retail,drs_direct,45,87,0.0476661203534194,0.0054247836860981,1.356513758028964,0.1813770386329557
,x5_retail,drq_direct,45,87,0.043669597060042,0.0051830748775246,1.3604476067448827,0.1831197084548842
,x5_retail,drq_simple_log,45,87,0.0079412441096307,0.0005033346206774,1.0797317608111916,0.0391494506904872
,x5_retail,drq_simple_direct,45,87,0.031649214595667,-0.002100336726786,1.5652598719241486,0.3455257070327495
,x5_retail,x,45,87,0.042329859988426,0.0040106484478945,1.041142802815199,0.0179112604660563
,x5_retail,x_log,45,87,0.0501858622101387,0.0061404194859393,1.0269318981974649,0.0148882397707337
,x5_retail,r,45,87,0.0366219247913528,0.0043153566334259,1.0524152167527916,0.0216197411486154
,x5_retail,r_log,45,87,0.0520059012920792,0.0061308518536693,1.0248659262419542,0.0127499314185636
,x5_retail,dr_diff,45,87,0.0375377934552076,0.0050554738972277,1.690580539870219,0.3809515481670987
,x5_retail,s,46,88,0.0544316102875004,0.0020107760622163,1.030240867820848,0.0123267844696962
,x5_retail,t,46,88,0.0242093405495771,0.0032275203819972,1.065182145319208,0.022371159757902
,x5_retail,q,46,88,0.0178375289362151,-0.000802648482676,1.0927940556400506,0.0447784606375297
,x5_retail,q_simple,46,88,0.0066213017909069,-0.0032271465716145,1.0918796057074427,0.0485760880295751
,x5_retail,drt_log,46,88,0.0455196276564862,0.0025147824599447,1.060850178260599,0.0211945328833249
,x5_retail,drs_log,46,88,0.0321495265709903,0.0024205328674338,1.0560371674114972,0.0158962590016743
,x5_retail,drq_log,46,88,0.052559547392053,0.0033145626501353,1.048623145927711,0.0145047310907572
,x5_retail,drt_direct,46,88,0.039804191165667,0.0003079351792984,1.346962292211051,0.1768075202915298
,x5_retail,drs_direct,46,88,0.039576617316102,4.2085706426713e-05,1.3377753588620105,0.1727168125663412
,x5_retail,drq_direct,46,88,0.0356421245569302,0.0004292252624596,1.3423175764121007,0.1742397876548697
,x5_retail,drq_simple_log,46,88,0.0009306128148629,-0.0043302690984005,1.0900422015236069,0.0509765492685254
,x5_retail,drq_simple_direct,46,88,0.0208096734137861,0.0007516826253775,1.5310101113669428,0.3266710844099709
,x5_retail,x,46,88,0.0338859639027253,0.0009351273775065,1.049234071959784,0.0173154412850471
,x5_retail,x_log,46,88,0.0410086684236408,0.0028907384325985,1.0394054105534154,0.0229365819966345
,x5_retail,r,46,88,0.042238013133117,0.0038995781156974,1.0484112759025672,0.0176912682441346
,x5_retail,r_log,46,88,0.0452772414230733,0.0026728419771193,1.0394416959528532,0.0189622533373167
,x5_retail,dr_diff,46,88,0.0265564587946343,0.0009762821372001,1.6720702030036256,0.3712421853492819
,x5_retail,s,47,89,0.0739895791994342,0.003338058264947,1.025700599536494,0.0116246469633401
,x5_retail,t,47,89,0.057227670718785,0.0012419880358757,1.0567518793062889,0.025031648055932
,x5_retail,q,47,89,0.0307585618106212,0.0025425282516782,1.076645616850354,0.0352216167587526
,x5_retail,q_simple,47,89,0.0211277234139632,0.0011135558466294,1.081066982448371,0.0355793497437494
,x5_retail,drt_log,47,89,0.0547653985814875,0.0016867664906799,1.0564219213892685,0.022150150236908
,x5_retail,drs_log,47,89,0.0533901858101533,0.0024421346619654,1.0542665167411769,0.021751580604032
,x5_retail,drq_log,47,89,0.0544762950710779,0.0012209802038738,1.0575301381087825,0.0215001106423089
,x5_retail,drt_direct,47,89,0.0826947011987448,0.0014329782063224,1.3372233692942226,0.1740584423703146
,x5_retail,drs_direct,47,89,0.0873572457801936,0.0016454904855457,1.328112486224783,0.1701769639955696
,x5_retail,drq_direct,47,89,0.0730093174867123,0.0012088880428002,1.3325992439007923,0.1714741835077438
,x5_retail,drq_simple_log,47,89,0.0238220646858697,0.00140976408563,1.0810756108037374,0.0357889970062354
,x5_retail,drq_simple_direct,47,89,0.0346407889432904,0.0003698838129629,1.533544327851775,0.3335331778107296
,x5_retail,x,47,89,0.0761708194940808,0.0030542424282188,1.033227956940458,0.0162321484646005
,x5_retail,x_log,47,89,0.0697053168058705,0.000587154117502,1.0395058879845551,0.0200526545034698
,x5_retail,r,47,89,0.0631608869921855,0.0027133300156921,1.0516031425476815,0.020972902500913
,x5_retail,r_log,47,89,0.0689058180781512,0.0015199079498182,1.0362224885179714,0.0186034205737994
,x5_retail,dr_diff,47,89,0.0888259514320448,0.0018978657375925,1.6633442994026226,0.3709736926911416
,x5_retail,s,48,90,0.0765224686942691,0.0053520610029881,1.020379722556024,0.0110559941674293
,x5_retail,t,48,90,0.0499287537380384,0.0018299852649426,1.061034582671829,0.0261940841839563
,x5_retail,q,48,90,0.0267135093355888,0.0016208802449928,1.0794467816341011,0.038829174256077
,x5_retail,q_simple,48,90,0.0182398262506005,-0.0013401334582556,1.0798595276413978,0.0419873170135829
,x5_retail,drt_log,48,90,0.070023190983526,0.00520239936823,1.0578700665498832,0.0170705793428886
,x5_retail,drs_log,48,90,0.0599932900336483,0.0026983830501115,1.051256899056893,0.0152783921117009
,x5_retail,drq_log,48,90,0.0666186093561886,0.004834510307075,1.0507963957876674,0.0165104902721916
,x5_retail,drt_direct,48,90,0.071256830082014,0.0063739321147048,1.3397967039303214,0.1766147721635279
,x5_retail,drs_direct,48,90,0.0770060564551045,0.0068534899152262,1.3312727870258614,0.172724555021372
,x5_retail,drq_direct,48,90,0.0661404639332174,0.0064663893983015,1.3372639234083912,0.1740246995155488
,x5_retail,drq_simple_log,48,90,0.0185212076779068,-0.0009867939973988,1.0785409802719388,0.0370484411624577
,x5_retail,drq_simple_direct,48,90,0.027675637898221,-0.0038623961404693,1.546877169173554,0.3373713593923482
,x5_retail,x,48,90,0.0686355064184736,0.0055860243949834,1.037266257681563,0.012919096007002
,x5_retail,x_log,48,90,0.0628400488011629,0.0043276569091903,1.0305027439692012,0.0171822896627725
,x5_retail,r,48,90,0.0731081168947873,0.0040773071227198,1.0522194006010346,0.0165844491517457
,x5_retail,r_log,48,90,0.061594426224832,0.0050456376086374,1.0325057572557972,0.0148010856553005
,x5_retail,dr_diff,48,90,0.0738587870733262,0.0057958000469973,1.6625545500427965,0.3728858735955872
,x5_retail,s,49,91,0.060848953495898,0.0035504851647766,1.0308246448984877,0.0200538523309014
,x5_retail,t,49,91,0.0306230986246505,0.0019829243559874,1.0814288288010832,0.0380768861766496
,x5_retail,q,49,91,0.0186347721563626,0.0001735025777905,1.0890601413713674,0.0400236724602915
,x5_retail,q_simple,49,91,0.0057284051923318,-0.0004284458615529,1.0857057048707406,0.0377862712653171
,x5_retail,drt_log,49,91,0.0294748426210922,0.002983487301926,1.0662242724663809,0.022282587465751
,x5_retail,drs_log,49,91,0.0226126407508759,0.0027996345668046,1.057846092886617,0.0258898611307633
,x5_retail,drq_log,49,91,0.0347701809788054,0.0039706569739007,1.0604735223656867,0.025452457640796
,x5_retail,drt_direct,49,91,0.0367445406096025,0.0024538354158737,1.376651083536334,0.187512564970978
,x5_retail,drs_direct,49,91,0.0384240950075409,0.0018688631206761,1.3693075745884804,0.1839196003341527
,x5_retail,drq_direct,49,91,0.0368873226638215,0.0020216810865073,1.3745826803795662,0.1855030657292737
,x5_retail,drq_simple_log,49,91,0.0081294274069942,-0.0017412114646188,1.0850395578017118,0.0376517771472471
,x5_retail,drq_simple_direct,49,91,0.0282255877702535,0.0006543470911254,1.556967405473246,0.337321309464605
,x5_retail,x,49,91,0.0412559505811502,0.0037407525986909,1.0519045303198775,0.0234340447801165
,x5_retail,x_log,49,91,0.0477199527501341,0.0038718640730146,1.0418387880672553,0.0258970476224017
,x5_retail,r,49,91,0.0290966487917836,0.0006645485156226,1.06454890997236,0.0235610651748868
,x5_retail,r_log,49,91,0.0513618847604413,0.0037278552771254,1.0455839128347593,0.0185367519988974
,x5_retail,dr_diff,49,91,0.0271994315548307,0.0026028846525457,1.7044852968498512,0.381149477339754
,lenta,s,25,67,0.0539469647657522,0.0021258876356588,1.0610724424341906,0.0062807003745653
,lenta,t,25,67,0.0104116959062199,0.0002221360391548,1.19335904082141,0.013928999918486
,lenta,q,25,67,0.0650544449095125,-0.0015387039214831,1.1439070816697496,0.0105920169343462
,lenta,q_simple,25,67,-0.0078952758271857,0.0074792578601947,1.2412054611996193,0.0219532849861899
,lenta,drt_log,25,67,-0.0029891550759648,0.0027943025161739,1.4109059337076204,0.0442470162832584
,lenta,drs_log,25,67,-0.0117364301799163,0.0027829035138479,1.3530506962634954,0.0398592736330113
,lenta,drq_log,25,67,0.014114873620568,0.0017830078424942,1.3897382977911532,0.0425790243730573
,lenta,drt_direct,25,67,0.0394536119785347,0.0019925869354528,2.207245994624872,0.1069053562744081
,lenta,drs_direct,25,67,-0.0082032248969157,0.0018912380972767,2.0875269113967208,0.0945623405646929
,lenta,drq_direct,25,67,-0.0468202385578915,0.0012860363388341,2.310017920800804,0.1039188489525348
,lenta,drq_simple_log,25,67,0.0025825838031179,0.0057226374458717,1.2768055208797475,0.0210104687926619
,lenta,drq_simple_direct,25,67,0.0170415704815596,0.0080429217464091,1.916059078768089,0.1195277646636438
,lenta,x,25,67,-0.0101926728153454,0.0013804740537329,1.0931593397983568,0.0059437883005455
,lenta,x_log,25,67,0.0755348674215767,0.0019653529721721,1.0715188800127182,0.0050062544214742
,lenta,r,25,67,-0.0092771090763377,-0.0002148344587958,1.1282278836653947,0.0087100339673064
,lenta,r_log,25,67,0.0676240399986256,0.0011874510635437,1.0754732937846732,0.0072069322114467
,lenta,dr_diff,25,67,0.0199679423590959,0.0019713383323795,2.773487351891603,0.1574515003679814
,lenta,s,26,68,-0.0258132982836711,-6.37988382828406e-05,1.059940601132617,0.0070818483982746
,lenta,t,26,68,0.0451178326639578,0.0022618051482937,1.128599740217487,0.0113174663670447
,lenta,q,26,68,0.1195571670597326,-9.595090410515102e-05,1.112251305436569,0.0094086397628016
,lenta,q_simple,26,68,-0.0028089834519551,0.0061114790891273,1.2448529016769447,0.0227222185062821
,lenta,drt_log,26,68,-0.004820293448954,0.0020380463816582,1.3651954624475426,0.0445502280413171
,lenta,drs_log,26,68,-0.0011665767120214,0.002347601163664,1.3361756253909385,0.0409953663054129
,lenta,drq_log,26,68,-0.0198704610141089,0.0004437729252476,1.336909746327742,0.044302776405949
,lenta,drt_direct,26,68,0.0498681615728633,0.0005670420653385,2.140751678239675,0.107583045002858
,lenta,drs_direct,26,68,0.0395036272122863,0.000437006745771,2.0385886085873746,0.0952706646372835
,lenta,drq_direct,26,68,0.0290716191284066,0.0001768272822977,2.200509786280429,0.1048720798888004
,lenta,drq_simple_log,26,68,-0.0016120689501515,0.005565066158263,1.2521032552537112,0.0230774843228061
,lenta,drq_simple_direct,26,68,0.0028179954342735,0.0064270814282944,1.9210260468480929,0.1193204114191909
,lenta,x,26,68,-0.0011417101693622,4.324641158188775e-05,1.0941305506771155,0.009237217237616
,lenta,x_log,26,68,0.0602958198680843,0.0011340485853592,1.0781681459110557,0.0073104544225163
,lenta,r,26,68,0.0651038311178473,0.0010725075025312,1.0920194980149924,0.0080013417866656
,lenta,r_log,26,68,0.0526865262642539,0.0008577099297728,1.0796405418913564,0.0084507747546646
,lenta,dr_diff,26,68,0.0887326679535662,0.000994506448688,2.623493137879408,0.1580548091454748
,lenta,s,27,69,0.0858350052756213,0.0018090182384478,1.077450143446797,0.0065758199378758
,lenta,t,27,69,0.0387466209944018,0.0018384272869155,1.155739840386618,0.0108659477612581
,lenta,q,27,69,0.0887299732487918,-0.0012724004759133,1.119169736937708,0.0117309091408797
,lenta,q_simple,27,69,-0.013486587762133,0.0069607194663207,1.2194215746809522,0.0178543371157091
,lenta,drt_log,27,69,0.0781505410362961,0.0043257733028078,1.3102793571130598,0.0393940861614257
,lenta,drs_log,27,69,0.0622783122324273,0.0045257585536733,1.2546319635586758,0.0345973401573691
,lenta,drq_log,27,69,0.061770863682224,0.0031280562383146,1.3118492423163364,0.037206348507121
,lenta,drt_direct,27,69,0.0546139086789221,0.0020199324539066,2.0584644350616026,0.1037129768181232
,lenta,drs_direct,27,69,0.0394995521176626,0.0018178982449951,1.975105191028873,0.0912550817950184
,lenta,drq_direct,27,69,-0.0364324180930404,0.001233542616079,2.138421733646691,0.100260787066051
,lenta,drq_simple_log,27,69,-0.0307913322323774,0.0054603468409482,1.2561438596707752,0.0204414227797623
,lenta,drq_simple_direct,27,69,0.0057936660649726,0.0077924077802733,1.849341477391736,0.1147168831478007
,lenta,x,27,69,0.0773145511471526,0.0019935503056919,1.0563071594202087,0.0063924510943747
,lenta,x_log,27,69,0.0917906365568506,0.0026781625610469,1.0593872785348546,0.0057511033156741
,lenta,r,27,69,0.0705653823090619,0.0011946705276947,1.115158211822019,0.0062908532235247
,lenta,r_log,27,69,0.1210582127572146,0.0022218156060671,1.0687318129415744,0.0064043842772888
,lenta,dr_diff,27,69,0.0671962830620613,0.0023137133501346,2.578541983198132,0.1557666454115635
,lenta,s,28,70,-0.0185401695230149,-0.000361556971202,1.0640593102184783,0.0046998433863635
,lenta,t,28,70,0.0312184110618052,0.0016055404305169,1.1632564514847028,0.0149861750127418
,lenta,q,28,70,0.0912088322648856,-0.001542658810098,1.143737196151871,0.0089558831402907
,lenta,q_simple,28,70,0.0117590485049117,0.0065744400200396,1.266197897624099,0.0247218984454037
,lenta,drt_log,28,70,0.0194208515234555,0.0029460821968245,1.390019280233686,0.0475640070301868
,lenta,drs_log,28,70,-0.0055480286932394,0.0032258687875599,1.3531363725867906,0.0425127686171131
,lenta,drq_log,28,70,0.0273614343678214,0.002960196172388,1.3834600129975632,0.0452897919874348
,lenta,drt_direct,28,70,0.0095875535813834,0.0004761665191486,2.206125397640908,0.1114749584143724
,lenta,drs_direct,28,70,0.0735102933265696,0.0006113599390427,2.077960977700721,0.0990040333364794
,lenta,drq_direct,28,70,-0.0377919449294064,-3.266577848863757e-05,2.2812464773035765,0.1085382229200468
,lenta,drq_simple_log,28,70,0.0019174247442559,0.0063091868708138,1.284583151382931,0.0238178272372948
,lenta,drq_simple_direct,28,70,0.0053780800999163,0.0068230968341892,1.964912463259193,0.1230531992980447
,lenta,x,28,70,0.0989051480171829,0.0019785795419207,1.0789844536672164,0.0072276094288291
,lenta,x_log,28,70,0.066994544760242,0.0013365941253037,1.067622885035978,0.0098058566061746
,lenta,r,28,70,0.0040832096619134,-0.000477922143927,1.1353839891204918,0.0109470412554291
,lenta,r_log,28,70,0.0570791731017457,0.0020391363986183,1.07084694629047,0.0085960364218434
,lenta,dr_diff,28,70,0.0288767011460564,0.0010130355829294,2.725196576516246,0.1613356338255896
,lenta,s,29,71,-0.0095561194449578,0.0006341125446386,1.058082068172229,0.005298965168998
,lenta,t,29,71,0.0403509495047835,0.0002635244237199,1.164690469530201,0.0109470197915238
,lenta,q,29,71,0.1277518602669682,-0.0001959808670501,1.120377004670111,0.0099367559956058
,lenta,q_simple,29,71,-0.0012078195514018,0.0067987817877935,1.2341309753857732,0.0213665646634302
,lenta,drt_log,29,71,0.021838388049125,0.0029985215894869,1.3481271546041813,0.0415873162198336
,lenta,drs_log,29,71,0.0005488931028667,0.0038997128353106,1.314295146659073,0.0356541951863776
,lenta,drq_log,29,71,0.0089961480233791,0.0011699953557921,1.3502972076377628,0.0400859119497463
,lenta,drt_direct,29,71,0.0181244534403779,0.0018692924648374,2.135432139575151,0.1053784301645733
,lenta,drs_direct,29,71,0.0037395559437172,0.001748180707436,2.024559064373831,0.0928750764802326
,lenta,drq_direct,29,71,-0.0634232291229486,0.0011505216486579,2.204744955655168,0.1016866197864056
,lenta,drq_simple_log,29,71,0.0156854471853,0.0068222212731328,1.225890685150625,0.019844731827988
,lenta,drq_simple_direct,29,71,0.0174021886776674,0.0076284357295262,1.8759158373903648,0.117629373607783
,lenta,x,29,71,0.0134881706678282,-7.429971687760925e-05,1.0851906578808257,0.0082546660003605
,lenta,x_log,29,71,0.0434531115120264,0.0017652483363016,1.0690869654361816,0.004941686868209
,lenta,r,29,71,0.0059839392214602,0.0006988598726748,1.1160559306644624,0.0096204475467876
,lenta,r_log,29,71,0.055470696422444,0.0017440086660486,1.05247841052542,0.0046802083836092
,lenta,dr_diff,29,71,0.0451981816799695,0.0020707162232108,2.6784768712216818,0.1566547337051826
,lenta,s,30,72,-0.0081483586330626,-0.0002901084870179,1.0786265027658573,0.0075830981549939
,lenta,t,30,72,0.0313502287430047,0.0012872804943563,1.1330829074769615,0.0113346697958863
,lenta,q,30,72,0.0759755723548174,-0.0013415967316529,1.1399728065942092,0.0102994829297267
,lenta,q_simple,30,72,-0.0067303867946839,0.0054335995436473,1.2501426582963755,0.0241901272357351
,lenta,drt_log,30,72,0.0342777797452404,0.0029878592870313,1.336778478363806,0.041949571374397
,lenta,drs_log,30,72,0.0120015538728024,0.0026684292913596,1.3163598967495,0.0382174588550412
,lenta,drq_log,30,72,0.0163209538062796,0.0020331730984536,1.3227269862446474,0.0414787115292089
,lenta,drt_direct,30,72,0.0877013365997441,0.0007445698842411,2.053626545795416,0.1055871642161997
,lenta,drs_direct,30,72,0.0817670970820383,0.0006167887682379,1.948154719459012,0.093004958380602
,lenta,drq_direct,30,72,0.0009299498055583,2.359664847060173e-05,2.1208634241311404,0.102452406689307
,lenta,drq_simple_log,30,72,-0.035556834834169,0.0046704657556643,1.2592439231848107,0.0209347351867322
,lenta,drq_simple_direct,30,72,-0.0014909830396083,0.0061693634214087,1.8893080565495968,0.1182437778368603
,lenta,x,30,72,0.0166984797911826,-0.0001437674269269,1.100121793394062,0.0079942728513615
,lenta,x_log,30,72,0.0244524391120468,0.0009012873119089,1.0764589080163876,0.0091849707716013
,lenta,r,30,72,0.0082930257954194,-0.0009351477128045,1.088046864673374,0.0092714298193337
,lenta,r_log,30,72,0.0288988389900721,0.0004098225342859,1.076189834834253,0.0094715240186931
,lenta,dr_diff,30,72,0.0983859193584777,0.0009165967070149,2.5903530846588407,0.1572112627931961
,lenta,s,31,73,-0.0227187920703919,5.9384232583364026e-05,1.059285879985587,0.0052239564222004
,lenta,t,31,73,0.0125273716009808,0.0006198606772562,1.179735861950986,0.0143513332594044
,lenta,q,31,73,0.1238360364286348,-0.0007555080624264,1.1177305471273593,0.0096342731491603
,lenta,q_simple,31,73,0.0125559140193631,0.0067190230643021,1.238038228098283,0.021963125149398
,lenta,drt_log,31,73,0.0332196420436039,0.0038185354421836,1.3664871232386029,0.0429271529905731
,lenta,drs_log,31,73,0.0039327866497551,0.0035912940443194,1.3280147593583818,0.0392374405167708
,lenta,drq_log,31,73,0.0122606796427477,0.00221498588123,1.344927446996674,0.0426684523230035
,lenta,drt_direct,31,73,0.0499512088589302,0.0015253793642632,2.150423486438432,0.1077656449468195
,lenta,drs_direct,31,73,0.0606884774821698,0.0014349556605982,2.0434574035750392,0.0958268403232125
,lenta,drq_direct,31,73,-0.0395131328259836,0.0008499688399594,2.2206840354581923,0.1050939851405721
,lenta,drq_simple_log,31,73,0.0197504389111522,0.0059030444596976,1.24857821835293,0.0204387938686136
,lenta,drq_simple_direct,31,73,0.0169313787845741,0.0070465668390811,1.932419813859524,0.1206434749403391
,lenta,x,31,73,0.037881022614129,-0.0004826185130657,1.085469799100223,0.010358444952753
,lenta,x_log,31,73,0.0633451085967791,0.0028894060982145,1.0718833246664847,0.0066586432488242
,lenta,r,31,73,0.0043886340836392,-0.0002820635523644,1.1229154887209292,0.0099951472992154
,lenta,r_log,31,73,0.0593642231445901,0.0021314946990274,1.0438943810380232,0.00529545298988
,lenta,dr_diff,31,73,0.0398578759387275,0.0018661483026616,2.6781066144142733,0.1587679561908901
,lenta,s,32,74,0.0166529239751778,0.0016091933598496,1.0417422490518993,0.0038848947025634
,lenta,t,32,74,0.0110382757375537,0.0007181869516058,1.1877377266080538,0.0142359496076956
,lenta,q,32,74,0.1267435993890446,-0.0004189483578358,1.1335766355725736,0.0073723495204955
,lenta,q_simple,32,74,0.0281759342181742,0.007109078362757,1.259466392136498,0.0234910222510926
,lenta,drt_log,32,74,-0.001914539909916,0.0030270949839027,1.3588548327795966,0.0451083391679665
,lenta,drs_log,32,74,0.001876688291972,0.0034689388723283,1.3179330410541286,0.0400890911441945
,lenta,drq_log,32,74,0.017988849173447,0.0017244606996868,1.3546786042622665,0.0434754374084782
,lenta,drt_direct,32,74,0.01141533150674,0.0012751836676656,2.2045011658589204,0.1083936165993587
,lenta,drs_direct,32,74,-0.0221078606313385,0.0011103765938345,2.101946601385204,0.0958615385714712
,lenta,drq_direct,32,74,-0.0580928867130059,0.0005196567797186,2.2799828589157087,0.1048069958629111
,lenta,drq_simple_log,32,74,0.0314494250420618,0.0068306035006154,1.2465409256577005,0.0196633343886212
,lenta,drq_simple_direct,32,74,0.0444255149185435,0.0074087351979156,1.9112757801557905,0.1193647482871221
,lenta,x,32,74,0.021490924622008,-1.833292157435397e-05,1.0998493505589386,0.0075076207445257
,lenta,x_log,32,74,0.0245283343696194,0.0014246173095844,1.0914758591096017,0.0087600264053786
,lenta,r,32,74,0.0199816241238881,0.0011228424516302,1.099999764580203,0.0070511421053815
,lenta,r_log,32,74,0.0235825523442474,0.00109676012132,1.092291269885431,0.007785744195824
,lenta,dr_diff,32,74,0.0502995452909884,0.0013628929708955,2.7569731729045683,0.158287034984574
,lenta,s,33,75,-0.0562669141238705,0.0010225338603542,1.0821667916132918,0.0047436956933747
,lenta,t,33,75,0.0004988285236364,0.000259510111857,1.1808923565921017,0.0121688617688668
,lenta,q,33,75,0.097297480086131,-0.0012526286886595,1.119616305900953,0.0097393923048931
,lenta,q_simple,33,75,-0.0243025272388881,0.0055700728657822,1.27486969219684,0.022634760448282
,lenta,drt_log,33,75,-0.0033155239186821,0.0039189902596416,1.3486483380698433,0.0441288485020906
,lenta,drs_log,33,75,0.0242903699955614,0.0037603848160379,1.346294661518736,0.0391742507214756
,lenta,drq_log,33,75,-0.012808505985806,0.0015185922283343,1.3557206150972283,0.0425066329806611
,lenta,drt_direct,33,75,0.034133850856747,0.002012916756366,2.1853627190063114,0.1065766859249378
,lenta,drs_direct,33,75,0.005056835815318,0.0019304354391968,2.075605769271061,0.0940775739895196
,lenta,drq_direct,33,75,-0.0377128637194035,0.0013591443880777,2.262175993965318,0.1033586580693786
,lenta,drq_simple_log,33,75,-0.0057423542155627,0.0053420506477652,1.2795612334365396,0.020572265579923
,lenta,drq_simple_direct,33,75,-0.0100781146026467,0.0075661883757616,1.9089221256276705,0.1190435689400323
,lenta,x,33,75,0.0151255953876492,0.0001530364386505,1.1093079870277087,0.0062489101019996
,lenta,x_log,33,75,0.0647477760313883,0.0017641088668161,1.060769916754161,0.005261914667218
,lenta,r,33,75,0.0020318828580137,0.0006281778225133,1.1166131168549256,0.0067177875109808
,lenta,r_log,33,75,0.0713457945654243,0.0014042594683252,1.0664575419979134,0.0072547601679033
,lenta,dr_diff,33,75,-0.0107423363543801,0.0019897542860961,2.742315242729081,0.1566799010307672
,lenta,s,34,76,0.0223916695384469,0.0014966831769957,1.0712593382501607,0.0038781009551959
,lenta,t,34,76,0.0098303738851115,0.001029628530443,1.1675793472438254,0.0113803195560464
,lenta,q,34,76,0.061347556993329,-0.0013665254465804,1.1344323810505963,0.0111412984286451
,lenta,q_simple,34,76,0.0300988198813703,0.0066464771423155,1.2487778219601569,0.0205005148552854
,lenta,drt_log,34,76,0.0632641265663915,0.0048694728368828,1.327960493886973,0.042447369517778
,lenta,drs_log,34,76,0.0455949742795687,0.0042275726327596,1.3007990729052872,0.0376575222205469
,lenta,drq_log,34,76,0.0450827629262378,0.00263485807945,1.3399693671898094,0.0410210992532915
,lenta,drt_direct,34,76,0.0270092324755013,0.0021902524924094,2.139998411302409,0.1072115539972465
,lenta,drs_direct,34,76,0.0460573001511768,0.0021526462943717,2.026164709997429,0.0942997510438677
,lenta,drq_direct,34,76,-0.0838026438947719,0.0014713881446867,2.2283520547786786,0.103845189240014
,lenta,drq_simple_log,34,76,0.0072747323066602,0.006319062482748,1.2401965204892136,0.0197357464919409
,lenta,drq_simple_direct,34,76,0.0557295264025079,0.0080185802885909,1.8616998172859776,0.1178966805844574
,lenta,x,34,76,0.0080284429819168,-0.0001449165909734,1.0921402494447374,0.0059148076917659
,lenta,x_log,34,76,0.0286309096429953,0.0009794928253583,1.076388160359028,0.0064573431116388
,lenta,r,34,76,0.0115490475798201,0.0003171295664987,1.102429745827478,0.0081098563610591
,lenta,r_log,34,76,0.0517991503167483,0.0017496368668416,1.0603703745969448,0.0053067034828018
,lenta,dr_diff,34,76,0.02036795222322,0.0022734200862131,2.6971009818271234,0.1571969533214276
,lenta,s,35,77,-0.0031934603892009,0.0001639976935017,1.0732898542736438,0.0037724377142995
,lenta,t,35,77,0.0272530771718222,0.0007602408046379,1.1547036575540055,0.011453065952211
,lenta,q,35,77,0.0927633614732561,-0.0006296071492198,1.130295838116866,0.0096270688212454
,lenta,q_simple,35,77,0.0033324680606094,0.0074215539623506,1.256314396607268,0.0205082161534594
,lenta,drt_log,35,77,0.0318938038002061,0.0046466599574937,1.3378303435380432,0.0418083491411513
,lenta,drs_log,35,77,0.028475978279552,0.0057123626871828,1.2915588383600944,0.0357236815455845
,lenta,drq_log,35,77,0.0192194184614,0.0032005273288929,1.3305170950197862,0.0399934552288144
,lenta,drt_direct,35,77,-0.0073944667673704,0.002662236752926,2.1633818456237583,0.1050548344163803
,lenta,drs_direct,35,77,0.0037719443956234,0.0027212337482699,2.0439330417927857,0.0927761817638947
,lenta,drq_direct,35,77,-0.0456347980919507,0.0021995056186458,2.2140541836822254,0.1024293517096427
,lenta,drq_simple_log,35,77,-0.0126339666052115,0.0063386522883365,1.2456858490666567,0.0183461655262749
,lenta,drq_simple_direct,35,77,0.0386912559993088,0.0082268497603168,1.8653813756687865,0.1163534520142219
,lenta,x,35,77,0.0319269108976474,0.0016350894904399,1.084706785482553,0.0059231669338636
,lenta,x_log,35,77,0.0390500340396171,0.001559231551432,1.083151749718277,0.0034329126449708
,lenta,r,35,77,0.0553651777482138,0.0026618645883274,1.0843306428105348,0.0067327053777744
,lenta,r_log,35,77,0.0312052799361453,0.0009532140807165,1.0873637710955952,0.0052647708182741
,lenta,dr_diff,35,77,0.0164501626221702,0.0029472700551081,2.664054177166702,0.1564311928142911
,lenta,s,36,78,0.0149628481387444,0.0010169330864574,1.0542526496915503,0.0055162837027304
,lenta,t,36,78,0.0407675038530184,0.0009273039278769,1.1576446674817464,0.0136391786473474
,lenta,q,36,78,0.0909341903146967,-0.0015020249536552,1.139689478766276,0.009495693714502
,lenta,q_simple,36,78,0.007514086893531,0.0054394234905166,1.2757400648340549,0.0248392570212226
,lenta,drt_log,36,78,-0.0003259526582648,0.0031522988726198,1.3477330306871884,0.0444379486489156
,lenta,drs_log,36,78,-0.0023849186032718,0.0034618892610993,1.30595985790836,0.0392639612877678
,lenta,drq_log,36,78,0.0078734800703479,0.0013024057096842,1.333720480630689,0.0431005142242872
,lenta,drt_direct,36,78,0.0311154377453746,0.0007282929148258,2.150542952136377,0.1088503196245419
,lenta,drs_direct,36,78,0.0597750557704939,0.000749663903086,2.0220381121596667,0.0962426159713053
,lenta,drq_direct,36,78,-0.0266353906223288,5.893680244980007e-05,2.203231767158897,0.1061445984211825
,lenta,drq_simple_log,36,78,-0.0033755700487216,0.0051384661687637,1.283466173831454,0.0229003677466023
,lenta,drq_simple_direct,36,78,0.0613172585031296,0.0071907200833134,1.89824787109043,0.1210075690804167
,lenta,x,36,78,0.0871472018272945,0.0004473505799989,1.0710296339413738,0.0052595794511801
,lenta,x_log,36,78,0.0675505808648169,0.0017104892828042,1.0488307914422803,0.0065406890511481
,lenta,r,36,78,0.0685803220600826,0.0009292026724021,1.0791270384351064,0.0090093568023097
,lenta,r_log,36,78,0.0619625585747245,0.0014590062808706,1.0482631439794428,0.0074931489927716
,lenta,dr_diff,36,78,0.0471483740862914,0.0011107029892557,2.631740197075348,0.1592758947053552
,lenta,s,37,79,0.0077603343715384,-0.0004663721776064,1.0428435558967089,0.0053189167538357
,lenta,t,37,79,0.0037705541309047,-0.0001848645241976,1.2003209634645955,0.0154333781942411
,lenta,q,37,79,0.0662475206299462,-0.0021271069618471,1.1472178539722993,0.0114252577252894
,lenta,q_simple,37,79,-0.0182847411584434,0.0062468603462402,1.2643606039846913,0.0243385437412678
,lenta,drt_log,37,79,0.0155017519125453,0.0035444269835671,1.3203029445149908,0.0443334026208296
,lenta,drs_log,37,79,0.0212277579245026,0.0031292717519116,1.331779855117838,0.0401879230320014
,lenta,drq_log,37,79,0.0428934670517213,0.0019364683203733,1.3413749368510055,0.0434705399956813
,lenta,drt_direct,37,79,0.0373529417888576,0.0004059657304499,2.143040029953872,0.1089755995709765
,lenta,drs_direct,37,79,0.0533559819686948,0.0003370069732449,2.0257686313250605,0.0966461040936828
,lenta,drq_direct,37,79,-0.0188345027396386,-0.0001878499281594,2.2000579943731635,0.1060711115147853
,lenta,drq_simple_log,37,79,-0.0105004227053278,0.0055240524267546,1.2686538700635956,0.0218759012137359
,lenta,drq_simple_direct,37,79,-0.0237913518380359,0.006538685150625,1.945881310345846,0.1202624580396906
,lenta,x,37,79,0.0081899564531677,-6.404042982413637e-05,1.095968795721153,0.0084016354538486
,lenta,x_log,37,79,0.0061147496021993,-0.000959421805726,1.1211283325228731,0.0109564666248279
,lenta,r,37,79,0.0111549865056848,0.0004595621565723,1.1136153012512855,0.0115693224957909
,lenta,r_log,37,79,0.0101304544234972,-3.1390512180600946e-05,1.0909659296936762,0.0096847190642652
,lenta,dr_diff,37,79,0.0281137757302596,0.0003745950110913,2.711954979522474,0.1588009781425909
,lenta,s,38,80,0.0258813875832986,6.056514091818711e-05,1.0451327819991727,0.0063500070301257
,lenta,t,38,80,0.0322243241244291,0.0003711971190574,1.1633059291611765,0.0129551265930869
,lenta,q,38,80,0.1280795075366358,0.0012578952344436,1.1080964946195622,0.0077296535884313
,lenta,q_simple,38,80,0.0086354739802039,0.00744040151949,1.2324468544637106,0.0214426865723174
,lenta,drt_log,38,80,0.0146438927650929,0.0038596514201668,1.3416782932564524,0.0437420120081431
,lenta,drs_log,38,80,0.0311898697004355,0.0037643749408213,1.3025558852453347,0.039064168680658
,lenta,drq_log,38,80,0.0204902607073216,0.0025197420459417,1.3344883601394633,0.0424840361571225
,lenta,drt_direct,38,80,0.0864473958902449,0.0008469690270932,2.094163311198178,0.107752374134927
,lenta,drs_direct,38,80,0.0055373281425687,0.0007320283552946,2.0087662014149186,0.0957784099376381
,lenta,drq_direct,38,80,-0.0064493489633024,0.0003122953152037,2.174354447020084,0.1063597829623365
,lenta,drq_simple_log,38,80,-0.0239578701989422,0.0058918982331761,1.2511815493837086,0.0204911474594756
,lenta,drq_simple_direct,38,80,-0.0089849220574442,0.0059895611897836,1.933536258910052,0.121061511012356
,lenta,x,38,80,0.0435280135166855,0.0014603418722338,1.0802063258206662,0.0077680445527736
,lenta,x_log,38,80,0.0749724524368131,0.0017191583974623,1.077646358088633,0.0053000269834131
,lenta,r,38,80,0.0004121764938258,0.0004219352666268,1.1005829921365602,0.0093322352716048
,lenta,r_log,38,80,0.0583020758628407,0.0011124728488594,1.082245481746426,0.0083606151737575
,lenta,dr_diff,38,80,0.0425807450322417,0.0009753715736457,2.6564971422474346,0.1584589274534044
,lenta,s,39,81,-0.0058227459526081,0.0008523481380393,1.082808716390223,0.003156054773058
,lenta,t,39,81,0.022460091228756,0.0006370109135551,1.1972806822549342,0.0135580045912191
,lenta,q,39,81,0.0756470928992363,-0.0017665472800711,1.1617622237554952,0.0098263353680486
,lenta,q_simple,39,81,-0.0268597182360155,0.0055362385148989,1.285945540039182,0.0246321972723693
,lenta,drt_log,39,81,0.0167714489215198,0.0036558220926202,1.3924269548686727,0.0434682793831832
,lenta,drs_log,39,81,-0.0099228098624892,0.0034857180582837,1.3382562098527484,0.0394356045523732
,lenta,drq_log,39,81,0.0032145142711119,0.0019070439274309,1.3640178384244357,0.0430150990778911
,lenta,drt_direct,39,81,-0.003561481220822,0.001477005023375,2.1998121450391226,0.1076347833467406
,lenta,drs_direct,39,81,-0.0145394355352119,0.0014313752346486,2.0990223367088543,0.0949771255517634
,lenta,drq_direct,39,81,-0.0643017161635997,0.0008897775124767,2.3059181204898342,0.1049138716337585
,lenta,drq_simple_log,39,81,-0.0071170302037102,0.0054987095551299,1.2826595543666364,0.0223587315092445
,lenta,drq_simple_direct,39,81,0.0187312566582193,0.0071349316911199,1.9070905194752104,0.1211607278311152
,lenta,x,39,81,0.1096863218423147,0.001138004570625,1.0810817753044664,0.0082970613403295
,lenta,x_log,39,81,0.0533825502558484,0.0021534265303351,1.1057847628185864,0.0053730956946525
,lenta,r,39,81,0.0307235275219441,0.0011335245030849,1.0972714755609567,0.0071914313680794
,lenta,r_log,39,81,0.0469128013076474,0.0014888343319709,1.080142965498491,0.0058044584796335
,lenta,dr_diff,39,81,0.0609325710988601,0.0017415219434138,2.7066668740314217,0.1578540576902367
,lenta,s,40,82,0.003785532620361,0.0010617659553859,1.0560521121227842,0.007057027922907
,lenta,t,40,82,0.0332026347141249,0.0013301256115204,1.1522735441868408,0.0135681991517875
,lenta,q,40,82,0.105400729901089,-0.0009323521645888,1.1188301320225484,0.0099321666414477
,lenta,q_simple,40,82,-0.000356904199547,0.0065832084785507,1.2364328222615526,0.0228583123727492
,lenta,drt_log,40,82,0.0107166322650855,0.0020246124323747,1.3898515339251272,0.0462460621594779
,lenta,drs_log,40,82,-0.0135476299206933,0.0025742440184854,1.351611706223943,0.0402029195671699
,lenta,drq_log,40,82,0.0087796187969413,0.0012416884934841,1.353720135947912,0.0433361058995646
,lenta,drt_direct,40,82,0.030562646002151,0.0009831043274894,2.178905327846653,0.1084871968056013
,lenta,drs_direct,40,82,0.0220903703447077,0.0009874056096979,2.0622608474830355,0.0960913656851635
,lenta,drq_direct,40,82,0.0006557305023202,0.000467503791707,2.2376296958351003,0.1055046339973151
,lenta,drq_simple_log,40,82,-0.0037980169904365,0.0056127530772651,1.25297316640466,0.0216701478978096
,lenta,drq_simple_direct,40,82,0.0121675754992822,0.0066938851860779,1.93058607951024,0.1212113881250966
,lenta,x,40,82,0.0062356736920172,-0.0004517682918311,1.0882870452087876,0.007850092940035
,lenta,x_log,40,82,0.061976543455857,0.0011090627091736,1.072573216052256,0.0075043274113642
,lenta,r,40,82,0.0190981425693197,0.0008273468628809,1.0927201588872075,0.0080086216955225
,lenta,r_log,40,82,0.0500591852329987,0.0012598002449309,1.0680237217635318,0.0073377052503715
,lenta,dr_diff,40,82,0.0357240424746621,0.0013856620617924,2.7165551344387926,0.1588850291701818
,lenta,s,41,83,-0.0056141463292076,0.0001643241063246,1.0597608044781548,0.0053858967565882
,lenta,t,41,83,0.0557724894458169,0.0020006151825915,1.15647781718091,0.0150572213001241
,lenta,q,41,83,0.0986262770716641,-0.001167595594549,1.1447467918827114,0.0123470577086466
,lenta,q_simple,41,83,0.0194101353903324,0.0060918723710443,1.2725082733842166,0.0269217672416052
,lenta,drt_log,41,83,0.0466943245033717,0.0041549439257273,1.413318466103246,0.0480299804535815
,lenta,drs_log,41,83,-0.0036528919931484,0.002335419643491,1.409904544268076,0.0450806880197065
,lenta,drq_log,41,83,0.0295041383526974,0.0021809549736405,1.3922405840719174,0.0469254833064883
,lenta,drt_direct,41,83,0.0420551594803983,0.0001602906392824,2.233915220874923,0.1123908244991049
,lenta,drs_direct,41,83,0.0204851540216488,-3.243455087545942e-05,2.1253482639028083,0.0993552074785581
,lenta,drq_direct,41,83,-0.0463474054364588,-0.0005352954720704,2.300922287038987,0.1089072207111013
,lenta,drq_simple_log,41,83,-0.0059933019517808,0.0055043971983419,1.3024288104772148,0.0260150298644889
,lenta,drq_simple_direct,41,83,0.0198791738811749,0.0061456446084536,1.9765295164084489,0.123563599264639
,lenta,x,41,83,0.0698576761492486,0.0007063310180955,1.0999166438568777,0.009019584454378
,lenta,x_log,41,83,0.0797516516381611,0.0019599452727865,1.073125376962767,0.0075706651104764
,lenta,r,41,83,0.0468989020666079,0.0005122603501361,1.112866962353919,0.0109070185117868
,lenta,r_log,41,83,0.0817208314483892,0.0020004876360717,1.076106835662872,0.0084610493895739
,lenta,dr_diff,41,83,0.0673254208339688,0.0003964407333618,2.753884699430426,0.1609685689398345
,lenta,s,42,84,0.0135424715300023,-0.0004748974984511,1.050724091326806,0.0068301453670213
,lenta,t,42,84,0.0108100696861257,0.0008655106657041,1.177843594390002,0.0147272574336646
,lenta,q,42,84,0.0573612659115105,-0.0023465027349845,1.160640349958863,0.0149597890840811
,lenta,q_simple,42,84,-0.0370529512288286,0.0055348581889566,1.2654406186980582,0.0236924773427124
,lenta,drt_log,42,84,0.0339605265687703,0.0027060605411886,1.3805376475224211,0.0460754228595385
,lenta,drs_log,42,84,0.010125345914707,0.0021675418714494,1.3666793103662471,0.0404791474099936
,lenta,drq_log,42,84,0.0169867699993579,0.0014567041426488,1.3693455660992675,0.04462993804258
,lenta,drt_direct,42,84,0.0575921460861235,0.0006454570035495,2.1371780401746734,0.1083856780418692
,lenta,drs_direct,42,84,0.0348121067246782,0.00045925354,2.028899007854915,0.096022864569126
,lenta,drq_direct,42,84,-0.0267316344808641,1.7238369788993412e-05,2.214474471903593,0.1056904689059589
,lenta,drq_simple_log,42,84,-0.0109225994787562,0.005840627474134,1.2396216602492671,0.0220814853259214
,lenta,drq_simple_direct,42,84,-0.0279286719960965,0.0065211024919338,1.90847867986626,0.1212092229423716
,lenta,x,42,84,0.0817030408629366,0.0007947328184959,1.052709132984368,0.0071198476348036
,lenta,x_log,42,84,0.025816606182986,0.0009992217710125,1.0876867525228913,0.0093942363087166
,lenta,r,42,84,0.0276535427500523,0.0003293602612964,1.0828566224597544,0.0099851967102688
,lenta,r_log,42,84,0.0249399823129041,0.0008974953696681,1.0697439936515838,0.0082763151567153
,lenta,dr_diff,42,84,0.0645057990326141,0.000845733311275,2.641374636494723,0.1589947007214571
,lenta,s,43,85,-0.0377188609179712,6.873574455509499e-05,1.08327557903397,0.0040189565143854
,lenta,t,43,85,0.0270524577425306,0.0018475292980769,1.1462083154063554,0.0123962824721971
,lenta,q,43,85,0.0891746375264084,-0.0006451442889831,1.1168182717398665,0.0082969487891936
,lenta,q_simple,43,85,-0.005626482264438,0.0065234933270818,1.2314098577683836,0.0223758104638806
,lenta,drt_log,43,85,-0.0051931753206859,0.003012590151622,1.3820512716721451,0.0445908468538264
,lenta,drs_log,43,85,-0.0151173700238274,0.003226583481575,1.345817015263865,0.0393027282661485
,lenta,drq_log,43,85,-0.007389008188446,0.0025641616186819,1.3493621785119567,0.0420263530999426
,lenta,drt_direct,43,85,0.0561055104841414,0.0018384911371141,2.162208029466941,0.1072610318454175
,lenta,drs_direct,43,85,-0.0451893801980585,0.0016980100448837,2.0814001657983097,0.0957036219677823
,lenta,drq_direct,43,85,-0.0571798075562248,0.0011418291927158,2.245238895531483,0.105352997326688
,lenta,drq_simple_log,43,85,-0.0203294579764035,0.005412886329843,1.2662562601676766,0.022104451589743
,lenta,drq_simple_direct,43,85,-0.0046949079539642,0.0074470190940457,1.8995688250916167,0.1204145704332487
,lenta,x,43,85,0.0679077328280464,0.0016904456130567,1.0796077980276897,0.0056510856478911
,lenta,x_log,43,85,0.0618720459167116,0.0018837614345126,1.0668449177638577,0.0058882275111553
,lenta,r,43,85,0.0044110448725129,0.0001822215586288,1.0979791478652678,0.0093608885279264
,lenta,r_log,43,85,0.0930378601843542,0.0019643722089092,1.0661944459093828,0.0058537281719061
,lenta,dr_diff,43,85,-0.005463866879199,0.0022332962187288,2.682214255402207,0.1590662284308099
,lenta,s,44,86,0.0144076532840646,0.0003777503597624,1.071727333210288,0.0037494177400863
,lenta,t,44,86,0.0117113521328802,-0.0007847835736446,1.202332742375289,0.0139568309677303
,lenta,q,44,86,0.061039101421243,-0.0017323662359596,1.1539669869979403,0.0102703210310697
,lenta,q_simple,44,86,-0.0237343691807314,0.0061448001111691,1.2577038651227352,0.0234771912680117
,lenta,drt_log,44,86,0.0255965289910251,0.0040847434601209,1.3730749050422966,0.0436712629878218
,lenta,drs_log,44,86,0.0166268114136727,0.0042489252181397,1.33726259548415,0.0385760281628863
,lenta,drq_log,44,86,0.0229695527978777,0.0023854629916422,1.338848024501835,0.0421072091686177
,lenta,drt_direct,44,86,0.0302467880274011,0.0014898629390188,2.192093017666051,0.1075165643391898
,lenta,drs_direct,44,86,-0.0024401240612479,0.0014697875902827,2.072668049331523,0.0957364681110706
,lenta,drq_direct,44,86,-0.022913881361259,0.0008184849605441,2.26109205262165,0.1046759025616703
,lenta,drq_simple_log,44,86,-0.0117923536111266,0.0068680260421014,1.2282034936029538,0.0200005521972422
,lenta,drq_simple_direct,44,86,-0.0058373407909748,0.0073814453330201,1.9241281763102027,0.1199628933935717
,lenta,x,44,86,6.157146874885555e-05,0.0009465397148028,1.0922777190629809,0.0096454938697161
,lenta,x_log,44,86,0.0665133445963668,0.0012180119881014,1.0735725552325626,0.0063817185838085
,lenta,r,44,86,-0.0033639974307584,0.001281688453433,1.1162610818957297,0.0104489776611064
,lenta,r_log,44,86,0.0776085421007057,0.0012715917620043,1.0668779353106526,0.0063331456506005
,lenta,dr_diff,44,86,0.0071636592143968,0.0015602316463842,2.7623534394291185,0.1581226945646802
,lenta,s,45,87,-0.0037545009762451,0.0011286383951712,1.0540164238196112,0.004936582931605
,lenta,t,45,87,0.0185914092551844,0.0001388658957557,1.1774560835365169,0.0144862855611085
,lenta,q,45,87,0.1286643138915471,-0.0009204711439721,1.1279317467171823,0.0070423422909035
,lenta,q_simple,45,87,0.0263820905331504,0.0062782275539359,1.2554094233891913,0.0235219765166965
,lenta,drt_log,45,87,-0.0046000135657853,0.0025709976887769,1.3882579117509029,0.0464212399827524
,lenta,drs_log,45,87,-0.0083423796197115,0.0026281646524056,1.360285900215301,0.0404357519216026
,lenta,drq_log,45,87,0.012726156866422,0.001650094443146,1.371061827727635,0.0445082266467663
,lenta,drt_direct,45,87,0.0187919853270712,0.0011842916943362,2.18559879076008,0.1084057571435297
,lenta,drs_direct,45,87,0.0016191634713536,0.0011170025007556,2.0738134212133152,0.0959327997096867
,lenta,drq_direct,45,87,-0.0458458949609084,0.0006073435021613,2.2675384163146,0.1058042443743625
,lenta,drq_simple_log,45,87,-0.0302541302855554,0.0049569248279686,1.274588744618563,0.0220874213760169
,lenta,drq_simple_direct,45,87,0.0219426278918111,0.0070611408468598,1.898862202141908,0.1216721310936846
,lenta,x,45,87,0.0407163930784597,0.000892514830513,1.0968449466385186,0.0072720136107478
,lenta,x_log,45,87,0.0318156126869073,0.0017229656204626,1.08516465663219,0.0056233013680404
,lenta,r,45,87,0.085919693434677,0.0007458146894997,1.091061435892149,0.0078470090651983
,lenta,r_log,45,87,0.0367865222415131,0.0011897932018527,1.0630639324505669,0.0076934067372971
,lenta,dr_diff,45,87,0.0402294405365837,0.0014333713522947,2.7381922083640613,0.1592568414484085
,lenta,s,46,88,-0.032948984342817,-0.0004856502354647,1.0732680736050924,0.0043847555352916
,lenta,t,46,88,0.0056108071232938,0.0009583035289578,1.1725332147300498,0.0152264372391769
,lenta,q,46,88,0.1280435913137569,-0.0007433758341105,1.1263310333996108,0.0094505297097273
,lenta,q_simple,46,88,0.0263843600261899,0.0067658768142197,1.232435918806534,0.021179099448818
,lenta,drt_log,46,88,0.0181138928883317,0.0028919695593752,1.3704275296159243,0.0428738319099121
,lenta,drs_log,46,88,0.0007052444158721,0.00331945492344,1.3371809001174386,0.0378025862473151
,lenta,drq_log,46,88,0.0228392605400422,0.0018103089029204,1.343406051598828,0.0415146027767559
,lenta,drt_direct,46,88,0.0179246510751491,0.0014028162846387,2.1749651525199782,0.1070564741806187
,lenta,drs_direct,46,88,0.0281676922278848,0.0013512227860984,2.0567087815901104,0.0950537566348107
,lenta,drq_direct,46,88,-0.0716794492913632,0.0007317170620113,2.2464597218579425,0.1042014755100611
,lenta,drq_simple_log,46,88,0.0616444797634856,0.0062877155373655,1.2525407853377608,0.0198565396937361
,lenta,drq_simple_direct,46,88,0.0364926138490857,0.0077654776585681,1.8755061054217368,0.1185114515810339
,lenta,x,46,88,0.0322424283839428,0.0014631852164621,1.0952519360429551,0.0072223715066344
,lenta,x_log,46,88,0.0507431500524355,0.0013969821080543,1.059152904333535,0.0061630774921438
,lenta,r,46,88,0.0038990266652592,0.000476551428049,1.1182586198268178,0.0122307330036538
,lenta,r_log,46,88,0.0444736619195502,0.0014874995935322,1.0672199076240718,0.0062499275257417
,lenta,dr_diff,46,88,0.0248903855178341,0.0016844399181135,2.712963885590588,0.1583918316623933
,lenta,s,47,89,0.0907782211946037,0.0011058327739952,1.066110685786008,0.0057538496723951
,lenta,t,47,89,0.0225575918200118,0.0007334933897636,1.1837335678484804,0.0118604552059152
,lenta,q,47,89,0.0769886653647116,-0.0004674973477417,1.131049155744155,0.008416673799131
,lenta,q_simple,47,89,0.002775744306287,0.0070447825995985,1.2558145226890691,0.0237314320786351
,lenta,drt_log,47,89,0.0329895033590037,0.0037643734342245,1.381722129306543,0.0449116375228523
,lenta,drs_log,47,89,0.0136315191974589,0.0043875851292191,1.370497552304277,0.039018968225696
,lenta,drq_log,47,89,0.0396027370183917,0.0019847950533479,1.37377135987728,0.0436261055599067
,lenta,drt_direct,47,89,0.032900676821608,0.0014986209028021,2.213203435877143,0.1086765124013249
,lenta,drs_direct,47,89,-0.0107563869998614,0.0013404252691483,2.12052866339258,0.0960064958851435
,lenta,drq_direct,47,89,-0.0886808463037447,0.0008610520596537,2.321422831148908,0.1053072120424254
,lenta,drq_simple_log,47,89,0.0024677277455273,0.006361093632379,1.2742275720054226,0.02158244346096
,lenta,drq_simple_direct,47,89,-0.0004836181295169,0.0076266091048366,1.93879111239358,0.1198029065063705
,lenta,x,47,89,0.0311754951231673,0.0010687000697766,1.1005296025826117,0.0062736742396134
,lenta,x_log,47,89,0.0527409720586262,0.0011479684182249,1.0860024834156294,0.0065018585903533
,lenta,r,47,89,-0.0256113814635399,-0.0001193503108548,1.1323341014979027,0.0101589778574201
,lenta,r_log,47,89,0.0490883402030271,0.0001182597416515,1.0903820235139905,0.0071352467279933
,lenta,dr_diff,47,89,0.0024870524304092,0.0016509375428038,2.773014478638107,0.1588873485081396
,lenta,s,48,90,-0.0044676775062113,0.0014323806053538,1.0575213424097636,0.0056062200497028
,lenta,t,48,90,0.0120383780311887,0.0005901308405435,1.171448999248952,0.0105756711867235
,lenta,q,48,90,0.1509732670755856,0.0003747016476041,1.1150277442233163,0.0030856756835848
,lenta,q_simple,48,90,0.0127716692062564,0.0068470853301596,1.2328367596396148,0.0199090801612573
,lenta,drt_log,48,90,0.0021511697195948,0.0035473256301769,1.3575070246357466,0.042467108459667
,lenta,drs_log,48,90,0.0047084214266093,0.0041962872183271,1.3013824286444835,0.0366884410930766
,lenta,drq_log,48,90,-0.0038346315116386,0.0024477458761051,1.3336887890768945,0.0400406269454909
,lenta,drt_direct,48,90,-0.0043140977220146,0.0029656492457033,2.133588196513539,0.1043942722791358
,lenta,drs_direct,48,90,-0.0454976517453844,0.002808186770127,2.0533290296849454,0.0920034541364042
,lenta,drq_direct,48,90,-0.0563427126627775,0.0022749481606125,2.200648256990913,0.1014285308915833
,lenta,drq_simple_log,48,90,0.0377273619142195,0.0067761106340677,1.2324108755091034,0.0175712373221062
,lenta,drq_simple_direct,48,90,0.024019642771403,0.0072410339706094,1.8844500866705567,0.1185976856695829
,lenta,x,48,90,0.0485859754416779,0.0015380431510102,1.0774695051561192,0.0061280627022216
,lenta,x_log,48,90,0.0351319101929152,0.0021165361575145,1.0642633207174257,0.0047918082363952
,lenta,r,48,90,0.035225058287168,0.0022626683275288,1.0859431668214234,0.0066123692729136
,lenta,r_log,48,90,0.0416912878847695,0.0016577390282199,1.0680763200757306,0.0022161699874812
,lenta,dr_diff,48,90,0.0357580207415186,0.0031456487717199,2.687395537233168,0.1556202434603434
,lenta,s,49,91,0.0377142347498882,0.0011918219732017,1.043966632094615,0.0042541971295733
,lenta,t,49,91,0.0548917785982603,0.0018485452559044,1.142250760783924,0.0116411605365328
,lenta,q,49,91,0.0878008370055549,-0.0011082332278457,1.139179843297306,0.0102342961648288
,lenta,q_simple,49,91,0.010393912304103,0.0053092058421916,1.2875052076267033,0.0270497279190247
,lenta,drt_log,49,91,0.014332038483471,0.0029808036226433,1.4346881484505347,0.048561928959683
,lenta,drs_log,49,91,-0.0291192377751401,0.0023756724681266,1.3778970119211336,0.0438866727838902
,lenta,drq_log,49,91,-0.0253312566199861,0.0007642228075855,1.4432052297868427,0.0475088068085581
,lenta,drt_direct,49,91,0.0131526445701157,0.0014535778987462,2.277740159097171,0.1114257464428521
,lenta,drs_direct,49,91,-0.0329682001381304,0.0013286049461004,2.1744612457320502,0.0994447352393857
,lenta,drq_direct,49,91,-0.0547280305270435,0.000886144972463,2.3675100560973514,0.1093461093115038
,lenta,drq_simple_log,49,91,0.0240855745606125,0.0061074366908186,1.2700423319163183,0.0231234187725683
,lenta,drq_simple_direct,49,91,0.0568111718885742,0.0072264138679961,1.9268341214728213,0.1232875160454781
,lenta,x,49,91,0.0225159981385636,0.0011827282687709,1.10164468523567,0.0086946145337565
,lenta,x_log,49,91,0.0771384462274593,0.0015817256424685,1.084030016172396,0.0076376390774161
,lenta,r,49,91,-0.007785430708602,-0.0010395497491888,1.1349443464496505,0.0136991784283482
,lenta,r_log,49,91,0.0701248626745669,0.0019792059707832,1.0729619863669284,0.0077263261344764
,lenta,dr_diff,49,91,0.0369588308332597,0.0018683361407555,2.792050521881246,0.16150706603606
,rhc,s,25,67,0.0083232067301479,-0.0250755008796527,1.1185245058417224,0.0726548524509993
,rhc,t,25,67,0.0083232067301479,-0.0250755008796527,1.1185245058417224,0.0726548524509993
,rhc,q,25,67,0.0651539092861706,0.0216310917196927,1.7603853518513195,0.724425454235445
,rhc,drt_log,25,67,0.0689940969483406,0.009347135911679,1.1930277407189611,0.1378165555217143
,rhc,drs_log,25,67,0.0689940969483406,0.009347135911679,1.1930277407189611,0.1378165555217143
,rhc,drq_log,25,67,0.0919001846022835,0.008503974861186,1.3937739151310171,0.3234736696587194
,rhc,drt_direct,25,67,-0.0232544084065906,-0.0568127042853174,1.163769728130347,0.0771855987219433
,rhc,drs_direct,25,67,-0.0232544084065906,-0.0568127042853174,1.163769728130347,0.0771855987219433
,rhc,drq_direct,25,67,0.0400640237397451,-0.0395760160421099,1.2388935713368368,0.0800108702016023
,rhc,x,25,67,-0.4548010227581446,-0.1846180510144469,1.3679195163634568,0.3176957725704273
,rhc,x_log,25,67,0.0083232067301479,-0.0250755008796527,1.1185245058417224,0.0726548524509993
,rhc,r,25,67,0.516500943259196,0.1366220067510381,1.1466419965286758,0.2852439668275957
,rhc,r_log,25,67,0.1952612920628962,0.0027029857883484,1.1808028460368682,
,rhc,dr_diff,25,67,-0.065962889788887,-0.0130443269028651,1.0203874814716434,0.1048998237494432
,rhc,s,26,68,-0.0529451496019264,0.0027813968935213,1.0826348396501455,0.0521344267320662
,rhc,t,26,68,-0.0529451496019264,0.0027813968935213,1.0826348396501455,0.0521344267320662
,rhc,q,26,68,0.201391238928452,0.0557236056339522,1.606840350124482,0.6673780315908844
,rhc,drt_log,26,68,0.4973694856485775,0.0102590799233616,1.2515173828190786,0.1519977175824448
,rhc,drs_log,26,68,0.4973694856485775,0.0102590799233616,1.2515173828190786,0.1519977175824448
,rhc,drq_log,26,68,0.2860142348144763,-0.0081354938194821,1.3931374399951777,0.2568967764588467
,rhc,drt_direct,26,68,0.0769706174217816,-0.0239908724942388,1.1167174750564803,0.0604836178861212
,rhc,drs_direct,26,68,0.0769706174217816,-0.0239908724942388,1.1167174750564803,0.0604836178861212
,rhc,drq_direct,26,68,0.0083437270542903,-0.0079094425906368,1.1835420436184014,0.0559281194279101
,rhc,x,26,68,-0.4409312724245835,-0.1732099961648742,1.2801804902619127,0.3168817647399983
,rhc,x_log,26,68,-0.0529451496019264,0.0027813968935213,1.0826348396501455,0.0521344267320662
,rhc,r,26,68,0.442915780836614,0.1163513360210422,1.366807640570997,0.2262932564169023
,rhc,r_log,26,68,0.0338423104390139,-0.0024055639284528,1.0490001798727355,
,rhc,dr_diff,26,68,-0.0741973349593305,-0.0138329427876094,1.0139694083481892,0.1248178983818333
,rhc,s,27,69,0.0319088878930478,0.0044081210839784,1.045699370235333,0.0285940193651246
,rhc,t,27,69,0.0319088878930478,0.0044081210839784,1.045699370235333,0.0285940193651246
,rhc,q,27,69,-0.0544086898666855,0.0128127031875966,1.89040220006028,0.7295339606936478
,rhc,drt_log,27,69,0.0672063745679101,-0.0385595032476875,1.1347916014420236,0.1172956375571002
,rhc,drs_log,27,69,0.0672063745679101,-0.0385595032476875,1.1347916014420236,0.1172956375571002
,rhc,drq_log,27,69,-0.0400456897480423,-0.0016035497548238,1.6801725275804258,0.3267193967701765
,rhc,drt_direct,27,69,0.1124005313769864,-0.0509236710350635,1.2048168249567952,0.0332816796495262
,rhc,drs_direct,27,69,0.1124005313769864,-0.0509236710350635,1.2048168249567952,0.0332816796495262
,rhc,drq_direct,27,69,-0.2813434637593657,-0.0572562542843083,1.2539979094212923,0.0816202263193064
,rhc,x,27,69,-0.4198055307635171,-0.1802294002175297,1.360809120323252,0.33537633425791
,rhc,x_log,27,69,0.0319088878930478,0.0044081210839784,1.045699370235333,0.0285940193651246
,rhc,r,27,69,0.3186509970430307,0.1045545363285482,1.077422907648227,0.1764688806097044
,rhc,r_log,27,69,0.1732686567936827,0.0244443168798926,1.1500051581284445,
,rhc,dr_diff,27,69,-0.0794986553889997,-0.0252818148273042,1.0314284744161577,0.0873245834584011
,rhc,s,28,70,0.033534442888665,0.0169071734539549,1.1072210065645514,0.0675958519646084
,rhc,t,28,70,0.033534442888665,0.0169071734539549,1.1072210065645514,0.0675958519646084
,rhc,q,28,70,0.067312788051971,0.0079571076235876,1.7584744558481205,0.6776230301205926
,rhc,drt_log,28,70,0.1815882464584761,0.0239918702858674,1.18105862737459,0.0822271567538321
,rhc,drs_log,28,70,0.1815882464584761,0.0239918702858674,1.18105862737459,0.0822271567538321
,rhc,drq_log,28,70,0.0214156028594556,-0.0528289914734606,1.6409488979886409,0.4806674765429101
,rhc,drt_direct,28,70,0.0019974053224245,-0.0734672253102085,1.1648738572709731,0.0729208681772854
,rhc,drs_direct,28,70,0.0019974053224245,-0.0734672253102085,1.1648738572709731,0.0729208681772854
,rhc,drq_direct,28,70,0.1088384160970792,-0.0825613934796361,1.328625098701144,0.1568115982489669
,rhc,x,28,70,-0.4282951982662164,-0.1983578769995742,1.1784684143722528,0.2305192509388524
,rhc,x_log,28,70,0.033534442888665,0.0169071734539549,1.1072210065645514,0.0675958519646084
,rhc,r,28,70,0.4777816028787138,0.1148884124219238,1.0626626357207811,0.2548998896866291
,rhc,r_log,28,70,-0.0085011215404466,0.0454438517525256,1.1401454408803768,
,rhc,dr_diff,28,70,-0.0823821262389592,-0.0080697724962944,1.0127931276199205,0.0815731617405441
,rhc,s,29,71,0.0729120563875895,0.0115455638648695,1.0976937860345932,0.0611099979963934
,rhc,t,29,71,0.0729120563875895,0.0115455638648695,1.0976937860345932,0.0611099979963934
,rhc,q,29,71,0.1056672502656344,0.0365092157156878,1.7249172296003732,0.6936996572963956
,rhc,drt_log,29,71,0.030043974078453,-0.0248510145487007,1.4231973130124786,0.1407501758795248
,rhc,drs_log,29,71,0.030043974078453,-0.0248510145487007,1.4231973130124786,0.1407501758795248
,rhc,drq_log,29,71,-0.0166918820092638,-0.0104163060699485,1.5476565416853003,0.3901089246065302
,rhc,drt_direct,29,71,0.0107392547995568,-0.0664830202217394,1.0882126983909777,0.0536182253074578
,rhc,drs_direct,29,71,0.0107392547995568,-0.0664830202217394,1.0882126983909777,0.0536182253074578
,rhc,drq_direct,29,71,-0.1446676254106249,-0.06736986960473,1.378430387384158,0.1123821760092719
,rhc,x,29,71,-0.4803960443716547,-0.189406813590816,1.4573553530880785,0.3713203640084442
,rhc,x_log,29,71,0.0729120563875895,0.0115455638648695,1.0976937860345932,0.0611099979963934
,rhc,r,29,71,0.3442344864328233,0.095912170703077,1.1190463929646268,0.2054948751402767
,rhc,r_log,29,71,0.1360162897171652,0.0087342207247041,1.074978438891406,
,rhc,dr_diff,29,71,-0.1158813505594876,-0.0246787148805021,1.0093079739244453,0.1438276040138001
,rhc,s,30,72,0.0038426555333117,0.0074872286904606,1.0605941005400914,0.0384093752057409
,rhc,t,30,72,0.0038426555333117,0.0074872286904606,1.0605941005400914,0.0384093752057409
,rhc,q,30,72,0.0249726389478579,-0.0023293801762711,1.861172133931784,0.734118396871541
,rhc,drt_log,30,72,0.5207789638754745,0.0389507045433472,1.1427028491641744,0.1432003819671604
,rhc,drs_log,30,72,0.5207789638754745,0.0389507045433472,1.1427028491641744,0.1432003819671604
,rhc,drq_log,30,72,-0.0037870803947026,-0.0208281916037106,1.6801464170724485,0.3952273664430796
,rhc,drt_direct,30,72,0.2904730755963087,-0.031859880226999,1.1435227519924736,0.0724052532317284
,rhc,drs_direct,30,72,0.2904730755963087,-0.031859880226999,1.1435227519924736,0.0724052532317284
,rhc,drq_direct,30,72,-0.2469354958737826,-0.1129457764683889,1.4580255637851618,0.1496728296602102
,rhc,x,30,72,-0.4600065186222226,-0.1853488927816665,1.253165597150987,0.3390037085812312
,rhc,x_log,30,72,0.0038426555333117,0.0074872286904606,1.0605941005400914,0.0384093752057409
,rhc,r,30,72,0.3680287479319588,0.1213396055540791,1.0735378049089526,0.2184047246496197
,rhc,r_log,30,72,0.0560726943020233,0.0095342216288838,1.0670560336679402,
,rhc,dr_diff,30,72,-0.0599844520759205,-0.0097817686217073,1.0022557886307488,0.079461667542786
,rhc,s,31,73,0.0537747288254144,0.0040419354169807,1.0582324050502714,0.0365588273279091
,rhc,t,31,73,0.0537747288254144,0.0040419354169807,1.0582324050502714,0.0365588273279091
,rhc,q,31,73,-0.0104282776540602,0.0176026694380714,1.8138473826451744,0.6213753276364453
,rhc,drt_log,31,73,0.4709390082574884,0.001500223474944,1.1805873212961415,0.1138438605181061
,rhc,drs_log,31,73,0.4709390082574884,0.001500223474944,1.1805873212961415,0.1138438605181061
,rhc,drq_log,31,73,-0.0218142822351026,-0.0236841997016277,1.5068124805241572,0.4960045282475443
,rhc,drt_direct,31,73,0.131109764156893,-0.0778286118475754,1.073533854435782,0.0287228436450469
,rhc,drs_direct,31,73,0.131109764156893,-0.0778286118475754,1.073533854435782,0.0287228436450469
,rhc,drq_direct,31,73,-0.0644321859224824,-0.0593218028488942,1.1448807467402569,0.0985721095612287
,rhc,x,31,73,-0.4758583252844732,-0.1905286151608197,1.3917675680006407,0.4139279665030306
,rhc,x_log,31,73,0.0537747288254144,0.0040419354169807,1.0582324050502714,0.0365588273279091
,rhc,r,31,73,0.7519683629490803,0.1415242887287261,1.2407119732537382,0.2747834620219007
,rhc,r_log,31,73,-0.0452759330394312,0.0072395218086977,1.0507178102530434,
,rhc,dr_diff,31,73,-0.1275170372460906,-0.0353973971648997,1.0314853517753382,0.1255723539080469
,rhc,s,32,74,-0.0029015553380795,-0.0064073521084131,1.0812014522120903,0.0502462024737797
,rhc,t,32,74,-0.0029015553380795,-0.0064073521084131,1.0812014522120903,0.0502462024737797
,rhc,q,32,74,0.0589711227377078,0.0198638514714604,1.72929594690163,0.6870749638775757
,rhc,drt_log,32,74,0.1999139931372882,-0.0108246798157463,1.1822627587733825,0.1553056091911694
,rhc,drs_log,32,74,0.1999139931372882,-0.0108246798157463,1.1822627587733825,0.1553056091911694
,rhc,drq_log,32,74,0.1595423530109272,0.0425840521347793,1.4729774012448869,0.3624600800372878
,rhc,drt_direct,32,74,0.2004685031282309,-0.0211793552214775,1.067608865186134,0.0626411996957142
,rhc,drs_direct,32,74,0.2004685031282309,-0.0211793552214775,1.067608865186134,0.0626411996957142
,rhc,drq_direct,32,74,0.1203242638355794,-0.0291144218249675,1.1824557757854923,0.1113845252497676
,rhc,x,32,74,-0.4595021133979833,-0.1701112586244833,1.2295997001308383,0.3081393072037032
,rhc,x_log,32,74,-0.0029015553380795,-0.0064073521084131,1.0812014522120903,0.0502462024737797
,rhc,r,32,74,0.3809164979518915,0.1159002011802939,1.0770408857947218,0.2607019878328259
,rhc,r_log,32,74,0.0282621529775952,0.0284561093524161,1.1355146494486366,
,rhc,dr_diff,32,74,-0.1056380861794478,-0.0349811655751497,1.0217000125342224,0.0729477282711706
,rhc,s,33,75,0.1109330549231113,0.0235557198218425,1.111372110365399,0.0684777624942687
,rhc,t,33,75,0.1109330549231113,0.0235557198218425,1.111372110365399,0.0684777624942687
,rhc,q,33,75,0.0608395663879011,0.0285748179210517,1.846429547247315,0.7898314759138323
,rhc,drt_log,33,75,0.3630305147171475,-0.0018397509782532,1.1643066773456463,0.0800978459858077
,rhc,drs_log,33,75,0.3630305147171475,-0.0018397509782532,1.1643066773456463,0.0800978459858077
,rhc,drq_log,33,75,0.1234522546916976,-0.0049783444564586,1.404455943429658,0.3210187647081902
,rhc,drt_direct,33,75,0.1183889881870359,-0.0207319757759238,1.1453508786249054,0.0740384947126915
,rhc,drs_direct,33,75,0.1183889881870359,-0.0207319757759238,1.1453508786249054,0.0740384947126915
,rhc,drq_direct,33,75,-0.1161400060205477,-0.0229997907519566,1.178868966083866,0.1075387531333948
,rhc,x,33,75,-0.4485362238464799,-0.1659673875407508,1.3618108794252344,0.2473219873941915
,rhc,x_log,33,75,0.1109330549231113,0.0235557198218425,1.111372110365399,0.0684777624942687
,rhc,r,33,75,0.5044858609713991,0.1167647020327295,1.0994908320475558,0.2520913835570949
,rhc,r_log,33,75,-0.0831782681939712,-0.0147726389407579,1.1562563078303878,
,rhc,dr_diff,33,75,-0.1008037502419532,-0.0047265866528669,1.0312528176528095,0.1050743268362065
,rhc,s,34,76,-0.0449249318723558,-0.0056867035674267,1.0466116554925218,0.0288846276765739
,rhc,t,34,76,-0.0449249318723558,-0.0056867035674267,1.0466116554925218,0.0288846276765739
,rhc,q,34,76,0.0171706652052268,-0.0204309666872476,1.9974033034664893,0.7237621073445355
,rhc,drt_log,34,76,0.0582695658653564,-0.0267338128312688,1.1445201468285615,0.1550878337024856
,rhc,drs_log,34,76,0.0582695658653564,-0.0267338128312688,1.1445201468285615,0.1550878337024856
,rhc,drq_log,34,76,-0.1081109250643457,-0.0128752432488509,2.0249188569182133,0.3617824818497814
,rhc,drt_direct,34,76,0.0407916075796706,-0.0546892368693029,1.1251118932933308,0.0325705830095117
,rhc,drs_direct,34,76,0.0407916075796706,-0.0546892368693029,1.1251118932933308,0.0325705830095117
,rhc,drq_direct,34,76,-0.1642930561719688,-0.0614327531614681,1.520464515970776,0.130227396964863
,rhc,x,34,76,-0.3807047368714731,-0.1812257162489953,1.3171176058455771,0.4121653462933867
,rhc,x_log,34,76,-0.0449249318723558,-0.0056867035674267,1.0466116554925218,0.0288846276765739
,rhc,r,34,76,0.3737571714211172,0.1105797033549238,1.1173687801412522,0.1516679824608333
,rhc,r_log,34,76,0.1037004949209419,0.0023704848021408,1.0960559539887589,
,rhc,dr_diff,34,76,-0.04065574782118,-0.006819013373179,1.0325832616975252,0.0836880507829099
,rhc,s,35,77,0.0329923909172638,0.0180132699401784,1.0837421383647798,0.052121662882643
,rhc,t,35,77,0.0329923909172638,0.0180132699401784,1.0837421383647798,0.052121662882643
,rhc,q,35,77,0.1310475967723388,0.024327429486837,1.7296714241576352,0.7384865121555505
,rhc,drt_log,35,77,0.191877829660126,-0.00570344149169,1.2042826301941725,0.1033319304550483
,rhc,drs_log,35,77,0.191877829660126,-0.00570344149169,1.2042826301941725,0.1033319304550483
,rhc,drq_log,35,77,0.649319069876366,-0.0141732272235459,1.316671453924788,0.4495241161536048
,rhc,drt_direct,35,77,0.0846701334536546,-0.0329380529355228,1.0654773350859827,0.0494438304348684
,rhc,drs_direct,35,77,0.0846701334536546,-0.0329380529355228,1.0654773350859827,0.0494438304348684
,rhc,drq_direct,35,77,-0.0265599344294957,-0.0232346793841011,1.1133790276644844,0.1322148303362613
,rhc,x,35,77,-0.4402463099183958,-0.1714402049124947,1.4858628830762868,0.2749454292431865
,rhc,x_log,35,77,0.0329923909172638,0.0180132699401784,1.0837421383647798,0.052121662882643
,rhc,r,35,77,0.4162978184002084,0.1137106177010325,1.073457729238089,0.2567197136461234
,rhc,r_log,35,77,0.0825193394194225,0.0267165967862237,1.1226724495060862,
,rhc,dr_diff,35,77,-0.0996970738452445,-0.0303231126211681,1.006279140485245,0.1166637286542254
,rhc,s,36,78,0.0174944217131283,0.0024344577423938,1.1233108108108107,0.0778805120910384
,rhc,t,36,78,0.0174944217131283,0.0024344577423938,1.1233108108108107,0.0778805120910384
,rhc,q,36,78,0.1821023053394459,0.0460063949317187,1.653072341940303,0.6461265907142784
,rhc,drt_log,36,78,0.1510012511198375,0.0024650752985004,1.334134638347209,0.1153075289924995
,rhc,drs_log,36,78,0.1510012511198375,0.0024650752985004,1.334134638347209,0.1153075289924995
,rhc,drq_log,36,78,0.2935040369336932,0.0216260280671964,1.538210340888118,0.3981730128443908
,rhc,drt_direct,36,78,0.1669672627894489,-0.0299344018860414,1.0555557745955255,0.0450366579746565
,rhc,drs_direct,36,78,0.1669672627894489,-0.0299344018860414,1.0555557745955255,0.0450366579746565
,rhc,drq_direct,36,78,0.0102746213113691,-0.0500950799242339,1.1168405833809036,0.0665038226501758
,rhc,x,36,78,-0.4567046026027769,-0.1903504324109174,1.2337236342053768,0.3252397830164854
,rhc,x_log,36,78,0.0174944217131283,0.0024344577423938,1.1233108108108107,0.0778805120910384
,rhc,r,36,78,0.413516385867877,0.1311322517061012,1.1215800096271675,0.2536334523103911
,rhc,r_log,36,78,-0.1032453399759352,-0.0007918672323467,1.134193794228203,
,rhc,dr_diff,36,78,-0.0654502109353292,-0.0042420313672724,1.0252886596249382,0.120439507355597
,rhc,s,37,79,-0.0333190848524656,0.0029320616258294,1.121359649122807,0.0790330565922766
,rhc,t,37,79,-0.0333190848524656,0.0029320616258294,1.121359649122807,0.0790330565922766
,rhc,q,37,79,0.0056209257061765,-0.0007712780051496,1.7666459183767318,0.7705203701661892
,rhc,drt_log,37,79,-0.0658234223283966,-0.0109631385338958,1.3570673777120756,0.1090733891150685
,rhc,drs_log,37,79,-0.0658234223283966,-0.0109631385338958,1.3570673777120756,0.1090733891150685
,rhc,drq_log,37,79,0.141028258047454,0.0077368800227358,1.406718655277341,0.5892840658201213
,rhc,drt_direct,37,79,0.1043527794325251,-0.0443755158958508,1.0539022492903365,0.0548073359292428
,rhc,drs_direct,37,79,0.1043527794325251,-0.0443755158958508,1.0539022492903365,0.0548073359292428
,rhc,drq_direct,37,79,-0.2277297156352091,-0.0666520200320345,1.260883801754802,0.1476251777610435
,rhc,x,37,79,-0.4707867426882296,-0.1952754787471402,1.1083795828267784,0.2896307487313069
,rhc,x_log,37,79,-0.0333190848524656,0.0029320616258294,1.121359649122807,0.0790330565922766
,rhc,r,37,79,0.2292233765165603,0.0986657073424222,1.0292667286400372,0.2430174932649554
,rhc,r_log,37,79,-0.0895860749920129,0.0140548470648641,1.1421654110524684,
,rhc,dr_diff,37,79,-0.097224231263745,-0.0135941159858602,1.0186507508203106,0.1036192678828217
,rhc,s,38,80,-0.0063322617635834,-0.0234308797416761,1.0401884853497756,0.0260273616819577
,rhc,t,38,80,-0.0063322617635834,-0.0234308797416761,1.0401884853497756,0.0260273616819577
,rhc,q,38,80,0.0153176174679019,0.0169646350026696,1.743012976487638,0.8454199350107463
,rhc,drt_log,38,80,0.1684054428040089,-0.0278442861388507,1.2339910425643517,0.0958670344915128
,rhc,drs_log,38,80,0.1684054428040089,-0.0278442861388507,1.2339910425643517,0.0958670344915128
,rhc,drq_log,38,80,-0.1049370693166675,-0.0392328167488954,1.71539799175621,0.3371119986406287
,rhc,drt_direct,38,80,0.008602098372954,-0.0792209936320248,1.1885903233870867,0.0725478808405837
,rhc,drs_direct,38,80,0.008602098372954,-0.0792209936320248,1.1885903233870867,0.0725478808405837
,rhc,drq_direct,38,80,-0.2742687362415203,-0.0594473641039873,1.418293286411992,0.105012966346517
,rhc,x,38,80,-0.4281285839180704,-0.1893035382221457,1.185203475045318,0.3682610714251798
,rhc,x_log,38,80,-0.0063322617635834,-0.0234308797416761,1.0401884853497756,0.0260273616819577
,rhc,r,38,80,0.394986281447653,0.1202295286630044,1.0690983060219086,0.1913885079996873
,rhc,r_log,38,80,-0.0815657817605051,0.0057561106869103,1.0263861791993898,
,rhc,dr_diff,38,80,-0.0731478015078789,-0.0201692886944239,1.011825537999096,0.0533624620541533
,rhc,s,39,81,0.0187526968682851,0.0012624370654937,1.1105133162599077,0.0698393710458473
,rhc,t,39,81,0.0187526968682851,0.0012624370654937,1.1105133162599077,0.0698393710458473
,rhc,q,39,81,0.0747804079697003,0.0451842581519387,1.6695723138596037,0.7536339655683989
,rhc,drt_log,39,81,0.3865127012377931,0.0273626577020981,1.176171954276639,0.1338324123831309
,rhc,drs_log,39,81,0.3865127012377931,0.0273626577020981,1.176171954276639,0.1338324123831309
,rhc,drq_log,39,81,-0.0266584988552256,-0.0122683694394383,1.4563633477102402,0.3959564738748163
,rhc,drt_direct,39,81,0.236496738452933,-0.0070166338705404,1.0716008721629788,0.0845808016500541
,rhc,drs_direct,39,81,0.236496738452933,-0.0070166338705404,1.0716008721629788,0.0845808016500541
,rhc,drq_direct,39,81,-0.0780688342631756,-0.0803528493756477,1.2617090847128567,0.0865725682816524
,rhc,x,39,81,-0.4741097594465404,-0.1883042936929744,1.2250193548099142,0.3284841935673673
,rhc,x_log,39,81,0.0187526968682851,0.0012624370654937,1.1105133162599077,0.0698393710458473
,rhc,r,39,81,0.3665763002501416,0.1245581540743955,1.0647567456214562,0.2466668629279561
,rhc,r_log,39,81,0.0628081406486307,0.0167987819755531,1.243373009145064,
,rhc,dr_diff,39,81,-0.0685502387941059,-0.0142505260983604,1.016061592422834,0.1158711990141772
,rhc,s,40,82,-0.0022998123299458,0.0061417898024426,1.0810783749280333,0.0521054528139196
,rhc,t,40,82,-0.0022998123299458,0.0061417898024426,1.0810783749280333,0.0521054528139196
,rhc,q,40,82,-0.032092506780692,0.0359573630689676,1.7451307238731577,0.7078386518471359
,rhc,drt_log,40,82,0.3052310849769371,0.0102830787606067,1.216379626206764,0.1251943674857488
,rhc,drs_log,40,82,0.3052310849769371,0.0102830787606067,1.216379626206764,0.1251943674857488
,rhc,drq_log,40,82,0.0210092801265442,-0.0210091030151748,1.6196874160835215,0.3786408295048302
,rhc,drt_direct,40,82,-0.0117175896074697,-0.0724323521641303,1.124109468043251,0.0605905774626752
,rhc,drs_direct,40,82,-0.0117175896074697,-0.0724323521641303,1.124109468043251,0.0605905774626752
,rhc,drq_direct,40,82,-0.1615293008218201,-0.0614693227461013,1.1880556556313229,0.0901674092610382
,rhc,x,40,82,-0.4211589332664153,-0.1843937005942819,1.1585797934127384,0.2875576521594001
,rhc,x_log,40,82,-0.0022998123299458,0.0061417898024426,1.0810783749280333,0.0521054528139196
,rhc,r,40,82,0.5235241380316256,0.137591921584714,1.1162646656096538,0.2467119882157904
,rhc,r_log,40,82,-0.1201482659878802,0.0069156859612604,1.058001000241324,
,rhc,dr_diff,40,82,-0.0584438280820396,-0.0029627021100772,1.0109067787215131,0.0957050000800308
,rhc,s,41,83,0.092836672923438,0.0009977886063867,1.0559412550066756,0.0354009332796069
,rhc,t,41,83,0.092836672923438,0.0009977886063867,1.0559412550066756,0.0354009332796069
,rhc,q,41,83,0.0136008001593888,0.0061152658863725,1.725897250203644,0.7002994466020132
,rhc,drt_log,41,83,0.6073835473283165,0.0508726539416031,1.3065633504442242,0.1370965319533061
,rhc,drs_log,41,83,0.6073835473283165,0.0508726539416031,1.3065633504442242,0.1370965319533061
,rhc,drq_log,41,83,0.1515565064370736,-0.0105788373369643,1.4881355434899992,0.2898670337716767
,rhc,drt_direct,41,83,0.0837042458461554,-0.0481347885398525,1.205841326686334,0.057259337960791
,rhc,drs_direct,41,83,0.0837042458461554,-0.0481347885398525,1.205841326686334,0.057259337960791
,rhc,drq_direct,41,83,-0.0380188755590162,-0.0325750754112579,1.1255017702935646,0.0806461387619694
,rhc,x,41,83,-0.4300441082748679,-0.1849845309745618,1.297162109994123,0.3508686978349458
,rhc,x_log,41,83,0.092836672923438,0.0009977886063867,1.0559412550066756,0.0354009332796069
,rhc,r,41,83,0.51930508025119,0.1126449633459762,1.0795656777225595,0.1942077127523997
,rhc,r_log,41,83,-0.0015621255915068,0.0107311961730758,1.120900847305356,
,rhc,dr_diff,41,83,-0.0862138684843324,-0.0165406129886731,1.0053813012061577,0.1274472882768481
,rhc,s,42,84,0.009811247193691,0.0054595265835665,1.1493994231927234,0.0898983542155348
,rhc,t,42,84,0.009811247193691,0.0054595265835665,1.1493994231927234,0.0898983542155348
,rhc,q,42,84,-0.1036701586912896,-0.019975362440247,1.839174311132713,0.734355246334456
,rhc,drt_log,42,84,0.1674611400118153,0.0150498127324245,1.3486822848188875,0.148310756714798
,rhc,drs_log,42,84,0.1674611400118153,0.0150498127324245,1.3486822848188875,0.148310756714798
,rhc,drq_log,42,84,0.1685905470697526,0.0122630646623312,1.474478787332125,0.4154333761201781
,rhc,drt_direct,42,84,-0.0291430208155936,-0.0460685235923375,1.064863189715212,0.0661991654230439
,rhc,drs_direct,42,84,-0.0291430208155936,-0.0460685235923375,1.064863189715212,0.0661991654230439
,rhc,drq_direct,42,84,-0.0654829553936444,-0.0472682305056546,1.420389808845948,0.0917083263272944
,rhc,x,42,84,-0.456102562279768,-0.162223666432906,1.2444644657106168,0.2062776771535567
,rhc,x_log,42,84,0.009811247193691,0.0054595265835665,1.1493994231927234,0.0898983542155348
,rhc,r,42,84,0.5870853678004222,0.1045324862701526,1.1450949485358182,0.2596734863348572
,rhc,r_log,42,84,0.0024935733176763,0.0101026076301118,1.1277066405756797,
,rhc,dr_diff,42,84,-0.0867238886939807,-0.0176163666545842,1.0148234052827654,0.1211502412111919
,rhc,s,43,85,0.004403920125293,-0.0038749770280334,1.0619444225928258,0.0402328581647252
,rhc,t,43,85,0.004403920125293,-0.0038749770280334,1.0619444225928258,0.0402328581647252
,rhc,q,43,85,-0.0470380389112272,0.0029217128642834,1.8377807622553552,0.5800202895966198
,rhc,drt_log,43,85,0.4725464753241202,0.0234717991189464,1.1660909071062415,0.1025344600442471
,rhc,drs_log,43,85,0.4725464753241202,0.0234717991189464,1.1660909071062415,0.1025344600442471
,rhc,drq_log,43,85,-0.0813285461083442,-0.0416226551763587,1.7402600011842395,0.5249574970964599
,rhc,drt_direct,43,85,0.0373876857893669,-0.0361951769726421,1.1730496802992418,0.0653890040908438
,rhc,drs_direct,43,85,0.0373876857893669,-0.0361951769726421,1.1730496802992418,0.0653890040908438
,rhc,drq_direct,43,85,-0.4021479848097059,-0.0687055699762884,1.5400016086591393,0.0921897344623221
,rhc,x,43,85,-0.4349173587801149,-0.1949467360792335,1.166570512750899,0.2954234600723142
,rhc,x_log,43,85,0.004403920125293,-0.0038749770280334,1.0619444225928258,0.0402328581647252
,rhc,r,43,85,0.3218245117300167,0.1229420542564634,1.0265161503851736,0.1847291276353593
,rhc,r_log,43,85,0.0161825680866793,-0.0025226292819032,1.01686982181382,
,rhc,dr_diff,43,85,-0.1276082070583803,-0.0279962831447247,1.010205348361917,0.1168316295274057
,rhc,s,44,86,-0.0884430639380748,-0.0110152462914922,1.0952380952380951,0.059707473452214
,rhc,t,44,86,-0.0884430639380748,-0.0110152462914922,1.0952380952380951,0.059707473452214
,rhc,q,44,86,0.011904291597903,0.0228249417887625,1.7947523008930004,0.8146610660103094
,rhc,drt_log,44,86,0.0244684077640511,-0.0493301555365102,1.2814446068707763,0.1668748724231729
,rhc,drs_log,44,86,0.0244684077640511,-0.0493301555365102,1.2814446068707763,0.1668748724231729
,rhc,drq_log,44,86,0.2347929257533554,-0.0062718914989389,1.4496365306597585,0.4833970114979644
,rhc,drt_direct,44,86,0.1387659591766004,-0.0246837413802086,1.2163555880073496,0.0686732727347021
,rhc,drs_direct,44,86,0.1387659591766004,-0.0246837413802086,1.2163555880073496,0.0686732727347021
,rhc,drq_direct,44,86,-0.1837119631762556,-0.0166137616645389,1.349263770121968,0.1164906496120642
,rhc,x,44,86,-0.4477385587639035,-0.1823195364221043,1.2190038184593106,0.2771051569916865
,rhc,x_log,44,86,-0.0884430639380748,-0.0110152462914922,1.0952380952380951,0.059707473452214
,rhc,r,44,86,0.5508872568001077,0.1370279330019165,1.131428474949722,0.2578664753056007
,rhc,r_log,44,86,0.0221265615203414,0.0059491465090915,1.1510836055450018,
,rhc,dr_diff,44,86,-0.0936759575483652,-0.0226956514745739,1.0372814926511154,0.1312832774078138
,rhc,s,45,87,-0.0041527466699589,0.0136218672601684,1.039774623951769,0.0258071291209692
,rhc,t,45,87,-0.0041527466699589,0.0136218672601684,1.039774623951769,0.0258071291209692
,rhc,q,45,87,0.0231205317767473,0.030329034607838,1.8609591935538845,0.8210142628755018
,rhc,drt_log,45,87,0.2491747054039106,0.0005785062946339,1.216234165389528,0.2070468733485208
,rhc,drs_log,45,87,0.2491747054039106,0.0005785062946339,1.216234165389528,0.2070468733485208
,rhc,drq_log,45,87,0.0633000160063923,-0.0166080110806917,1.5798548765603662,0.3518876926966148
,rhc,drt_direct,45,87,0.193414194072427,-0.024181692550185,1.0404729634046634,0.0710142396612264
,rhc,drs_direct,45,87,0.193414194072427,-0.024181692550185,1.0404729634046634,0.0710142396612264
,rhc,drq_direct,45,87,-0.1802971244671871,-0.0845639603553391,1.0929996720667663,0.1213148832190803
,rhc,x,45,87,-0.4066297486077224,-0.1997916207847182,1.1803280602787551,0.2800075461276445
,rhc,x_log,45,87,-0.0041527466699589,0.0136218672601684,1.039774623951769,0.0258071291209692
,rhc,r,45,87,0.357075492996546,0.1183146758101937,1.1039934945965677,0.2094050917923336
,rhc,r_log,45,87,-0.0389906752343116,-0.0011331101630779,1.142702004863643,
,rhc,dr_diff,45,87,-0.0843647139144033,-0.0132546556067302,1.0074214939592292,0.0778703015604219
,rhc,s,46,88,-0.0253204331914453,-0.025594292614237,1.0672713529856386,0.0414490631002164
,rhc,t,46,88,-0.0253204331914453,-0.025594292614237,1.0672713529856386,0.0414490631002164
,rhc,q,46,88,0.1327428618632267,0.0105354918517446,1.675927929511822,0.6455610435658752
,rhc,drt_log,46,88,0.0727969206179037,-0.0267680091134783,1.2397631994308544,0.1258969275086381
,rhc,drs_log,46,88,0.0727969206179037,-0.0267680091134783,1.2397631994308544,0.1258969275086381
,rhc,drq_log,46,88,0.319411821635865,0.0316499197556107,1.383988076720763,0.3448953102460412
,rhc,drt_direct,46,88,-0.0062650215705057,-0.0466500213804546,1.2202669768620773,0.0722069353595566
,rhc,drs_direct,46,88,-0.0062650215705057,-0.0466500213804546,1.2202669768620773,0.0722069353595566
,rhc,drq_direct,46,88,-0.0782774376657603,-0.0439562231113863,1.1688736605478864,0.0915149965141956
,rhc,x,46,88,-0.4458810323164903,-0.170704970589389,1.3949806024728553,0.3048702726639648
,rhc,x_log,46,88,-0.0253204331914453,-0.025594292614237,1.0672713529856386,0.0414490631002164
,rhc,r,46,88,0.4070510082235479,0.1153399868402273,1.1956647083494991,0.2574036166062929
,rhc,r_log,46,88,-0.0088683879181081,0.0024903874276492,1.1168733932257429,
,rhc,dr_diff,46,88,-0.0821135387630598,-0.0298152816276665,1.0567163406417277,0.1352556451024946
,rhc,s,47,89,-0.0269304055479142,-0.0097193667848773,1.096797382511668,0.0594535455259688
,rhc,t,47,89,-0.0269304055479142,-0.0097193667848773,1.096797382511668,0.0594535455259688
,rhc,q,47,89,0.1968024533404793,0.0160336865061303,1.816774823360963,0.8005433774228452
,rhc,drt_log,47,89,0.1335931115146049,-0.0231210083439224,1.4007461168325892,0.1175891448616441
,rhc,drs_log,47,89,0.1335931115146049,-0.0231210083439224,1.4007461168325892,0.1175891448616441
,rhc,drq_log,47,89,-0.0191167380572663,0.0074775432225592,1.4892270746796403,0.4164231667885352
,rhc,drt_direct,47,89,0.0736812188729956,-0.0341394270210498,1.19521133065805,0.0783089091820802
,rhc,drs_direct,47,89,0.0736812188729956,-0.0341394270210498,1.19521133065805,0.0783089091820802
,rhc,drq_direct,47,89,-0.1572157870438959,-0.0521833065730453,1.2912428885828189,0.1334587076160193
,rhc,x,47,89,-0.4601510328926893,-0.1760072372156549,1.38703706333617,0.3555079740865527
,rhc,x_log,47,89,-0.0269304055479142,-0.0097193667848773,1.096797382511668,0.0594535455259688
,rhc,r,47,89,0.4952163354160173,0.1126716892788295,1.1628237703359885,0.225999041601949
,rhc,r_log,47,89,0.1388543805885633,-2.6582664144778057e-05,1.1186585717798818,
,rhc,dr_diff,47,89,-0.0581810166167668,-0.0098555011307129,1.0113088389207767,0.1408202714011865
,rhc,s,48,90,0.0804192478086731,0.0164057330914453,1.1172190368446762,0.0734682695716633
,rhc,t,48,90,0.0804192478086731,0.0164057330914453,1.1172190368446762,0.0734682695716633
,rhc,q,48,90,-0.0339295788298685,-0.0039346606353268,1.840891576604579,0.7189341769666547
,rhc,drt_log,48,90,0.3243393339493954,0.0239728658330629,1.1850370127089644,0.1450635574911958
,rhc,drs_log,48,90,0.3243393339493954,0.0239728658330629,1.1850370127089644,0.1450635574911958
,rhc,drq_log,48,90,0.0579742311170641,0.0007896320217863,1.484230771770601,0.4398218580085741
,rhc,drt_direct,48,90,0.0887102511762589,-0.024739070643364,1.115651396871256,0.0594997671581141
,rhc,drs_direct,48,90,0.0887102511762589,-0.024739070643364,1.115651396871256,0.0594997671581141
,rhc,drq_direct,48,90,-0.2838364995829294,-0.0883952534500857,1.4726305946829532,0.1427451350402811
,rhc,x,48,90,-0.4834327531937789,-0.1822274255193261,1.2798536344570886,0.3159933777356828
,rhc,x_log,48,90,0.0804192478086731,0.0164057330914453,1.1172190368446762,0.0734682695716633
,rhc,r,48,90,0.4839412044360656,0.1243119768286035,1.193341924207244,0.2526229245599011
,rhc,r_log,48,90,0.0071733687922161,0.0058143245276829,1.0831614900287274,
,rhc,dr_diff,48,90,-0.1081238712518704,-0.027278465060353,1.0201160567665437,0.1403680957260621
,rhc,s,49,91,0.0063236479421859,0.0086670781407435,1.1103180153865142,0.0686143433787734
,rhc,t,49,91,0.0063236479421859,0.0086670781407435,1.1103180153865142,0.0686143433787734
,rhc,q,49,91,0.0275848097323292,0.0358268442463611,1.7120038558835446,0.7859786590244752
,rhc,drt_log,49,91,0.1934078256560409,-0.0035444801445309,1.2782677826227238,0.1225432769233179
,rhc,drs_log,49,91,0.1934078256560409,-0.0035444801445309,1.2782677826227238,0.1225432769233179
,rhc,drq_log,49,91,0.3653312144948428,0.0046357441279873,1.4006974244858317,0.4386126106949077
,rhc,drt_direct,49,91,0.0133064977382622,-0.0475672606944772,1.15426290650567,0.1109394523983546
,rhc,drs_direct,49,91,0.0133064977382622,-0.0475672606944772,1.15426290650567,0.1109394523983546
,rhc,drq_direct,49,91,-0.1175225634371402,-0.0535192136244418,1.3007220432569486,0.1125653542908043
,rhc,x,49,91,-0.4582635151935641,-0.1600579148339871,1.2834142005178757,0.3021639898168529
,rhc,x_log,49,91,0.0063236479421859,0.0086670781407435,1.1103180153865142,0.0686143433787734
,rhc,r,49,91,0.4335998375218817,0.1068630592680642,1.0948231769020444,0.2241797573405989
,rhc,r_log,49,91,0.0129441995141128,0.0093093818958707,1.1153034381828604,
,rhc,dr_diff,49,91,-0.0722474620315769,-0.0065162910164113,1.036451584360662,0.1023625406989056
,cattaneo,s,25,67,2.5080239203607544,0.017364634266509,1.656224568421658,0.0601675707304937
,cattaneo,t,25,67,2.201696128483044,0.0166024715256123,3.0439557133054653,0.1216895665819046
,cattaneo,q,25,67,3.1063614359703404,0.0009836420013767,2.2648550560745764,0.142407908246573
,cattaneo,drt_log,25,67,1.0776510078381367,0.0059033064492401,3.9046064962304174,0.1718515798598747
,cattaneo,drs_log,25,67,2.345049454427424,0.0041024548807837,2.115542478673912,0.0876264043601946
,cattaneo,drq_log,25,67,2.052649587267999,0.0015822851529903,2.558113656213307,0.0469205048361692
,cattaneo,drt_direct,25,67,1.598674991942597,0.0105720778465637,10.052601281013915,0.7693200634956585
,cattaneo,drs_direct,25,67,1.3675817343929215,0.0060836571307333,3.158249408987821,0.2279680633711396
,cattaneo,drq_direct,25,67,2.892627051117702,0.0070059629385294,5.038857401625065,0.4222705366881252
,cattaneo,x,25,67,3.3624336791236464,0.0094066663902039,6.108032974194822,0.0620189954475965
,cattaneo,x_log,25,67,1.5211574246774386,0.01316565126871,2.745737918707095,0.0815546226175776
,cattaneo,r,25,67,2.062742220726552,0.0148617434560776,4.769498683999935,0.1197500616245119
,cattaneo,r_log,25,67,1.7286479084971131,0.0154651422730203,2.465974890490485,0.1345971120223749
,cattaneo,dr_diff,25,67,2.809553204717772,0.0146936544650244,10.666964024026258,0.5362574175998656
,cattaneo,s,26,68,-0.1364360684495511,0.0098663393862575,1.9459641688213123,0.0348029927363547
,cattaneo,t,26,68,0.8941704571013931,0.0030186052867701,5.888331315386144,0.071313429762064
,cattaneo,q,26,68,-0.6999133219394491,-0.0144911277819739,4.107421056391444,0.2282597405980135
,cattaneo,drt_log,26,68,0.7435594759888682,0.0058290905438574,7.020128805868085,0.0794611453661804
,cattaneo,drs_log,26,68,1.694502202518648,-0.0026294613015755,2.094752995742239,0.0732599189624201
,cattaneo,drq_log,26,68,1.4050960826226635,-0.0055292791868251,3.5666529686832256,0.0814023573241506
,cattaneo,drt_direct,26,68,0.2503959691221427,0.0143636752644921,6.211221879269847,0.7796716594232084
,cattaneo,drs_direct,26,68,2.6082533168202264,0.0140343760295515,2.8075501577796724,0.1887867830509281
,cattaneo,drq_direct,26,68,1.1521204157347853,0.0115592977968789,4.526643829376205,0.3562222636461874
,cattaneo,x,26,68,1.16225344025319,0.0206536639056589,4.6582348764559365,0.0284279603874881
,cattaneo,x_log,26,68,0.5446506183520099,0.007028940130024,4.004109442421342,0.0492013320836232
,cattaneo,r,26,68,1.0669394608123373,0.0074522066301263,5.512936010007186,0.1067520909118424
,cattaneo,r_log,26,68,0.1390471020821229,-0.0032113648052551,4.547744529713109,0.1024915161116098
,cattaneo,dr_diff,26,68,0.6954212080318323,0.0154950811935435,10.564102593666547,0.3936503031259941
,cattaneo,s,27,69,0.9768921728199422,0.002169908708441,1.810375958541228,0.0539923562359
,cattaneo,t,27,69,0.0693094421947635,-0.0047116729595369,7.47313009204197,0.0866301700321281
,cattaneo,q,27,69,0.8378383380825047,-0.0036640796748698,2.9117906777449725,0.109744108806627
,cattaneo,drt_log,27,69,0.4302180897546748,-0.0024899328779835,5.972311746552033,0.0609637210263355
,cattaneo,drs_log,27,69,0.5930356832187438,-0.0045969278984439,2.960965949116656,0.0498847329288282
,cattaneo,drq_log,27,69,0.2737338640983049,-0.0005146519851804,4.27856375564211,0.0636044908890489
,cattaneo,drt_direct,27,69,0.2515790167296776,0.01033914353137,6.92262830724092,0.8648810031351126
,cattaneo,drs_direct,27,69,1.1419557017978854,0.0099882449800763,2.1161776914533847,0.1502192062807334
,cattaneo,drq_direct,27,69,0.7182670749156723,0.0077188400719606,4.057591930101289,0.2432678528604084
,cattaneo,x,27,69,0.3502788199125288,0.0015912984863313,7.769719071840631,0.0993648733708388
,cattaneo,x_log,27,69,0.6307815019565677,0.010976916384641,5.625955219300208,0.0552931043490076
,cattaneo,r,27,69,0.69537656633582,0.0092990212956892,4.920713195017751,0.1084053570084807
,cattaneo,r_log,27,69,0.8852155684574265,0.009329728704932,3.227322301443967,0.1258612110032425
,cattaneo,dr_diff,27,69,1.2817705073598078,0.0112088761467205,6.041807168836304,0.3557589816952878
,cattaneo,s,28,70,0.642223076463496,0.0005897359691335,2.523104204693134,0.0874219777441263
,cattaneo,t,28,70,1.183709181670301,0.0101022759390558,6.620245468699478,0.0992711209691332
,cattaneo,q,28,70,0.8216306651061429,0.0035051624740432,5.049142925830011,0.1362787056602222
,cattaneo,drt_log,28,70,0.4746112030374552,0.0051202152759981,4.999703683428542,0.0920725754319922
,cattaneo,drs_log,28,70,0.7708189402826866,0.0024759649862425,2.9913712964645547,0.0876651322540338
,cattaneo,drq_log,28,70,0.3951323403989795,0.0041688533457145,4.757391678517785,0.1718730901204367
,cattaneo,drt_direct,28,70,0.1536525464917142,0.0040825067126267,6.664858541136032,0.5226885300801749
,cattaneo,drs_direct,28,70,0.5395424225240015,0.002183136199356,2.919686706134913,0.175405731160235
,cattaneo,drq_direct,28,70,0.3925656154068231,0.0018097364463469,3.290179267305567,0.1081822075558264
,cattaneo,x,28,70,1.3164806358153465,0.0067673473351978,6.728175649546446,0.0779877253904662
,cattaneo,x_log,28,70,1.2706478713006626,0.0174048776487983,3.928835235609264,0.1134059778425388
,cattaneo,r,28,70,0.5943664023601687,0.0048938272571669,12.337113480653734,0.094779240752975
,cattaneo,r_log,28,70,1.3214338999741293,0.0113501413316417,2.9181501531235807,0.0752636481891706
,cattaneo,dr_diff,28,70,1.529534142149255,0.0044447011773725,15.141796473615283,0.3503978100380223
,cattaneo,s,29,71,0.3981286938957935,-0.005628652145963,2.447682207134566,0.113486847814165
,cattaneo,t,29,71,1.684952648099244,0.0089705507923667,7.534514229458182,0.0702326902040145
,cattaneo,q,29,71,-0.000150255341905,-0.0186283234979703,4.152623546963078,0.1681569740700122
,cattaneo,drt_log,29,71,0.9056997850877592,-0.0069009352021726,6.075334138671455,0.154126576482434
,cattaneo,drs_log,29,71,2.273036292791938,-0.0013302794952544,3.0228339660620795,0.1209301398959882
,cattaneo,drq_log,29,71,0.3700571895129831,-0.0164274834592548,5.057384137183474,0.0796719410741483
,cattaneo,drt_direct,29,71,0.1607146828718204,-0.0075041306718865,4.3139519127385935,0.6880891446182581
,cattaneo,drs_direct,29,71,-0.1489222700639625,-0.0085170075336232,2.5862212633189183,0.191264212620233
,cattaneo,drq_direct,29,71,0.3373985744298369,-0.0093578317538968,3.4893404828045407,0.1082993080653829
,cattaneo,x,29,71,2.1048124932683048,-0.0080256246117619,3.7243710898556697,0.1072002069363572
,cattaneo,x_log,29,71,1.2922156578266493,0.0010800916964014,5.524837988200256,0.1190479031499881
,cattaneo,r,29,71,2.621837910877805,-0.0095153841569998,12.542474625192035,0.1288508152030154
,cattaneo,r_log,29,71,2.9196470441690807,-0.0074930974892737,3.292538325904144,0.0897024870183222
,cattaneo,dr_diff,29,71,0.7917841065065407,0.0103651468803721,11.659456769649845,0.5019094989036873
,cattaneo,s,30,72,2.653757990297502,0.0099547449884899,1.8316514599487643,0.0587611144366099
,cattaneo,t,30,72,1.6209924354648226,0.0143512015615279,5.715090570923876,0.0424316916968711
,cattaneo,q,30,72,2.6175035993883093,-0.0056157728041094,2.8810315230781165,0.1568437215797752
,cattaneo,drt_log,30,72,1.048842668949217,0.0061751136235376,5.487362740554281,0.1329558706458045
,cattaneo,drs_log,30,72,1.1197392649134117,-0.0012877429962228,3.2422581601912817,0.0305108536776267
,cattaneo,drq_log,30,72,2.679427353440833,-0.006246862474506,3.98135381285404,0.1078847191376578
,cattaneo,drt_direct,30,72,0.4283175109092574,0.0136285043493895,8.473602789788066,0.8355082086441527
,cattaneo,drs_direct,30,72,0.2099909572580389,0.0082999607255632,3.6391465715819695,0.2158201835113443
,cattaneo,drq_direct,30,72,1.4472709320264427,0.0058548727534497,5.177245037819168,0.4743376176483131
,cattaneo,x,30,72,2.834659561856451,0.0101890545721087,6.282388313196728,0.0896420377893962
,cattaneo,x_log,30,72,1.4351668639790225,0.0024730222023607,4.864954748014671,0.0954429794145096
,cattaneo,r,30,72,1.3375037166161938,0.0027919055287382,7.450840497027359,0.1280021389589624
,cattaneo,r_log,30,72,3.0600047071368217,0.0187721431374401,2.400372870961573,0.2097459333649614
,cattaneo,dr_diff,30,72,0.6988725457061324,0.0130340478524724,11.872970099427912,0.555781664547399
,cattaneo,s,31,73,0.1561215931598591,0.0104317937088861,2.577999421429875,0.1452660462621192
,cattaneo,t,31,73,0.3059538125159231,0.0083642828488275,5.778717690597849,0.0810506821446182
,cattaneo,q,31,73,1.9765679390467568,-0.008961098703995,3.929108842620421,0.2112663259896564
,cattaneo,drt_log,31,73,0.5004983711054707,0.0069869083768046,5.688043801102689,0.0888378039556124
,cattaneo,drs_log,31,73,1.2974911323100478,0.0113365988962221,2.6903746748596014,0.0532546283203931
,cattaneo,drq_log,31,73,0.5219124093117444,-0.0044587614727503,3.046763627937851,0.128072343251285
,cattaneo,drt_direct,31,73,0.2453633177436871,0.0066621525985902,11.534690800193532,0.6094749716798716
,cattaneo,drs_direct,31,73,0.5691869220503407,0.009962284644675,4.790995279258121,0.2053996043385909
,cattaneo,drq_direct,31,73,-0.4005444994113756,-0.0016624566776407,7.129331107425111,0.0825799109485585
,cattaneo,x,31,73,-0.1050645628394457,-0.0028451347416694,9.16544131283693,0.1026952302909427
,cattaneo,x_log,31,73,0.2304347141549563,0.0007143793251116,4.24348145925658,0.1065221377816572
,cattaneo,r,31,73,0.784233588787727,0.0070713194582613,18.16927030568062,0.1327519216058815
,cattaneo,r_log,31,73,0.147927746327523,-0.0017137153706098,6.564540899927255,0.1337120467727908
,cattaneo,dr_diff,31,73,-0.6017480066260759,-0.0021370256302046,22.75121835196048,0.689055864642234
,cattaneo,s,32,74,1.0902433409966326,-0.0018199156668984,2.02154934855539,0.0255571161878959
,cattaneo,t,32,74,-0.2104610535324991,-0.006541570819588,5.99941752502471,0.0947317796368969
,cattaneo,q,32,74,-0.1311755298746704,-0.0175200022990971,5.383910389279336,0.0797585655776152
,cattaneo,drt_log,32,74,0.7159490506874919,0.0036912759434311,7.190040345905467,0.2998175514158202
,cattaneo,drs_log,32,74,0.1705921744088903,0.0004277599643978,2.671980045702968,0.0560897973859447
,cattaneo,drq_log,32,74,0.1144944291246441,-0.0056432201906339,3.708404783474722,0.0085478623008866
,cattaneo,drt_direct,32,74,0.203000789138259,-0.0036694329797778,12.2160205550103,0.7979407199978793
,cattaneo,drs_direct,32,74,-0.27695534318331,-0.0026764911463187,2.2850369834990336,0.2677445841126938
,cattaneo,drq_direct,32,74,0.0301379831618453,-0.0027328321239959,7.357362017272971,0.4104643546210634
,cattaneo,x,32,74,0.0526895326341099,-0.0109252571537054,9.346183927875671,0.1199401760841324
,cattaneo,x_log,32,74,-0.056114227805488,0.0010035666824459,5.09131154773139,0.1869121487906852
,cattaneo,r,32,74,-0.4590621148725047,-0.0048645474292026,4.523680843281808,0.148019026571516
,cattaneo,r_log,32,74,-0.0421299570498325,-0.0078553923381509,4.378614311361413,0.2439011268559362
,cattaneo,dr_diff,32,74,0.1713785814181614,0.0024260559820904,13.231773780225431,0.5031669030729683
,cattaneo,s,33,75,-0.2795541070631719,-0.0071235815382958,2.857136256144857,0.0879245999359043
,cattaneo,t,33,75,-0.1148548777155702,-0.0016058610230085,7.415390532670615,0.1186444214997372
,cattaneo,q,33,75,0.1216059669624827,-0.0110249227432382,4.046672956023345,0.2701172963419202
,cattaneo,drt_log,33,75,-0.0514651156436714,-0.0015461960674523,8.600734180736097,0.1515664194001316
,cattaneo,drs_log,33,75,0.2525276876944367,0.0001691381314573,3.005713088484243,0.0497595173899194
,cattaneo,drq_log,33,75,0.8653071298103274,-0.0056593592166972,5.42767553692002,0.1506249610513829
,cattaneo,drt_direct,33,75,-0.0936722530217455,0.0084627274486666,8.798707660652362,0.9257278685473896
,cattaneo,drs_direct,33,75,-0.1150980715726657,0.0064215925289861,3.16018496920078,0.1629867543765493
,cattaneo,drq_direct,33,75,0.1614451042841156,0.0050750795115193,4.082745355022212,0.3291161911113701
,cattaneo,x,33,75,-0.3684994585188359,-0.0029533291808215,7.993356641718242,0.1117310462244448
,cattaneo,x_log,33,75,-0.4474874035088114,0.0021047965895539,4.399744185301596,0.1621906876202036
,cattaneo,r,33,75,-0.2741429938389192,-0.0002051633634468,5.213180635176655,0.1599375046168969
,cattaneo,r_log,33,75,-0.4561214026234341,-0.0011631808741444,3.4053200061792785,0.1591373034926822
,cattaneo,dr_diff,33,75,0.2605689974942389,0.0122594103245347,15.55724266674779,0.4716934698959244
,cattaneo,s,34,76,3.258446126654479,0.0133760586380137,1.8252681814915923,0.0671127024858182
,cattaneo,t,34,76,1.6394048648667594,0.017137020700942,3.043790024301224,0.0875574717521964
,cattaneo,q,34,76,0.2545406945927873,-0.0078829364220036,2.847453648558263,0.1904119831111582
,cattaneo,drt_log,34,76,1.5297857387967024,0.0185680932441406,3.342126183721587,0.1962783544311498
,cattaneo,drs_log,34,76,2.223118695690764,0.0222601199756938,2.190043063152459,0.0878104525948396
,cattaneo,drq_log,34,76,1.947876009510628,0.0003635551272662,2.832010856377249,0.1230127517518757
,cattaneo,drt_direct,34,76,0.6862706380905985,0.0067951132691818,7.908821071467104,0.8572940879519095
,cattaneo,drs_direct,34,76,1.0144670243676872,0.0095516898507243,2.6566417497453467,0.2414129893846465
,cattaneo,drq_direct,34,76,1.951118902758336,0.0101641020164158,5.113349097102526,0.4695350130518743
,cattaneo,x,34,76,1.2073893230782833,0.0091603645468314,3.5003576923036785,0.0881173793628719
,cattaneo,x_log,34,76,1.4905823125573328,0.0040177839046336,3.758701772484424,0.163319928226078
,cattaneo,r,34,76,2.2019583549766724,0.0122862422337015,3.5355616147532363,0.1777112929878496
,cattaneo,r_log,34,76,1.3872275658369246,0.0195931084683166,2.335656926120807,0.1008749758140281
,cattaneo,dr_diff,34,76,1.1306608105339984,0.0117030152071144,11.617925789672665,1.0045818029663005
,cattaneo,s,35,77,-0.0203188596905317,0.0042460383718948,1.6776437987000796,0.0955251660120113
,cattaneo,t,35,77,0.924855989961716,0.0091833346388737,4.472786157054389,0.0970258220535941
,cattaneo,q,35,77,1.0177660976920468,0.0009361240290901,3.339326561747575,0.1177975913957154
,cattaneo,drt_log,35,77,1.3074124571511807,0.0103005594584343,5.661029450364886,0.1354709603505693
,cattaneo,drs_log,35,77,2.1246009557705423,0.0056102164723472,2.7926291116871336,0.0466226145911795
,cattaneo,drq_log,35,77,2.0252384080297112,0.0103294359515603,3.561942523688366,0.1251959372881487
,cattaneo,drt_direct,35,77,1.2591921589134016,-0.0021217179400495,15.998110017555662,0.8598037017679153
,cattaneo,drs_direct,35,77,0.263101569800543,-0.0081628915934189,2.7286607640399825,0.216336171422483
,cattaneo,drq_direct,35,77,0.5044794693917787,-0.0094244387550366,10.17361793616832,0.458976377660252
,cattaneo,x,35,77,1.1429423379408363,0.0120681581435489,6.587624210546152,0.1036816752521989
,cattaneo,x_log,35,77,0.9882414274401844,0.0106666003589549,3.696953292165686,0.1685962749911562
,cattaneo,r,35,77,0.3748374560663183,-0.0016954718704134,6.591158251159856,0.129868704243531
,cattaneo,r_log,35,77,0.6097120974990671,0.0122806004936317,2.4770173161427818,0.1146964508777697
,cattaneo,dr_diff,35,77,0.5106127562949441,0.0066999132846298,18.586741835921803,0.6767562505151531
,cattaneo,s,36,78,0.8785372809815244,-0.0012469262869709,1.9327930972450909,0.0936105502033809
,cattaneo,t,36,78,2.8309065878067243,0.0076922969593382,4.884176704347011,0.1209479991038097
,cattaneo,q,36,78,1.4746305116501932,0.0051585681316126,3.443871921813003,0.1414959844280978
,cattaneo,drt_log,36,78,2.426745313492551,0.0157417020638254,4.294061204344676,0.1797514511246568
,cattaneo,drs_log,36,78,2.3770178898956043,0.0130352640507345,2.246695516820284,0.0763900845314068
,cattaneo,drq_log,36,78,1.5708414105825272,0.0093242498738116,3.166192436505679,0.1204103251890801
,cattaneo,drt_direct,36,78,2.262038326350019,0.0124842621945276,6.412512353995406,0.706130231358128
,cattaneo,drs_direct,36,78,0.9391049351784208,0.0125182340062105,2.927593079369293,0.1797902674270067
,cattaneo,drq_direct,36,78,1.158061514124054,0.0117764778325123,3.661771843900482,0.3098399310921386
,cattaneo,x,36,78,-0.0671180025186468,0.0069053130994625,8.113345887969457,0.0811500898023967
,cattaneo,x_log,36,78,3.7885282604064527,0.0054394800470013,4.06140592308388,0.1266500041557039
,cattaneo,r,36,78,0.9271929265006222,-0.0024503009325683,8.378988133254822,0.1039921178420274
,cattaneo,r_log,36,78,0.9320885874646518,0.0081997386663298,3.7614670234122856,0.1233514067113075
,cattaneo,dr_diff,36,78,0.8302774106272532,0.0102461553403926,11.041552080471265,0.433710833971719
,cattaneo,s,37,79,0.7954198961444883,0.0180765225441913,1.940247369533392,0.0749514899041055
,cattaneo,t,37,79,1.8145099093376729,0.0088785490386966,7.076194964347824,0.0254267864136404
,cattaneo,q,37,79,0.6164732866103835,-0.0017975550083516,3.5788091906216786,0.1047196601134209
,cattaneo,drt_log,37,79,1.9956696503900373,0.0040560088635155,5.5225016081462375,0.1475808955897377
,cattaneo,drs_log,37,79,2.820846898891504,0.0050051739732252,2.465885590555452,0.0236200463078957
,cattaneo,drq_log,37,79,2.385161776996731,-0.001482520312223,4.605066396103177,0.1206300690381245
,cattaneo,drt_direct,37,79,0.2557914584481056,0.0137528536990226,4.890149737850652,0.6542264877992015
,cattaneo,drs_direct,37,79,1.1051955831800928,0.0134790093620387,2.667441636875332,0.1868351919757137
,cattaneo,drq_direct,37,79,1.0509043584051492,0.0090760113660329,3.333409633500708,0.2734722954947689
,cattaneo,x,37,79,1.7132391814836687,0.0246715244835804,5.623740233674126,0.0317513337555565
,cattaneo,x_log,37,79,2.49749770077303,0.0135058817202863,3.769782369602941,0.0438610920395585
,cattaneo,r,37,79,0.1833715732139031,0.0144809484107653,6.295982165547055,0.1076181121028354
,cattaneo,r_log,37,79,1.2141628367411583,0.0165715815266197,3.1536225919529226,0.1022902630999668
,cattaneo,dr_diff,37,79,0.7378993917231762,0.0063541679043112,9.251235462724576,0.4358363174799956
,cattaneo,s,38,80,1.540250198555646,0.0010117842996747,1.7563157837143406,0.0507091886143889
,cattaneo,t,38,80,0.2122643906700783,-0.0159862952886425,7.900184266231413,0.1042333672623463
,cattaneo,q,38,80,-0.1690154108718582,-0.0182094023067251,2.6145110715330846,0.1798709219156514
,cattaneo,drt_log,38,80,0.4550669386695967,-0.0110464603134605,5.297059428161531,0.2474439814414076
,cattaneo,drs_log,38,80,1.691212441866874,-0.0053597958385502,2.255148678189983,0.109441699628832
,cattaneo,drq_log,38,80,-0.5106387218634936,-0.0174586765335076,3.516836936489071,0.1868564455024289
,cattaneo,drt_direct,38,80,1.367120749117638,0.0084944011780362,4.719387419593635,0.6229766742260666
,cattaneo,drs_direct,38,80,1.129934744354312,0.0065216809983909,2.1835328100412377,0.2079442821665656
,cattaneo,drq_direct,38,80,-0.0694609356044186,0.0053127616655248,3.0698541310196936,0.3851316993890069
,cattaneo,x,38,80,1.216566437014003,-0.0066454430497699,6.180401275117808,0.1043877867360001
,cattaneo,x_log,38,80,0.0120843069368525,-0.0152414672430854,5.086642351810967,0.1955308987572004
,cattaneo,r,38,80,0.7320807121920216,-0.0089192672446603,7.205747649796203,0.1227522153428572
,cattaneo,r_log,38,80,0.6392262276350857,0.0072428853225819,3.668035143301016,0.1353388431293515
,cattaneo,dr_diff,38,80,0.1128552170693142,0.0167481438973365,10.994457070585227,0.5344640989982326
,cattaneo,s,39,81,1.145840014978194,0.0113975760191255,2.448975734666954,0.0871323565305781
,cattaneo,t,39,81,0.7737473291285188,-0.0105289799683098,7.02337454336669,0.0943400349713325
,cattaneo,q,39,81,1.4845603350529806,-0.0164937630396498,3.828865303807548,0.1237052751141522
,cattaneo,drt_log,39,81,0.7710735355162242,-0.0121256618566138,8.066419762230824,0.3501914055272204
,cattaneo,drs_log,39,81,0.670924781842198,-0.0059812859243804,3.611549124359696,0.1302817924312533
,cattaneo,drq_log,39,81,1.558840134097474,-0.0079898711833612,5.210658817076759,0.1939086297539306
,cattaneo,drt_direct,39,81,2.3450085538672973,0.009452243226352,3.381691850049902,0.478221340215942
,cattaneo,drs_direct,39,81,2.193473397952555,0.0127071605392897,1.501115211759539,0.2646314927997508
,cattaneo,drq_direct,39,81,1.850857795678713,0.0090669709445236,2.564843907496752,0.3653011763349422
,cattaneo,x,39,81,2.383738624375189,0.0027907972598729,11.383356029056849,0.0851299643849582
,cattaneo,x_log,39,81,0.8870798074303194,-0.0039435429628872,6.32207707786316,0.1288005120419638
,cattaneo,r,39,81,0.2459380754614319,-0.0096445708009423,5.560741353054337,0.1202380262098633
,cattaneo,r_log,39,81,0.9035701861825474,-0.0027503859620183,5.768557435748425,0.2206122455621552
,cattaneo,dr_diff,39,81,-0.3111222810680214,0.0028274985014567,4.797952324555777,0.1605120500044874
,cattaneo,s,40,82,1.7944011104288862,-0.0129494157337889,2.092253274264115,0.0926912659933899
,cattaneo,t,40,82,1.441151599432943,-0.0058749106044182,8.105503740081346,0.1253873717237068
,cattaneo,q,40,82,0.1828960612924119,-0.0169005304692889,6.0481441859627685,0.1342435096507073
,cattaneo,drt_log,40,82,0.6590154559748695,-0.0105720899223115,7.33325741032096,0.08041740217779
,cattaneo,drs_log,40,82,1.5028393424923112,-0.0050538640468384,2.698916137678882,0.1461507768734117
,cattaneo,drq_log,40,82,-0.1759965854222103,-0.01649331572896,6.713073569022646,0.073362962367972
,cattaneo,drt_direct,40,82,1.0688769454932965,-0.0109178170147023,7.759085798106495,0.6845061715551214
,cattaneo,drs_direct,40,82,0.605824153215067,-0.011335178517808,2.333122002964405,0.1770719956630879
,cattaneo,drq_direct,40,82,0.4681177972974866,-0.0163034585232252,5.378817107971559,0.4057388218592174
,cattaneo,x,40,82,0.8912009382896393,-0.0056135230573302,4.282947828484942,0.1079193117612844
,cattaneo,x_log,40,82,0.9377936877035626,-0.0065783761280425,6.400621012187158,0.220547128049051
,cattaneo,r,40,82,0.533559588526967,-0.0064163141143586,4.043133311177223,0.1708135827867804
,cattaneo,r_log,40,82,-0.5340225725495369,-0.0158543125025323,6.143976107263671,0.2427865964235125
,cattaneo,dr_diff,40,82,0.6814695095647041,0.0101862787807288,8.789121432215309,0.5155956355995045
,cattaneo,s,41,83,0.6347730220525674,0.0090825699895487,2.494263064951595,0.0788518068230849
,cattaneo,t,41,83,1.4594469446784153,0.0119802987303485,7.850866873092692,0.0909802612648233
,cattaneo,q,41,83,-0.4625867937292915,-0.0158992700282004,3.519836412816092,0.1789293422184057
,cattaneo,drt_log,41,83,1.0625598511105938,0.001504252275069,6.589482879848571,0.1588011077304564
,cattaneo,drs_log,41,83,0.6537005358972143,-0.0072341588203283,2.9169326323021565,0.1159662321449973
,cattaneo,drq_log,41,83,0.7252471302681363,0.0006430270018445,2.98012821336287,0.1505498222783104
,cattaneo,drt_direct,41,83,1.0068679123266775,0.0059190946548929,5.490625193224841,0.6829175238252416
,cattaneo,drs_direct,41,83,3.446533765061873,0.0063819554519923,2.5386854249742923,0.1420913665093759
,cattaneo,drq_direct,41,83,0.8834493586959677,-0.0009218162216717,4.132448990939262,0.3004960749004419
,cattaneo,x,41,83,1.1280035919019276,0.0050762674762948,5.006258307511453,0.0846243405818913
,cattaneo,x_log,41,83,2.295189149714325,0.0153845394573793,3.879377324228072,0.1700787851899379
,cattaneo,r,41,83,1.0254896927792596,0.0049435836805654,7.8345691429272675,0.1554399976561131
,cattaneo,r_log,41,83,2.278060129931406,0.0182826554397587,2.447270347961124,0.1690341375925266
,cattaneo,dr_diff,41,83,1.036877466664969,0.0110534318897758,7.623928180962175,0.3515221369185644
,cattaneo,s,42,84,-0.1102440441232377,0.0035730527725272,1.8246506258203992,0.0162604729014852
,cattaneo,t,42,84,0.983759228895726,0.0174511136540913,6.985269048432037,0.1370836331137231
,cattaneo,q,42,84,0.2644849601663965,-0.0046167052294319,3.1401285209492227,0.1321616042902605
,cattaneo,drt_log,42,84,0.6320206927445366,0.0097259766244505,3.7704127566280095,0.1650821418021599
,cattaneo,drs_log,42,84,1.3660281935872391,0.0057363251201858,2.630914979136743,0.0661919987866452
,cattaneo,drq_log,42,84,4.399932831831894,0.0103021423676067,2.1560126718042447,0.0819546548988367
,cattaneo,drt_direct,42,84,0.3346344688541403,0.0082836152481179,5.59138604377244,0.5437597132956582
,cattaneo,drs_direct,42,84,1.5866770845060514,0.0114888037505205,2.452759799746413,0.1940688033484197
,cattaneo,drq_direct,42,84,1.235626270519523,0.0075165826970713,5.195152711337983,0.4415233406029201
,cattaneo,x,42,84,0.8032719396092429,0.0069271839714294,6.350936344938912,0.1012178149248594
,cattaneo,x_log,42,84,0.5798862195721148,0.0134591611280313,5.049902836571179,0.0686788709941686
,cattaneo,r,42,84,0.2138409904480007,-0.0015402559464471,6.0577675809411184,0.1223861805712671
,cattaneo,r_log,42,84,0.2642199393574183,0.0110827450471896,2.623192894671289,0.1208758377157961
,cattaneo,dr_diff,42,84,-0.2032340934060554,-0.0013910519617584,22.59102128631126,0.6251852004147775
,cattaneo,s,43,85,0.0107953861446858,0.0211039009885823,1.956002748648304,0.0589106166056805
,cattaneo,t,43,85,2.062728335432137,0.0165191931045424,5.512259725714395,0.0813865470799533
,cattaneo,q,43,85,0.932452236795308,-0.0129000216098518,6.589266621006626,0.1485366482969317
,cattaneo,drt_log,43,85,0.8086987349028312,0.0037897123769742,5.386270838022488,0.0787859869182799
,cattaneo,drs_log,43,85,0.837038852154179,0.003303909570976,3.108645469660805,0.0598005372464374
,cattaneo,drq_log,43,85,0.7872235333761899,-0.0068364493235295,4.359624034266248,0.0488920734810917
,cattaneo,drt_direct,43,85,1.086563310142083,0.0159823318945001,10.237600021920372,0.6128295797169268
,cattaneo,drs_direct,43,85,-0.1230355400728828,0.0120699314639443,3.0693283122694504,0.1798049410202463
,cattaneo,drq_direct,43,85,-0.1165316888466294,0.0065914236926039,7.010940705761796,0.3301812137459951
,cattaneo,x,43,85,1.4785256990318856,0.0164430200862205,7.8562666776779055,0.037223746637855
,cattaneo,x_log,43,85,0.9359022706874692,0.0068495622637277,5.0894121990674135,0.070654163582981
,cattaneo,r,43,85,0.8644960264992569,0.0108452948308687,7.783379874618112,0.0909697916681451
,cattaneo,r_log,43,85,1.5574582412128837,0.012488801856806,2.7186601220779187,0.0779623353490641
,cattaneo,dr_diff,43,85,0.2913540426163865,0.0043595226274297,19.69651490725769,0.4974810314679054
,cattaneo,s,44,86,0.1315187949842604,-0.0044451558882923,2.053758054417952,0.0572516161145539
,cattaneo,t,44,86,0.9733248411904118,0.0077535555444215,5.323833967056734,0.1148093850279713
,cattaneo,q,44,86,1.4302022541623796,-0.0084936983436568,3.872009036974237,0.2451354656585922
,cattaneo,drt_log,44,86,1.513573026410976,0.004846913194698,5.354740815578906,0.254273352230066
,cattaneo,drs_log,44,86,1.1226741255870798,-0.0033575694252194,3.5551244963333493,0.0916806330409876
,cattaneo,drq_log,44,86,0.6873290033434727,-0.0039740159995606,5.046286761752477,0.2395323954582947
,cattaneo,drt_direct,44,86,1.3665370837627075,-0.0026686486369434,7.003418477384674,0.8382473338207447
,cattaneo,drs_direct,44,86,1.098142563182369,-0.0060107864417296,2.9414542913481694,0.2348346757879716
,cattaneo,drq_direct,44,86,1.0539811692359566,-0.0039474872350555,5.403170201585877,0.4293847955525099
,cattaneo,x,44,86,1.8917697171789285,0.0051184283323171,6.18246370752956,0.0977702772283415
,cattaneo,x_log,44,86,1.2038850797661755,0.0052632131115893,5.369750514129945,0.0660231676442504
,cattaneo,r,44,86,1.422871696890728,0.0085505065216,6.400340411469346,0.0891277014106305
,cattaneo,r_log,44,86,0.1699512687567779,0.0052992511864788,5.801964160008359,0.1671933844156059
,cattaneo,dr_diff,44,86,4.5364479456248095,0.0250923632683239,11.359388882502808,0.6090342341685802
,cattaneo,s,45,87,0.0153858837903508,0.004037780279787,2.158084898035336,0.0485928015552336
,cattaneo,t,45,87,0.5774197275439024,0.0054868603775619,5.704209928355742,0.0943087688678779
,cattaneo,q,45,87,-0.6169548406814549,-0.0118538150540336,3.984310863911796,0.123709427011342
,cattaneo,drt_log,45,87,0.7465882274763045,0.0007869003991062,5.397665151327284,0.2141779673318685
,cattaneo,drs_log,45,87,1.5960764311176785,-0.0005380313333997,2.5056276948901344,0.0841027821409932
,cattaneo,drq_log,45,87,-0.591376774384694,-0.0153698070337315,4.286869356168392,0.0625552919998662
,cattaneo,drt_direct,45,87,2.289860320152576,0.0248958140405328,7.035215820735883,0.6693311478310268
,cattaneo,drs_direct,45,87,1.4319940840961416,0.0225170077053403,2.354381662256087,0.2289933804969916
,cattaneo,drq_direct,45,87,0.4853725732866407,0.0165091167672084,3.537382372073941,0.4171220294685153
,cattaneo,x,45,87,0.066964490081494,0.0092147534076997,2.823970204232777,0.0654894057486629
,cattaneo,x_log,45,87,1.2711963017104582,0.0119098555342199,3.3954607926518303,0.0821497239029214
,cattaneo,r,45,87,-0.1871253761466436,-0.0015300655241545,3.174186138138171,0.1490917840585683
,cattaneo,r_log,45,87,0.5005913235514647,0.0214048395565566,2.4138273413846045,0.1215401778325586
,cattaneo,dr_diff,45,87,0.8122494226426009,0.0182023260281654,4.665576310603877,0.457666070390801
,cattaneo,s,46,88,1.8801816115651768,0.0134473081169722,1.6703068134122785,0.0437740798671109
,cattaneo,t,46,88,1.669464805841349,0.0191413569337915,5.198131463711455,0.0844977101554851
,cattaneo,q,46,88,-0.3323643681646888,-0.0033260255648038,3.002403399514119,0.112729209092289
,cattaneo,drt_log,46,88,1.5218874747164743,0.0092358692882622,3.7783331873036814,0.050097271369965
,cattaneo,drs_log,46,88,1.362397849661914,0.0077925407677934,2.1988134863677207,0.0627782689784156
,cattaneo,drq_log,46,88,0.8499928380238806,0.00382125788896,3.835765870962097,0.087664239080707
,cattaneo,drt_direct,46,88,0.3828626048570955,0.0128991560609426,11.890455926978309,0.8001480993916614
,cattaneo,drs_direct,46,88,0.9280820636559476,0.0167235948504527,4.0118976070389465,0.2437326459285145
,cattaneo,drq_direct,46,88,0.0958740447818153,0.0112490567547791,3.834445613796043,0.4373618242620283
,cattaneo,x,46,88,1.3462283532892212,0.021652161379049,6.494829932188534,0.0413440492141381
,cattaneo,x_log,46,88,1.6333578549470948,0.0171049435849525,2.686026989138876,0.1131402453301707
,cattaneo,r,46,88,0.8764531697919036,0.0143519497001215,6.922171341430695,0.1354634045829995
,cattaneo,r_log,46,88,1.3077052545768806,0.0244317539624465,2.7924338791226577,0.0940009912367799
,cattaneo,dr_diff,46,88,-0.0925869208082506,0.0099396608890514,28.516722672000167,1.1670172178426603
,cattaneo,s,47,89,1.2071670247573856,-0.0075013016510894,2.2879164692563334,0.0624601333576813
,cattaneo,t,47,89,1.5946752368640684,0.0104773980137988,4.4781844354389975,0.1037486365233768
,cattaneo,q,47,89,0.150692855472251,-0.0148070233647492,4.200606672394983,0.1332042859516188
,cattaneo,drt_log,47,89,0.7405071004279455,-0.0105166926525084,6.172030312525286,0.1729948096755363
,cattaneo,drs_log,47,89,0.2351711034869139,-0.0036604556914585,2.40602689698677,0.1080797077011248
,cattaneo,drq_log,47,89,1.655116231297785,-0.005084392248905,4.583981972707299,0.1869743164571659
,cattaneo,drt_direct,47,89,1.9937507720782703,0.0159195717024194,6.957654857331804,0.6239613454049028
,cattaneo,drs_direct,47,89,1.194535621029933,0.0145153040405624,2.280255255026161,0.2242260749238755
,cattaneo,drq_direct,47,89,1.216804815804465,0.0102952514401187,4.297717916895359,0.3713222284378366
,cattaneo,x,47,89,1.717015630056237,0.0131325651457296,6.42464766239381,0.0534095870936667
,cattaneo,x_log,47,89,1.9036616158611133,0.0139188506073934,3.3453169491239945,0.0874043674377085
,cattaneo,r,47,89,1.7055958495681836,0.0097618696563434,7.213850225672964,0.1121608201828178
,cattaneo,r_log,47,89,1.250689370855794,-0.0004201367581158,2.4063916177374867,0.1256909823981504
,cattaneo,dr_diff,47,89,0.3939325994067477,0.0116872983226186,13.346333477545253,0.7144276676768864
,cattaneo,s,48,90,0.5175348883446933,-0.010183846131935,3.2241947026635,0.056024400095249
,cattaneo,t,48,90,0.4779737703476714,-0.0028106996959288,7.110173215579247,0.0901811170033642
,cattaneo,q,48,90,-0.5348869214273719,-0.0229666874761146,3.963293319027752,0.1122314947415045
,cattaneo,drt_log,48,90,0.3365958558603843,-0.0082753977136509,6.185570558827458,0.1292375514582834
,cattaneo,drs_log,48,90,1.2338013026099863,-0.0029756941889418,2.79629161584644,0.0605900281594238
,cattaneo,drq_log,48,90,0.0409721209906044,-0.00764937850566,3.201919632245489,0.0777552177372714
,cattaneo,drt_direct,48,90,-0.1582648092681595,-0.0039035666048713,13.535990540207928,0.7929984647000715
,cattaneo,drs_direct,48,90,0.481706590601235,0.0018932938191192,3.4201286970473066,0.2215650783116088
,cattaneo,drq_direct,48,90,0.0668384412453975,-0.0065227234424365,7.743434441243336,0.3816551404166494
,cattaneo,x,48,90,0.96486130934457,0.005188295338288,6.592461078437778,0.0685275928211742
,cattaneo,x_log,48,90,0.6584316113746684,-0.0014440782680525,4.19699755701136,0.0732241943872236
,cattaneo,r,48,90,0.959241564864127,0.0072544391181224,7.349013629334036,0.115830930733902
,cattaneo,r_log,48,90,-0.2817226989344721,-0.014461652707325,4.92889569679426,0.1749870003938403
,cattaneo,dr_diff,48,90,0.98877059603263,0.0050213647951614,13.100420562169177,0.4807946178434961
,cattaneo,s,49,91,0.3184092683460711,0.0026870875691978,2.760794613214651,0.0550949238976248
,cattaneo,t,49,91,-0.3462116581588621,-0.0002567316122139,5.9029027331583785,0.1474046101446981
,cattaneo,q,49,91,-0.3513538401041782,-0.0084539742645804,4.866599625944463,0.1750766919881173
,cattaneo,drt_log,49,91,0.625291104049253,-0.0070794469030613,6.80901674845608,0.1619574879448196
,cattaneo,drs_log,49,91,0.3114099707507156,-0.0080024699913117,4.678498770618133,0.1052871859818321
,cattaneo,drq_log,49,91,-0.5920895828175878,-0.0090553866350108,5.088519121124774,0.1077588522350313
,cattaneo,drt_direct,49,91,0.0552371889533054,0.0019378218732036,9.144155277385387,0.6645435332760474
,cattaneo,drs_direct,49,91,0.1378788380276185,0.0029240302134271,3.690988880032765,0.2152842644106641
,cattaneo,drq_direct,49,91,0.0654098863312859,0.0010194579077782,4.73727406447432,0.4005884262615405
,cattaneo,x,49,91,-0.4136393058150458,-0.0012928122530992,4.228752651762311,0.0748580995510764
,cattaneo,x_log,49,91,-0.0958433135093059,-0.0004284547395747,6.210207496768456,0.081095287806778
,cattaneo,r,49,91,0.099999120740029,-0.0043238259338588,7.525511117537406,0.1922083450091223
,cattaneo,r_log,49,91,-0.487315093478792,-0.0038053098579164,3.320074178618326,0.2019027071587092
,cattaneo,dr_diff,49,91,0.1669247905288633,0.0101963713635874,6.202034431536687,0.631846701474628
,nhefs,s,25,67,0.4098991713555406,0.0420453967042056,2.186167047354218,0.2423866682313669
,nhefs,t,25,67,0.4589193150655588,0.0205266590316218,4.099066623387706,0.1371321560438827
,nhefs,q,25,67,0.539240388817539,0.0457116498059426,3.720859205544573,0.263216632214924
,nhefs,drt_log,25,67,1.0718255414635482,0.0447073232805242,3.5772841406661167,0.2177365130436043
,nhefs,drs_log,25,67,0.7953339708129481,0.0448908824839346,5.264933667549946,0.0890418537472985
,nhefs,drq_log,25,67,-0.1653962982991053,0.004617134313164,11.809567821420382,0.2850447600470302
,nhefs,drt_direct,25,67,-0.0020821157539452,0.0318001208882102,3.384253109618125,0.7589007415305956
,nhefs,drs_direct,25,67,0.4504722221801884,0.0120070624164917,2.409139931621744,0.373843889154178
,nhefs,drq_direct,25,67,-0.463174555358218,0.013625373799071,4.029718333773097,0.3949978826963167
,nhefs,x,25,67,0.0184933003628433,0.0060180059807851,4.890128818116176,0.1355876686872603
,nhefs,x_log,25,67,-0.4576974003204932,-0.0036854997773111,2.6225062337848315,0.0851717654730895
,nhefs,r,25,67,-0.1090410766587768,0.0331058726220016,4.564087884675674,0.0942255043529794
,nhefs,r_log,25,67,0.230342430496365,0.0080080486097855,2.5333110472040654,0.2195139568331842
,nhefs,dr_diff,25,67,0.4314711630013184,0.0471973022841509,10.32644654383113,0.7232869146621304
,nhefs,s,26,68,0.0277467050758795,-0.0007037185125949,2.4692198440029927,0.0890791930289723
,nhefs,t,26,68,-0.4097849207834954,-0.0281973364500353,4.941517879663541,0.1846476316880157
,nhefs,q,26,68,-0.3733023114653415,-0.0369656752683541,4.901862865426435,0.5554296000449945
,nhefs,drt_log,26,68,-0.1863658317972543,-0.0138420016608741,6.092794558461484,0.9977087661649486
,nhefs,drs_log,26,68,-0.0597708439504067,0.0058507366284255,7.795816281354114,0.6294130229940468
,nhefs,drq_log,26,68,-0.2830819308112602,-0.0490000922707839,8.753682328333728,1.4446499212533035
,nhefs,drt_direct,26,68,-0.6050591508283102,0.0205499338726048,3.4523680221246624,0.761017465224231
,nhefs,drs_direct,26,68,-0.2858096850182581,0.0349572478700827,2.602824145963072,0.4739344677386021
,nhefs,drq_direct,26,68,-0.7393757138502332,0.0180670808599637,3.1528212834850384,0.4650903169216859
,nhefs,x,26,68,-0.5420303562135311,-0.0204161412358133,2.8656495943579743,0.1544334671692125
,nhefs,x_log,26,68,-0.3156369627672328,-0.0262551902315996,2.804307888995551,0.4742086277874199
,nhefs,r,26,68,-0.4044352015765082,0.0095489496509088,2.028549228859976,0.204028133642998
,nhefs,r_log,26,68,-0.3018635924450559,-0.0147225725094577,2.222718484180889,0.1799444271359024
,nhefs,dr_diff,26,68,-0.5300434545208832,-0.0182151754682742,4.94781304420075,0.7253480839611285
,nhefs,s,27,69,-0.3017031545447206,-0.0368200038175224,1.6396537767042547,0.1137483407082255
,nhefs,t,27,69,-0.2822492049061262,-0.031230514729274,5.307233517753599,0.2562384445908294
,nhefs,q,27,69,0.4795992163056171,-0.0180037538970541,5.14720279526191,1.353438728400544
,nhefs,drt_log,27,69,0.5062156176924784,0.0781068270026086,7.290941044066028,1.1070552237030782
,nhefs,drs_log,27,69,0.8290853952602129,0.0339979003626646,4.962307041080919,0.5726675705427601
,nhefs,drq_log,27,69,0.0698724934692525,-0.0131831774511675,7.27125417632412,1.8778778223777144
,nhefs,drt_direct,27,69,-0.5193832364456104,0.0304014761086721,4.219934087220042,1.122091818722886
,nhefs,drs_direct,27,69,-0.5324233098975346,0.0228895463510847,2.640357645586211,0.6634187696067076
,nhefs,drq_direct,27,69,-0.5767197050757613,0.027738436088312,3.494756079821533,1.025729196766772
,nhefs,x,27,69,-0.2633587733903997,-0.0263195902525927,4.827734693639096,0.2355133342747626
,nhefs,x_log,27,69,-0.5430501387007516,-0.0470191512375135,3.147368154545811,0.6014784030874413
,nhefs,r,27,69,-0.2062985405636499,-0.0058980721511739,4.035477684887258,0.1934225010440184
,nhefs,r_log,27,69,-0.4242342603598967,0.0033115416428071,2.478516112304324,0.4732277555730864
,nhefs,dr_diff,27,69,0.1056079131604963,0.0219959279760768,16.242012658045766,1.875208669554409
,nhefs,s,28,70,-0.4399549751873889,-0.0144940209702114,1.8093152247603763,0.0920121621610602
,nhefs,t,28,70,-0.1724165309537739,-0.022218656123418,3.4249691301574137,0.1895136355479252
,nhefs,q,28,70,-0.3719332631420932,-0.0288309785452642,2.946477563229705,1.497844755984418
,nhefs,drt_log,28,70,-0.2539733149223425,-0.0085755373374421,4.907975572374576,0.6674906270700793
,nhefs,drs_log,28,70,0.2568365679199097,0.0108810977382405,5.61879649345669,0.6673039708195099
,nhefs,drq_log,28,70,-0.1260124951353877,-0.0242723414151985,4.536399396830901,2.1135458698521568
,nhefs,drt_direct,28,70,-0.4047021005227746,-0.0016347462061747,4.6254548946922185,1.1869148522889013
,nhefs,drs_direct,28,70,0.3612583718465453,0.0173955074907455,3.081167520181624,0.4573874489681738
,nhefs,drq_direct,28,70,-0.3624931826226736,0.0034667131809988,3.578599998339555,0.8028803805952482
,nhefs,x,28,70,-0.3878761860354264,-0.0150219586410062,5.347576992854355,0.2002393640752384
,nhefs,x_log,28,70,-0.3107855926156824,-0.0026857375428803,2.085071910225809,0.1473369403100603
,nhefs,r,28,70,0.0352656505917078,0.0319798437893676,6.624725157048854,0.1535371020978663
,nhefs,r_log,28,70,-0.5742171824950705,-0.0204621198906913,2.2126017389470265,0.0707572232935097
,nhefs,dr_diff,28,70,-0.2298167720241821,0.0013110839777506,13.439742701200045,2.284104073688595
,nhefs,s,29,71,0.0448837439795082,0.0165588292142125,2.00701528311402,0.0944327030172109
,nhefs,t,29,71,1.083444266386684,0.0055159385724027,2.579879488497004,0.2430706064836039
,nhefs,q,29,71,1.9177741460586444,0.0118414056431408,2.855381694993709,0.9624564700553914
,nhefs,drt_log,29,71,1.4608579086722568,0.0476273207662768,4.156081347645182,0.5194073128677327
,nhefs,drs_log,29,71,1.4171253518123414,0.0152485877560546,4.484565347955609,0.7654848739947305
,nhefs,drq_log,29,71,1.97816712172704,0.0347165118577435,4.36072516184202,0.8726499813923282
,nhefs,drt_direct,29,71,1.427980346754682,0.0309975237866007,5.140225433613487,1.1446090384982512
,nhefs,drs_direct,29,71,0.4836385062114186,0.0187910681268667,1.6371027265153544,0.8167100598730309
,nhefs,drq_direct,29,71,0.116735988659675,0.0349249659930928,2.401031382592843,0.6499507961974361
,nhefs,x,29,71,0.0690994819720662,0.0015191332159046,1.9241425916292485,0.1477776601502291
,nhefs,x_log,29,71,0.2984777931464442,0.0205236881356921,2.5449051431894354,0.1707760885674275
,nhefs,r,29,71,0.3431961714834322,0.0394934520748771,3.225621046692304,0.2222929698580764
,nhefs,r_log,29,71,0.1228953807188579,0.0302660379491555,1.7310946247786942,0.296812072833538
,nhefs,dr_diff,29,71,0.2281589694203203,-0.0032917956741026,8.874507799336412,1.0897057737549771
,nhefs,s,30,72,1.816257565603431,0.0294045071131814,2.0524605387513613,0.1459413686588136
,nhefs,t,30,72,1.5183116385626962,0.0047599143900289,3.1397382989843,0.2598781500420127
,nhefs,q,30,72,0.3520648620110449,0.0012983219726263,3.740812275732379,0.7630501059936786
,nhefs,drt_log,30,72,0.5087688363122187,0.0234445423643459,6.152184311884851,1.904774456331607
,nhefs,drs_log,30,72,0.7917624285202609,0.0523660365820758,5.116987909862244,0.5178600683449022
,nhefs,drq_log,30,72,0.4685823276597056,0.0479589935432816,6.919763892225274,0.393793199096895
,nhefs,drt_direct,30,72,0.5755576733509047,-0.0036174169529324,3.9279859435745057,0.6615975886045594
,nhefs,drs_direct,30,72,0.2662948619786107,-0.0017978813330695,2.3319751974313205,0.435291009492955
,nhefs,drq_direct,30,72,0.5381353173346008,0.0130073919533821,3.63097679026252,0.651942505555887
,nhefs,x,30,72,0.622361465887294,0.0187888707037643,2.095926978648869,0.0824320187389639
,nhefs,x_log,30,72,0.5445903821476343,-0.001683063254258,2.695217009914324,0.2849739721317965
,nhefs,r,30,72,1.0463414040386412,0.0274763403535907,5.549530662307114,0.0660114492360618
,nhefs,r_log,30,72,0.4568148608623552,0.021187244833726,2.21632705923196,0.3189643211841867
,nhefs,dr_diff,30,72,0.76298861649218,0.0052619197496447,11.687990497785083,1.1262439692172712
,nhefs,s,31,73,1.0214422702482178,0.0115437045914163,2.030064523322132,0.1483124942036207
,nhefs,t,31,73,0.1802494302136621,-0.0003065412013292,3.382508913465286,0.0830598019895181
,nhefs,q,31,73,0.1571232343138744,0.0718603376841474,2.980848181678222,0.41045995649525
,nhefs,drt_log,31,73,0.0836370292773527,0.0172751104786158,5.044425322995082,0.4119020332824403
,nhefs,drs_log,31,73,0.1441580622809146,0.0335038968104104,3.5955853887847096,0.3541252543702148
,nhefs,drq_log,31,73,0.527651914387655,0.0229338232105618,5.552425230950279,1.8834170871474207
,nhefs,drt_direct,31,73,0.0787179032552887,0.0417329669766506,4.995292485422955,0.6611600387271288
,nhefs,drs_direct,31,73,0.2563799773581627,0.0518537937233166,2.167209041489947,0.3079993699479539
,nhefs,drq_direct,31,73,-0.3948041068290397,0.0183574658314575,3.1076856600563123,0.4315023632964783
,nhefs,x,31,73,-0.0492998401490318,0.0049872865821208,3.1159160233869105,0.1289626402924202
,nhefs,x_log,31,73,0.2824390326928701,0.0151531326255869,2.058832900754127,0.1187233521141773
,nhefs,r,31,73,-0.1923406477147311,0.0154128411433797,5.042543704836124,0.0950890283636615
,nhefs,r_log,31,73,0.827495785725396,0.0298046667113443,1.906021099535022,0.2389468568500374
,nhefs,dr_diff,31,73,-0.2930362953324208,0.0036210179407022,5.495040066274665,0.7703726514794828
,nhefs,s,32,74,-0.1336118709583802,-0.0193236714975845,1.6373118563167994,0.1193281938871324
,nhefs,t,32,74,-0.3365535448941246,-0.0237249521196009,5.452092780921353,0.3638732562438833
,nhefs,q,32,74,-0.1969449570987447,-0.0452508361204013,4.555370184075961,0.896052068865813
,nhefs,drt_log,32,74,-0.2831677336315159,-0.0226773004030529,11.438477895374772,0.7745274564604556
,nhefs,drs_log,32,74,-0.3640570604332986,-0.0394853214418431,9.442555534882729,1.68700777365719
,nhefs,drq_log,32,74,-0.3051083630177646,-0.0254932395735071,8.910599594489815,1.408547252092491
,nhefs,drt_direct,32,74,-0.125203349903388,0.034128862590401,4.839658076524277,1.205159929059648
,nhefs,drs_direct,32,74,-0.0909318672060095,0.0223522853957636,1.7720732170248468,0.3493888698983255
,nhefs,drq_direct,32,74,-0.1655612596486146,0.0355789955121058,3.53368500792195,0.7886625788368342
,nhefs,x,32,74,-0.4169593069009458,-0.0319016379384272,2.792166604190747,0.1471381202155278
,nhefs,x_log,32,74,-0.183213466280625,-0.0368296029500042,3.071392335143275,0.2044629093507983
,nhefs,r,32,74,0.206105850341927,0.0120385615870565,4.5725995780478605,0.1458677784090399
,nhefs,r_log,32,74,-0.3359154821962269,-0.0229760169225052,2.834753629330959,0.323582793930446
,nhefs,dr_diff,32,74,-0.1761136826004028,0.0053255867135465,19.885440918422045,1.0276344162781956
,nhefs,s,33,75,0.4627693455590806,-0.0049901249265775,1.800324540778917,0.1149554337657758
,nhefs,t,33,75,0.013052017506361,0.0147831228884885,3.314540161039102,0.1568094891324722
,nhefs,q,33,75,0.2698928310821922,0.0066243017475529,3.1840732761155546,0.526788697440019
,nhefs,drt_log,33,75,0.2633075544402183,-0.022187102089731,9.328502148906193,1.0633495131194777
,nhefs,drs_log,33,75,0.4201305971250284,-0.0029210506605063,7.667296064331317,0.7000555290941282
,nhefs,drq_log,33,75,0.0472974743701748,-0.0350309261281433,8.64285078165317,0.6880333084156149
,nhefs,drt_direct,33,75,0.6896728617492238,0.0419651593217933,3.093666311158371,1.0259443603967355
,nhefs,drs_direct,33,75,-0.054297221788897,0.0274721783111062,2.633943780112057,0.7307420631974304
,nhefs,drq_direct,33,75,-0.062168574349519,0.032562591408489,2.6157483077302395,0.6932183384302968
,nhefs,x,33,75,-0.1668375244334454,0.0062319006264068,4.4857863602026224,0.0683931754249044
,nhefs,x_log,33,75,-0.2662749497300738,-0.0232391029254658,3.2837631183259526,0.280634298930801
,nhefs,r,33,75,0.2056561959532801,0.0263653816587758,4.212512179286693,0.0780449864435758
,nhefs,r_log,33,75,-0.5266635066501396,-0.0056679373514303,3.4420664086546986,0.301950518770783
,nhefs,dr_diff,33,75,-0.0028062508466468,0.0086947163429508,14.148745454532015,0.96330464119466
,nhefs,s,34,76,-0.1790722926883454,-0.0181506350140025,2.3485511844739246,0.1144809620430297
,nhefs,t,34,76,-0.4986664418394952,-0.0314836723897465,2.2315977163177507,0.21956686068028
,nhefs,q,34,76,-0.0005102150880513,0.0025031353007114,4.467507224510228,0.4973800406159459
,nhefs,drt_log,34,76,0.0135947784554695,-0.020462433733246,6.996201366651023,1.542185887568975
,nhefs,drs_log,34,76,-0.1203411459844963,-0.01498233503139,8.125172783676934,0.5189536084651878
,nhefs,drq_log,34,76,-0.0939827494290259,-0.0070113832687775,6.999077696597317,0.3621329093720446
,nhefs,drt_direct,34,76,-0.4257389184351663,0.0140781845961473,4.5328422058721705,0.7093274014126343
,nhefs,drs_direct,34,76,-0.1288960870300173,0.0112489780214495,2.761426353041825,0.3568693783256128
,nhefs,drq_direct,34,76,-0.562858949301534,0.0047922932643752,2.7571066492396685,0.6026615498373936
,nhefs,x,34,76,-0.2125387201718489,-0.0021273431517263,3.079757485245376,0.1348538704424624
,nhefs,x_log,34,76,-0.3255234928221109,-0.0093900684031978,1.82123299706994,0.1336119451244214
,nhefs,r,34,76,0.0863935892431069,-0.0049898449552179,3.964191928398781,0.0537154845989366
,nhefs,r_log,34,76,-0.4817912084496382,0.0030604234413208,2.329584341857658,0.1523019968554998
,nhefs,dr_diff,34,76,-0.6212545581584153,0.0037299534976637,9.18226478215768,1.095137799966713
,nhefs,s,35,77,-0.2743780658256817,0.0017093543772209,2.581194422862097,0.1044795991527974
,nhefs,t,35,77,-0.2942952849540309,-0.0026993542707234,3.3104738945106345,0.3417082442149332
,nhefs,q,35,77,-0.0903706245357175,0.0027658796508305,4.386730413606655,0.6592566631674963
,nhefs,drt_log,35,77,-0.0414823321283931,0.0147831180310759,3.892475064904145,2.114312385605918
,nhefs,drs_log,35,77,0.3798561207995171,0.0328418123018704,3.468645516254256,0.8636230102431246
,nhefs,drq_log,35,77,-0.0252156906236608,-0.0005275171549572,5.834723551777195,1.673753649722062
,nhefs,drt_direct,35,77,0.0339233269878473,0.0136179654025424,8.954969568404175,2.1176842232765702
,nhefs,drs_direct,35,77,0.3568570986320351,0.0291548010805937,2.7506251427580195,0.931695404962995
,nhefs,drq_direct,35,77,0.1930431860576861,0.0046778630940336,2.631091664605222,0.9053229259341328
,nhefs,x,35,77,-0.337345076553481,0.0007312111950074,3.2068480924690683,0.221865673653659
,nhefs,x_log,35,77,-0.1122838247861679,0.0055817420845802,3.4671699445368622,0.508778062320466
,nhefs,r,35,77,-0.2336179555757914,0.0052798574354714,2.8574051407169625,0.1723226981471604
,nhefs,r_log,35,77,-0.3315928072452127,-0.0231873253886267,2.890204885225266,0.7698072658887475
,nhefs,dr_diff,35,77,-0.257957682959545,0.0041546768336191,21.68786848828917,1.3028936545162055
,nhefs,s,36,78,0.4757474326494633,-0.0052617862976662,1.6896666277056052,0.0186837352656088
,nhefs,t,36,78,0.2020111201239476,-0.0157527646871068,4.039677854130976,0.086840935935905
,nhefs,q,36,78,0.4528695046625721,0.0350641557612512,3.909110183764012,0.4034641274513375
,nhefs,drt_log,36,78,-0.2160451130649516,-0.006252529993804,7.306081731216917,0.6175998075298127
,nhefs,drs_log,36,78,0.110383403963383,-0.0064601115262574,5.360232601564483,0.4637558389213622
,nhefs,drq_log,36,78,-0.1762826644631958,-0.0188883423142637,9.378693165727457,0.6930155382074569
,nhefs,drt_direct,36,78,-0.088102857322958,0.0197641050674978,4.8535867030773625,1.1110063365193257
,nhefs,drs_direct,36,78,-0.3076607433423703,0.0119799478042094,1.9977281840050567,0.2827037874199309
,nhefs,drq_direct,36,78,-0.197058861323524,0.0207269108728713,3.0005425808479025,0.545407359491787
,nhefs,x,36,78,-0.1653514561546594,0.0053128555603537,4.749959965058095,0.1281767105631408
,nhefs,x_log,36,78,-0.1113343506147266,0.0104675466100899,3.778654039168976,0.2574615142153535
,nhefs,r,36,78,0.0138984968229145,0.0250327256341413,6.764154492817454,0.2105051910967051
,nhefs,r_log,36,78,0.1016825045151537,0.0440078856949738,2.5179929502444414,0.1709207119124846
,nhefs,dr_diff,36,78,0.0994030420765941,-0.0120933516081185,10.808693070449385,0.6210621473663865
,nhefs,s,37,79,0.153597876543893,-0.0115134459036898,1.3794229766921935,0.0300934307239365
,nhefs,t,37,79,0.3933080510281508,0.0291357098186366,3.1941526619483507,0.0858999190989899
,nhefs,q,37,79,0.0200967444759871,0.0146010006253908,3.3177338672588377,0.3498189624834287
,nhefs,drt_log,37,79,0.2761552073709676,0.0106685428392745,6.644522682787184,0.857267714044823
,nhefs,drs_log,37,79,-0.079511743904606,-0.0074193245778611,6.760914239134871,0.5837888032610975
,nhefs,drq_log,37,79,0.46794515067202,0.0166489993746091,6.529692077246732,0.4047437209523234
,nhefs,drt_direct,37,79,0.1484644855172083,0.0021907442151344,6.449301848271884,1.104107513911534
,nhefs,drs_direct,37,79,0.003022180850392,-0.0087223264540337,2.6843056715553275,0.6581133320816073
,nhefs,drq_direct,37,79,0.3398287692952038,0.0098286429018136,4.762685633454011,0.7872925162461861
,nhefs,x,37,79,0.6358326437354567,-0.0033918073796122,5.749792584822122,0.1366320530482234
,nhefs,x_log,37,79,-0.0758431272902877,-0.0309746716697936,2.8016671215357776,0.3080557075555479
,nhefs,r,37,79,0.5204609744724431,0.0307051282051282,2.65117467111061,0.0543507937772666
,nhefs,r_log,37,79,0.2478150036893938,-0.01459287054409,2.813995484829139,0.3679604191724089
,nhefs,dr_diff,37,79,-0.1654163555100867,0.0036091307066916,16.275805026334584,0.9017553691583672
,nhefs,s,38,80,-0.4028582089130044,-0.0440322003577817,1.7398879415980482,0.0469624856893267
,nhefs,t,38,80,0.3907200859108524,-0.0022924865831842,3.751969818329594,0.1671641596607536
,nhefs,q,38,80,0.4568021353148765,0.0327394156231365,5.71590630797585,0.9586948326502904
,nhefs,drt_log,38,80,0.2112737678916654,0.0165638044126416,9.181960397791704,3.4462055968587952
,nhefs,drs_log,38,80,0.2911489963243452,0.0113867024448419,7.781257138960922,0.454344411149922
,nhefs,drq_log,38,80,0.0407764063317357,0.0236809779367919,11.118041900354132,3.0844275782027752
,nhefs,drt_direct,38,80,-0.3349356573719115,0.0321147883124627,4.546550980851412,0.907938528473936
,nhefs,drs_direct,38,80,0.2535916341732258,0.0578389982110912,1.4897474063380556,0.330224547608681
,nhefs,drq_direct,38,80,0.1879225061505163,0.0558512224209898,2.789881092166851,0.5149550005127463
,nhefs,x,38,80,0.0980108237551469,-0.0085897435897435,6.64616672322424,0.0898971798405066
,nhefs,x_log,38,80,-0.4393177630272793,-0.0245900417412045,4.239735679104834,0.3259649420307545
,nhefs,r,38,80,-0.0460015215958315,0.0139159212880143,8.117137074019578,0.0681403061675308
,nhefs,r_log,38,80,0.1225690983066221,0.0025232558139534,2.8011782690887443,0.3373460333837141
,nhefs,dr_diff,38,80,0.2257549080863177,0.0149776386404293,9.99714679178822,0.9676367087802424
,nhefs,s,39,81,0.7801465304116446,0.0070144129554655,2.126079389201526,0.1351830028971741
,nhefs,t,39,81,0.5962186119375499,0.0397062348178137,2.656802970526301,0.3331476798869517
,nhefs,q,39,81,-0.2548325548141316,-0.0380382186234817,4.011446581853166,0.79363634539006
,nhefs,drt_log,39,81,0.1939534214174845,-0.0108966801619433,6.218508983319428,0.5884822923315849
,nhefs,drs_log,39,81,0.3341405553793337,-0.0063828340080971,5.307220452027512,3.2601517454850173
,nhefs,drq_log,39,81,0.1912425971768074,-0.0084056680161943,7.0815457262685015,1.0656237719401536
,nhefs,drt_direct,39,81,-0.1941045925179048,0.0226387044534412,5.633521644405243,1.7515224599987895
,nhefs,drs_direct,39,81,0.5622818191777683,0.0260561943319838,1.9612602271715809,0.5838062846434858
,nhefs,drq_direct,39,81,-0.4481668196230912,0.0163996761133603,5.590198472268988,1.0562615316664934
,nhefs,x,39,81,-0.0570488738167827,0.0221133603238866,3.5421614452001733,0.1672165647358065
,nhefs,x_log,39,81,0.0654342140191845,0.0094557085020242,3.1304184737481027,0.3185327394523147
,nhefs,r,39,81,-0.0414179166971626,0.0422170040485829,4.7227484895025365,0.239150428242283
,nhefs,r_log,39,81,-0.1780851229240194,-0.019817975708502,2.2042020008979155,0.43409316973277
,nhefs,dr_diff,39,81,0.1869134466535205,0.0307352226720647,10.90724414490533,1.1916758892543688
,nhefs,s,40,82,1.1094737365619878,0.024749492931311,2.899699960350048,0.1449161978540701
,nhefs,t,40,82,0.4223177638368929,0.0044900553991462,3.97563575195417,0.22480425650323
,nhefs,q,40,82,0.3983277082580545,0.0128954378954378,3.980405170271268,0.8627858418756199
,nhefs,drt_log,40,82,0.8499470694189197,-0.0017085944358671,6.793045071187048,0.6353742829397778
,nhefs,drs_log,40,82,0.4120275002722984,-0.0130801017164653,6.621035619847199,0.2079696522606308
,nhefs,drq_log,40,82,0.7338916364159762,0.007372778736415,7.116447012388691,0.4259589543897524
,nhefs,drt_direct,40,82,0.4595998931242726,0.0249889504434958,3.683565016298672,0.92845702522014
,nhefs,drs_direct,40,82,0.5240137733716628,0.0245363727181908,1.8675983502905489,0.3789271971801282
,nhefs,drq_direct,40,82,0.8775587041866943,0.0359470832198104,3.083091852343578,0.5488640129922937
,nhefs,x,40,82,-0.2214770489531936,0.0087700178609269,1.842308692067372,0.0867417142438199
,nhefs,x_log,40,82,0.4397782035000761,0.0502869857415311,2.8936640892584085,0.3781008035934143
,nhefs,r,40,82,-0.1791499272084231,0.0284244543335452,1.7155106625616097,0.1199843202577012
,nhefs,r_log,40,82,0.118947847413932,0.0144519117246389,1.742118948915635,0.2544034977172187
,nhefs,dr_diff,40,82,-0.0137608764721675,-0.0087367178276269,9.06182446630274,1.0078409364278684
,nhefs,s,41,83,-0.3729513939718376,-0.029288348828706,2.010612517836108,0.1371386074504868
,nhefs,t,41,83,-0.2010389077576575,0.0115329591724441,3.6655186507928,0.2440898187352499
,nhefs,q,41,83,0.0519740909589101,0.0060049627791563,3.7897275737708007,0.922438174203272
,nhefs,drt_log,41,83,0.35674669967376,0.0288431186700603,4.579343638617354,1.6298260267723412
,nhefs,drs_log,41,83,0.3334057973674869,0.0434740164077004,4.255003198674536,1.0295241556150407
,nhefs,drq_log,41,83,0.5305604886210411,0.0317556807491737,7.283929157513495,2.0705424672762254
,nhefs,drt_direct,41,83,-0.5466903362034042,0.0304890715911067,4.392780359293954,1.0768413295088728
,nhefs,drs_direct,41,83,-0.3281768801595635,0.0266320195103249,2.347873613142479,0.355616782206856
,nhefs,drq_direct,41,83,-0.4303545766648474,0.0290932455794701,3.4613779910129483,0.6665165793315084
,nhefs,x,41,83,-0.4398831013564853,-0.0090818148578082,2.0879047972194207,0.1171490172130195
,nhefs,x_log,41,83,-0.0221602932152129,-0.0096044331320532,2.722035066775502,0.2731451912615588
,nhefs,r,41,83,0.1785265447857178,0.0383051292701022,1.8501971316610284,0.1060424322984999
,nhefs,r_log,41,83,-0.7853175458418032,-0.0083354810310368,2.6063907786667126,0.3486620312759807
,nhefs,dr_diff,41,83,0.7093555995795295,0.0629220758474531,9.833256422907668,1.3621679802664892
,nhefs,s,42,84,-0.5617172184017485,-0.0271412679031726,2.0553708170181046,0.0719019525545037
,nhefs,t,42,84,0.8419621824448851,-0.0085751497180068,2.7544046319995603,0.1034012192172795
,nhefs,q,42,84,-0.6124717612653927,-0.0350173847316704,3.787794969182236,0.4354867258406253
,nhefs,drt_log,42,84,0.2767466695812484,0.0051934802410993,6.880351858870709,1.9114566512681843
,nhefs,drs_log,42,84,0.2766863482047079,-0.0043128864081244,6.969328191866994,1.306531627780935
,nhefs,drq_log,42,84,-0.0460921719428186,-0.017529546291451,8.130326106677323,1.2726710299430402
,nhefs,drt_direct,42,84,-0.5124985510920665,0.0246976374595422,2.5585346518695005,0.8459112844804582
,nhefs,drs_direct,42,84,0.0541765582897006,0.0386176715700525,2.431337981155036,0.5843264475325737
,nhefs,drq_direct,42,84,0.0793801668355396,0.0409918406108882,1.969168583958248,0.594191039294131
,nhefs,x,42,84,-0.4204701981497001,-0.0040246525960811,3.110037049124409,0.0703236675203412
,nhefs,x_log,42,84,0.6402132649435499,0.0009140841521794,3.760224302244772,0.3045020027147246
,nhefs,r,42,84,-0.0450419149712382,0.0145153400391495,3.1737094181119514,0.1728295695358971
,nhefs,r_log,42,84,-0.4084215383273997,-0.0443753706610849,2.254506389398884,0.4265013650107407
,nhefs,dr_diff,42,84,-0.6768328499350393,0.0102805977091691,16.624056437907083,1.3382392261807328
,nhefs,s,43,85,-0.2405794580518898,-0.0095543988546441,1.9945256179276136,0.0919000914770586
,nhefs,t,43,85,-0.3984994924051663,-0.027141234661073,4.5485352089187945,0.2485358256971946
,nhefs,q,43,85,0.0058780731624021,0.0342508018600934,5.476832523636368,0.917472911294471
,nhefs,drt_log,43,85,0.6443590832871873,0.0305434891180093,7.864647524032437,2.4532451926139185
,nhefs,drs_log,43,85,0.021422503800889,0.0045507178821274,7.82858982486434,0.8639777292661419
,nhefs,drq_log,43,85,0.0578054600569424,0.0398270867784646,9.429541741617331,0.937369069456485
,nhefs,drt_direct,43,85,-0.4039979425183739,0.0241533948185224,2.5368152125878884,0.8765498078374384
,nhefs,drs_direct,43,85,0.0504317345096563,0.0436968062476646,2.116319241776183,0.6144584133155035
,nhefs,drq_direct,43,85,-0.2634047028295996,0.0234031423297041,2.401415259273512,0.7842168938145259
,nhefs,x,43,85,0.1758784595608178,-0.0112804235153102,3.666182021000232,0.1192990110788049
,nhefs,x_log,43,85,-0.2586221292891348,-0.0045273372325745,3.4962110922416287,0.2477039492498555
,nhefs,r,43,85,0.4412319407364491,0.0237899588988897,2.3281131314277657,0.0982808347349664
,nhefs,r_log,43,85,-0.0790891577015611,0.003864614200785,2.6097008261331847,0.219082991289977
,nhefs,dr_diff,43,85,-0.4433354111883296,0.0076203160087159,7.580643159024357,1.3533473399347224
,nhefs,s,44,86,0.3413453047600523,-0.0138247047070576,1.7346256663249855,0.2021415122576227
,nhefs,t,44,86,0.4108049066620229,0.0053503849092084,4.063357900912624,0.0952086547856964
,nhefs,q,44,86,0.2063937915045997,0.0226764412058529,2.4596890718662805,0.4930510542486761
,nhefs,drt_log,44,86,0.580455481004925,0.0262283304930363,6.149236031896463,1.4979596308218368
,nhefs,drs_log,44,86,-0.0223197414788363,-0.0286460598225304,7.284402159655553,1.004846313764936
,nhefs,drq_log,44,86,1.119265770921086,0.0101026914262208,6.883229968908212,0.7672393328660818
,nhefs,drt_direct,44,86,-0.2826147161753793,-0.0107657048833519,3.571803767778099,0.9773695773329336
,nhefs,drs_direct,44,86,-0.4638678435187944,0.0158147734618323,1.7452771448675597,0.6950908488605738
,nhefs,drq_direct,44,86,0.0048761409373365,0.0256896045131339,4.146415294585533,0.9722332945855728
,nhefs,x,44,86,-0.1925386128892827,-0.0378971028971028,4.23286460166047,0.2209514152153457
,nhefs,x_log,44,86,0.4032056335044158,-0.0116383616383616,2.8568698830683807,0.219976441565333
,nhefs,r,44,86,-0.1093394866102857,-0.0213157430804489,5.389432324212913,0.1538259495621722
,nhefs,r_log,44,86,-0.3373740710047048,-0.0540374331550802,4.004176577859544,0.4860675634593476
,nhefs,dr_diff,44,86,-0.4892506198559658,-0.0109724099429981,5.432349204852091,1.1013364972135655
,nhefs,s,45,87,-0.1791589842808421,-0.0274688597124032,1.6992763991032571,0.1785349217449249
,nhefs,t,45,87,-0.0654359765539218,0.0033253794731214,4.760953179325056,0.2677691940834334
,nhefs,q,45,87,0.2661643885947458,0.0428963149580665,3.1759834419224906,0.8301758352091788
,nhefs,drt_log,45,87,0.1647458085873951,0.0101039920979323,6.863335832641697,0.9877688727120656
,nhefs,drs_log,45,87,-3.317429120297533e-07,-0.0293137853345615,5.330785801088209,1.0035675771483703
,nhefs,drq_log,45,87,0.4210953099985637,0.0012611492773085,5.672207708428287,1.429112874894227
,nhefs,drt_direct,45,87,-0.0285679885995369,0.0279064330081499,4.462631712756656,1.4553885066296433
,nhefs,drs_direct,45,87,0.1119572072663277,0.0378929299431391,2.5665768907147988,0.4818075733276239
,nhefs,drq_direct,45,87,-0.0856513925868538,0.0286681538535528,2.9845490778033725,0.7676103292274012
,nhefs,x,45,87,-0.1303098340136184,-0.0148675774761476,5.339533869159373,0.1449034557634812
,nhefs,x_log,45,87,-0.069520221194405,0.0080632165410696,2.8069111622782894,0.338097213731487
,nhefs,r,45,87,-0.2657619048267976,0.0055000018497349,6.621765454322843,0.1257710150450985
,nhefs,r_log,45,87,-0.1178238356790069,0.0099426212223788,3.06429112030194,0.6409950600938351
,nhefs,dr_diff,45,87,-0.2484894190198463,0.0045416171862572,9.139856977722603,1.34181344032687
,nhefs,s,46,88,0.0769132184308198,0.009917412045319,2.1708050389912104,0.1433567832632262
,nhefs,t,46,88,-0.1181017444857306,0.0066991651759093,5.906012133312668,0.0724850930596309
,nhefs,q,46,88,0.0213600253049168,0.0051948419797257,5.8519997444599525,0.2786252760227455
,nhefs,drt_log,46,88,0.6986541589094903,0.0323977340488968,7.719524401889759,0.8066713193158249
,nhefs,drs_log,46,88,1.2212062428077242,0.0312564102564102,6.677037807071736,0.9285168479137456
,nhefs,drq_log,46,88,0.123976547606325,-0.0023953488372092,15.326031614187038,1.553040534690387
,nhefs,drt_direct,46,88,0.6209306832834023,0.0399980620155038,2.560193506605402,0.7311343708726178
,nhefs,drs_direct,46,88,0.7211628198380557,0.0229320214669051,1.920309577799424,0.3007909517626116
,nhefs,drq_direct,46,88,0.3682764846056572,0.0264406678592725,2.2159601147415406,0.4450268338446771
,nhefs,x,46,88,0.4074500562954291,-0.0085229576624925,2.151443388446597,0.1057437159905134
,nhefs,x_log,46,88,0.6158907738301616,0.0290675313059034,4.346405129150862,0.3160708513596907
,nhefs,r,46,88,0.1940808443551938,0.021543381037567,1.3833831402642034,0.1033476544957562
,nhefs,r_log,46,88,0.1540434456042967,-0.027445587358378,3.2891282499768866,0.2537044384870328
,nhefs,dr_diff,46,88,0.3328795861797275,0.0415147584973166,8.135567913627412,1.1118096909298307
,nhefs,s,47,89,0.1046826029468608,0.0012841599798748,2.247587731033852,0.1713282443522849
,nhefs,t,47,89,-0.3178922623803735,-0.0224396523978114,4.228076506180395,0.1603905326355575
,nhefs,q,47,89,-0.0363893027377302,-0.0018292398699266,3.770668550505211,0.6501004902494151
,nhefs,drt_log,47,89,-0.1287357516137754,-0.0118425209667454,9.81384652379055,0.9619263142465988
,nhefs,drs_log,47,89,-0.088893101624875,-0.0098243121760651,7.228791389378335,0.5692365829355488
,nhefs,drq_log,47,89,0.4666606353331297,0.0004204817449659,5.978467005554295,0.7331921659339473
,nhefs,drt_direct,47,89,-0.3570096377649254,0.0252867644066605,2.862656286335147,0.8693395708051455
,nhefs,drs_direct,47,89,-0.1788753693783968,0.0203221498359284,2.7358161010551645,0.6220391583063924
,nhefs,drq_direct,47,89,-0.4276986668582803,0.0075639360879585,2.3155054423803647,0.4791478477226444
,nhefs,x,47,89,-0.2348226986617154,-0.0204434184581349,2.8610455986241647,0.2266446691873191
,nhefs,x_log,47,89,-0.2576174366538637,-0.0295536589606709,3.3581895737139686,0.2873735474790232
,nhefs,r,47,89,-0.3675318639344294,-0.0098960818914649,5.707411141274582,0.2460323273911784
,nhefs,r_log,47,89,-0.4908807408530474,-0.0129423733578978,2.4086762487106026,0.2979150516745095
,nhefs,dr_diff,47,89,-0.3697050194885487,0.0025461231405539,10.500348981870005,1.7817805783156178
,nhefs,s,48,90,0.0407275657840198,0.0107676147382029,1.945319906896387,0.0837965396764491
,nhefs,t,48,90,0.0831284428033722,-0.0020440099116569,3.887664429331713,0.1923264365286993
,nhefs,q,48,90,0.0425088942834033,0.0029009103641456,3.63134297544184,0.529421264478418
,nhefs,drt_log,48,90,0.4151879706876262,0.0144906808877397,6.997611053542441,1.2124495308087613
,nhefs,drs_log,48,90,0.3305203820513172,0.0156307907778496,5.678185982545101,2.654782524142742
,nhefs,drq_log,48,90,0.5320831010411236,0.0366669360051713,5.715903025983217,0.9261816515702384
,nhefs,drt_direct,48,90,0.2360758862793068,0.0207016268045679,5.946500001647354,1.2930126318200397
,nhefs,drs_direct,48,90,-0.066935944940444,0.0195500700280112,2.412804457837834,0.8727135416228958
,nhefs,drq_direct,48,90,-0.0542060355926463,0.0076840928679164,3.5049194557928085,0.5718980566285159
,nhefs,x,48,90,0.1581663509378352,0.0032929325576384,5.888950144278571,0.1590111562834944
,nhefs,x_log,48,90,0.0427695799942271,0.0202394419306184,2.758770365878353,0.2232114484555988
,nhefs,r,48,90,-0.1932286125067759,0.0026276664511958,8.130902715653368,0.0669997077026618
,nhefs,r_log,48,90,0.0791917677540214,-0.0007479530273647,1.988052996865018,0.1855465736415837
,nhefs,dr_diff,48,90,0.0468271535790592,0.0168055106658047,47.65457319777676,1.817431909495688
,nhefs,s,49,91,0.1330558283432108,0.0177125887295378,1.662199904949068,0.0808705351804089
,nhefs,t,49,91,-0.0885629784285099,-0.0041732580037664,4.826165456714243,0.2552085662583646
,nhefs,q,49,91,1.1245910233350205,0.0748926553672316,2.5213040231520045,0.8632414774972615
,nhefs,drt_log,49,91,0.319861851629758,0.0326844850065189,3.6431909684546793,1.360459663886942
,nhefs,drs_log,49,91,0.4025929383709505,0.0234642908880197,4.276423848360426,0.8797251314815383
,nhefs,drq_log,49,91,0.7633219671048872,0.0310775025351296,7.816551751465696,1.696463650817916
,nhefs,drt_direct,49,91,-0.0798044695297289,0.0091986093003042,6.540839917182512,1.4052744095396592
,nhefs,drs_direct,49,91,-0.0257695039434517,0.0161151673185571,2.942485129823672,0.4548194207900475
,nhefs,drq_direct,49,91,0.3179513384494659,0.0162031001014051,5.415447957019564,0.7947577087538744
,nhefs,x,49,91,0.192384060576531,0.0192695929306098,7.502505917472795,0.1803979840524837
,nhefs,x_log,49,91,0.1569768881904363,-0.0054350282485875,2.779894834230772,0.3355436582540535
,nhefs,r,49,91,-0.1582390992509448,0.0212000579458206,2.9770877431791885,0.2390655112718351
,nhefs,r_log,49,91,-0.400829454349223,-0.0135616398667246,3.3581321948484657,0.3038482901583328
,nhefs,dr_diff,49,91,-0.3824517747206526,-0.0312862523540489,35.45694531184336,1.3455236942788191
,jtpa,s,25,67,0.0359578755885479,-0.0104227750850495,1.1911664116189502,0.0611138056744563
,jtpa,t,25,67,-0.0346993789631451,-0.0078315583086663,1.4508947719299237,0.1339876070643718
,jtpa,q,25,67,0.0135542535733523,-0.0018621017519111,1.4011244192435963,0.1729703112010973
,jtpa,drt_log,25,67,-0.0227617432274829,-0.0096859130095157,1.5464940888731045,0.1859099096560239
,jtpa,drs_log,25,67,-0.0216474479582811,-0.0040635607223044,1.6068607443341705,0.1872243922424395
,jtpa,drq_log,25,67,-0.0432098062957972,-0.0172200399966126,1.5730751200327204,0.2181835346527366
,jtpa,drt_direct,25,67,-0.0578287454293819,-0.0084262390419218,1.6828469077087342,0.3109556303490063
,jtpa,drs_direct,25,67,0.0904511636309319,-0.0029624919607381,1.5871330376207518,0.272638966331984
,jtpa,drq_direct,25,67,-0.0125684864096464,-0.015400011401996,1.6705888012832462,0.3142007017428596
,jtpa,x,25,67,-0.0344550767306184,-0.0081945349373927,1.3763872633017895,0.1336479385741414
,jtpa,x_log,25,67,-0.0166989343519479,-0.0047272777000012,1.3356363730364833,0.1075345674680638
,jtpa,r,25,67,-0.037000281646442,-0.0082536614243819,1.4592797983002035,0.1379938159169899
,jtpa,r_log,25,67,-0.0279361357816119,-0.0074249897194929,1.3340804578259862,0.0987993776560644
,jtpa,dr_diff,25,67,-0.0024168973373197,-0.006809302725904,1.8220374034487312,0.4010433415296027
,jtpa,s,26,68,0.0327965319639231,-0.0031428445316034,1.268300074299265,0.0539568010660711
,jtpa,t,26,68,0.0069442256030085,-0.0037339812889651,1.3405597011634374,0.1309431052180739
,jtpa,q,26,68,-0.0351284078969964,-0.0118663820890903,1.4427387780981298,0.1853489445207511
,jtpa,drt_log,26,68,-0.0025855334066902,-0.008747875849044,1.471898804466674,0.1805346787842537
,jtpa,drs_log,26,68,0.0177605530405216,-0.0089691781345017,1.4831909327644377,0.1724403730152849
,jtpa,drq_log,26,68,0.0125898407603499,-0.0038401901233601,1.4679177728351376,0.146859108925955
,jtpa,drt_direct,26,68,0.0374097440887442,0.0031391339770498,1.549485658457062,0.2899133302378405
,jtpa,drs_direct,26,68,0.0777049044806204,0.0071265539259525,1.512042251797877,0.2533380128901923
,jtpa,drq_direct,26,68,0.0347177798834732,0.0052515299115625,1.55027412732049,0.2831283400627273
,jtpa,x,26,68,0.0320101775754306,-0.0028588790338526,1.2576115381898636,0.0820222397487845
,jtpa,x_log,26,68,0.0225963898286472,0.0005461166915987,1.210996831875865,0.0759216420971064
,jtpa,r,26,68,0.0316170059237541,0.0009704389974075,1.3565354574580346,0.108857606165582
,jtpa,r_log,26,68,0.0092659983255909,0.0021390530010157,1.228505711010618,0.0915608167154902
,jtpa,dr_diff,26,68,0.0766598385113241,0.0088536034950192,1.7771113240724583,0.4002693988128088
,jtpa,s,27,69,0.0389150658658867,0.0021057951499854,1.1824313987393114,0.0625708302076742
,jtpa,t,27,69,0.0287965645735794,-0.0035396653919729,1.342479477882671,0.115903627906768
,jtpa,q,27,69,-0.0076966101736635,-0.0012505200453925,1.461007378185368,0.1772293449476821
,jtpa,drt_log,27,69,0.0727958904507908,-0.001961430953803,1.4539300609700787,0.155043941002886
,jtpa,drs_log,27,69,0.0135943746983768,-0.0012148814206261,1.448296982383588,0.1643939181982309
,jtpa,drq_log,27,69,0.0462976023424548,-0.0156889043855543,1.4449810244309105,0.1856555914002743
,jtpa,drt_direct,27,69,0.0633369729284012,0.0066552538066977,1.7604503383767445,0.3457727808923857
,jtpa,drs_direct,27,69,0.0752779344527472,0.0078187204913978,1.707390185113986,0.3108159814747898
,jtpa,drq_direct,27,69,0.0414974233016127,0.0047711750767731,1.7893521598913955,0.3683924397184702
,jtpa,x,27,69,0.0402720138819741,-0.0009990891399598,1.3428305700717844,0.101800327673245
,jtpa,x_log,27,69,0.0183589238281063,-0.0009126984217022,1.2506130995992686,0.0926042714660125
,jtpa,r,27,69,0.0373738032231221,0.0031693891146319,1.375735997617932,0.1272811212555539
,jtpa,r_log,27,69,0.0176366078365817,-0.0032132330962802,1.2459358613720126,0.1199796043095485
,jtpa,dr_diff,27,69,0.0200127297689374,0.0060141188888407,1.9878578510478937,0.4490980150126017
,jtpa,s,28,70,0.0851209243413053,-0.0101354213029468,1.2177376721393982,0.0517684693064287
,jtpa,t,28,70,-0.0203651626766314,-0.0147851139022538,1.35521816886016,0.1353986876281377
,jtpa,q,28,70,-0.0318153470792821,-0.0139291181367773,1.47470099430841,0.2169292812941356
,jtpa,drt_log,28,70,-0.0017583626271422,-0.0089866301935102,1.4132362273944956,0.1876649144779562
,jtpa,drs_log,28,70,0.0424729853829008,-0.0100387380888514,1.4151938063569718,0.1398512543751369
,jtpa,drq_log,28,70,0.0233713416976846,-0.0135251005454235,1.4259007673680992,0.1477194777582974
,jtpa,drt_direct,28,70,0.100987841661231,0.0097554731995007,1.66311186553997,0.3273305172671411
,jtpa,drs_direct,28,70,0.0924143371083541,0.0063047845046124,1.632139028720475,0.29887783338405
,jtpa,drq_direct,28,70,0.1028156977739049,0.0067190344884329,1.7022884125471551,0.3353733940905458
,jtpa,x,28,70,0.0243952009772272,-0.0050761615372926,1.3557483275188964,0.1010967880468636
,jtpa,x_log,28,70,0.0458177005882698,-0.0028312925246363,1.2239070855617555,0.0827599807280243
,jtpa,r,28,70,0.017679814084585,-0.0091809680881831,1.345248843570777,0.0996399184852851
,jtpa,r_log,28,70,0.0186319094355031,-0.0119674558418262,1.270819036896597,0.0813040007720129
,jtpa,dr_diff,28,70,0.0207932732414031,-0.0203501315284176,1.9390963977567703,0.4409707755568951
,jtpa,s,29,71,0.0392451905722497,-0.0093993511257357,1.162629671621124,0.0730105793277159
,jtpa,t,29,71,-0.0489429008166109,-0.0173481572532096,1.351054066474416,0.1289461575889441
,jtpa,q,29,71,0.0415193290057231,-0.0016628299982842,1.3651395905316313,0.1434962650969639
,jtpa,drt_log,29,71,-0.1107962856334492,-0.020781840688334,1.5826138922285835,0.1835291977764385
,jtpa,drs_log,29,71,-0.0976757862097172,-0.0131716570487562,1.4872785742427843,0.1866577727244555
,jtpa,drq_log,29,71,-0.0799746429479977,-0.0144958110092926,1.549795730561682,0.2048891259016008
,jtpa,drt_direct,29,71,0.0622370093485011,0.0016850531867838,1.6893693960548195,0.3138931949857137
,jtpa,drs_direct,29,71,-0.0163799575556899,-0.0026448004057793,1.6529810190806855,0.2943392589029059
,jtpa,drq_direct,29,71,0.0562657243912374,0.0035053866866928,1.7011114744351343,0.3269487918187282
,jtpa,x,29,71,-0.0380509170243839,-0.0140699290378783,1.3156631762288666,0.1009574505059531
,jtpa,x_log,29,71,-0.0218244613454889,-0.0088541734719603,1.251604033649777,0.0648083600746159
,jtpa,r,29,71,-0.0456903011262368,-0.0141223543427965,1.3658355087894145,0.1225938490291476
,jtpa,r_log,29,71,0.0457574088868097,-0.0024923573651502,1.2306233102633917,0.0627338560917574
,jtpa,dr_diff,29,71,-0.0393961550283203,-0.0072269541251271,1.9948300068087124,0.429603448695449
,jtpa,s,30,72,-0.0267539667604868,-0.0153565236424891,1.2443319835147473,0.0918033896977335
,jtpa,t,30,72,-0.0469859747503185,-0.0209511156506947,1.4201135984219315,0.1180070267761309
,jtpa,q,30,72,-0.038800226814976,-0.0129089958548678,1.4517632855388476,0.1624344337143985
,jtpa,drt_log,30,72,-0.0756557753028743,-0.0165068690570777,1.6338419389102898,0.1973488253330968
,jtpa,drs_log,30,72,-0.0522903234499574,-0.0170830161102492,1.6556144747087698,0.2251764458990927
,jtpa,drq_log,30,72,-0.0627862789757314,-0.0046757841688002,1.5824518936679994,0.2324275187752674
,jtpa,drt_direct,30,72,0.001574193227432,-0.0096427896018613,1.8228418235467232,0.3488690516592735
,jtpa,drs_direct,30,72,0.0080215363726261,0.010278068279349,1.6600907375688294,0.2968458184251713
,jtpa,drq_direct,30,72,0.0087938444446926,-0.0011266172837268,1.7981039911733971,0.3534389072732189
,jtpa,x,30,72,-0.0524621422650972,-0.0194236738453974,1.415732231247478,0.1389406104346305
,jtpa,x_log,30,72,-0.0341128589821893,-0.0190212137916154,1.3094727395977797,0.1291734300389544
,jtpa,r,30,72,-0.0662292631587702,-0.0131919319507231,1.4864157650852343,0.1329814628838696
,jtpa,r_log,30,72,-0.019248289960972,-0.0232219756120594,1.3316632475263657,0.1209350105070506
,jtpa,dr_diff,30,72,-0.0188195644351498,-0.0118403489223886,1.9582577862857824,0.4310115872044779
,jtpa,s,31,73,-0.0573535672642746,-0.0104115305587572,1.215162445733272,0.0779671742153148
,jtpa,t,31,73,0.0229740796472497,-0.0029667705419659,1.342094308105728,0.1359178894999098
,jtpa,q,31,73,0.0738609607657023,0.0035297085337225,1.4538963130692344,0.1330442180013075
,jtpa,drt_log,31,73,0.0001324339550872,-0.0081771790717736,1.4427778062255372,0.1557684073628661
,jtpa,drs_log,31,73,-0.0271536960073963,-0.0043120049810529,1.4199270604581606,0.1342066816136968
,jtpa,drq_log,31,73,-0.0489354071559324,-0.0166511514808851,1.4965727805322295,0.1573524233586249
,jtpa,drt_direct,31,73,-0.0164905582436194,-0.0018155577540246,1.6980278845966388,0.3214552477553991
,jtpa,drs_direct,31,73,-0.056443651513542,-0.0021886392921509,1.6868008669665098,0.2931091192194106
,jtpa,drq_direct,31,73,-0.0298498945640244,-0.0006319988723119,1.7348623071007798,0.331110884996216
,jtpa,x,31,73,0.0169681886433246,-0.0036335768345377,1.261769878602781,0.0880960687428646
,jtpa,x_log,31,73,0.037020147120323,0.0016632462196028,1.2161973859399111,0.0781615071541933
,jtpa,r,31,73,0.0326502835597897,-0.0032376553494314,1.3527433158053197,0.0901389977150746
,jtpa,r_log,31,73,-0.0081670856269466,-0.0067395156858851,1.2673547843488453,0.097471607229913
,jtpa,dr_diff,31,73,-0.0446092371905273,0.0049981611113257,1.891030506118924,0.4260706996031566
,jtpa,s,32,74,-0.0136672537050586,-0.0087598766541447,1.2307579430846802,0.0591887512630793
,jtpa,t,32,74,0.0066191312974985,-0.012729144167105,1.450347233735377,0.1409080257652491
,jtpa,q,32,74,0.114705364089428,0.0064652239358941,1.399953250632083,0.1523110138378616
,jtpa,drt_log,32,74,0.0039987494024249,-0.0140163674265646,1.540103289750047,0.1873922824371515
,jtpa,drs_log,32,74,-0.0223054371025612,-0.0104025729239554,1.5246649384657571,0.1671080874299212
,jtpa,drq_log,32,74,-0.0054832045267161,-0.0147024741915741,1.5677764954146676,0.1969592858068974
,jtpa,drt_direct,32,74,0.0042021272258183,0.0007479430103213,1.7157121046026709,0.3295413846946551
,jtpa,drs_direct,32,74,-0.0160961739179554,0.0057872960692227,1.6641374752045943,0.2943131776971114
,jtpa,drq_direct,32,74,0.0402801420906213,0.0032188389503994,1.6965692706508122,0.3235006354522864
,jtpa,x,32,74,-0.0240339624754641,-0.0090940728167904,1.373037030317914,0.1014348004401349
,jtpa,x_log,32,74,-0.0102988650493407,-0.0041175742988172,1.2889492726782066,0.0869656187816631
,jtpa,r,32,74,-0.0123526376914218,-0.0096351358965926,1.4304524008837092,0.1397784023629451
,jtpa,r_log,32,74,0.0144721419982942,-0.0030315571438219,1.247475658901826,0.0722288748393805
,jtpa,dr_diff,32,74,0.0063188682704333,-0.001749493682598,1.949667586768337,0.428128931115232
,jtpa,s,33,75,0.0461300069566621,-0.0235106191696882,1.124471909375954,0.0583591066372628
,jtpa,t,33,75,-0.0047140555122149,-0.0319952640457896,1.3749209099618231,0.1023205053801225
,jtpa,q,33,75,0.0002360053096277,-0.0281672541651335,1.454284420484622,0.1595904568405412
,jtpa,drt_log,33,75,-0.0329026801178475,-0.0161099824426439,1.5252191227850764,0.1801148629692213
,jtpa,drs_log,33,75,-0.0406780108549822,-0.0232293021381471,1.5948807661181297,0.1790612930714514
,jtpa,drq_log,33,75,-0.0493711736207527,-0.0172007729038817,1.5430464117088738,0.1646563043796702
,jtpa,drt_direct,33,75,0.0183022814368913,-0.012982883000842,1.7091986720269827,0.3140754328015748
,jtpa,drs_direct,33,75,0.0330398153755122,-0.0076101428199137,1.6167423224318775,0.2757856697711579
,jtpa,drq_direct,33,75,-0.0296624834142431,-0.0213349135063557,1.6962909946217992,0.3236285679169213
,jtpa,x,33,75,0.0267958584558718,-0.0292780567252494,1.2663890083870326,0.1042483815025312
,jtpa,x_log,33,75,0.0180835772263805,-0.0255625307490979,1.2468809936741887,0.0755733169313644
,jtpa,r,33,75,0.0053404456158541,-0.0240572807364095,1.393118339152096,0.1134061865652219
,jtpa,r_log,33,75,0.0145074929924646,-0.0260009448636399,1.2520761136163416,0.1116652546444127
,jtpa,dr_diff,33,75,0.0273595677378886,-0.0151126055782717,1.897535280032004,0.4191441492204422
,jtpa,s,34,76,0.0907494129831032,-0.0117415436051,1.1800138983020902,0.0604702172154918
,jtpa,t,34,76,0.0997128233034154,-0.0048909391420111,1.3312312530640409,0.079038229654875
,jtpa,q,34,76,0.0302362131232383,0.0006048880379137,1.379065262043734,0.1784881552611013
,jtpa,drt_log,34,76,0.0089314767061974,-0.0100537679291752,1.4691584992565063,0.160519760623894
,jtpa,drs_log,34,76,0.0384646424098713,-0.0104642932871225,1.400384266387014,0.1218057195117496
,jtpa,drq_log,34,76,0.0683323756933746,-0.0068099682335505,1.3789002862115662,0.1492881625318589
,jtpa,drt_direct,34,76,0.0259243289733763,-0.0159790421544859,1.7032838370111076,0.3335951003782749
,jtpa,drs_direct,34,76,0.0220883915436107,-0.0168517956408503,1.6701218125393626,0.3105983610907436
,jtpa,drq_direct,34,76,0.0369321589796167,-0.0102321435554952,1.6873444202250307,0.3089380436654903
,jtpa,x,34,76,0.0822027100359277,-0.0035726088063935,1.296648044057633,0.0740975005303836
,jtpa,x_log,34,76,0.0698427401896912,-0.0033369786884291,1.2849848064573697,0.0822677903415324
,jtpa,r,34,76,0.0602255217677214,-0.0078736729609298,1.347721458135298,0.0925109722655291
,jtpa,r_log,34,76,0.0762398476523087,-0.0021842609440787,1.2187255628156666,0.0598281165894186
,jtpa,dr_diff,34,76,0.0348928513457982,0.0006450950456995,1.8697739028705112,0.4216396145046382
,jtpa,s,35,77,-0.0170363470591659,-0.0236706465988969,1.2736182671071286,0.0932987074450687
,jtpa,t,35,77,-0.0357344319868622,-0.0217610006273097,1.460448238471825,0.1593674346460325
,jtpa,q,35,77,-0.0465897046133318,-0.0256483461484473,1.5143301637346327,0.2247837093138489
,jtpa,drt_log,35,77,-0.0391254684675634,-0.0191061969381141,1.530450666740527,0.1964048590953714
,jtpa,drs_log,35,77,-0.0444253466046351,-0.027702556620492,1.5823890638301927,0.2186834830289887
,jtpa,drq_log,35,77,-0.0307807251232203,-0.0090663684287743,1.5458775472983972,0.2518590186718148
,jtpa,drt_direct,35,77,-0.0093805385401377,-0.0097305632797831,1.89881409638248,0.3660154892187665
,jtpa,drs_direct,35,77,0.0022666367461694,-0.0012939094623862,1.792650634452002,0.3318819520008816
,jtpa,drq_direct,35,77,-0.0365966515309603,-0.008450666293799,1.8925993344158711,0.3762966134378757
,jtpa,x,35,77,-0.0748039709951917,-0.0308230176646203,1.4590890936690062,0.1875388670059494
,jtpa,x_log,35,77,-0.0493662194214084,-0.0292909593905236,1.4542952807841747,0.1632302211374356
,jtpa,r,35,77,-0.0329641291244653,-0.0251374889355471,1.4637691044901406,0.1791994882459987
,jtpa,r_log,35,77,-0.055945861087767,-0.0335800143204437,1.378568731283506,0.1277991638055239
,jtpa,dr_diff,35,77,-0.0099791443897687,-0.0061977570559465,2.076027029138205,0.4649090450095444
,jtpa,s,36,78,-0.0691470842982286,-0.0140785769075972,1.230487538727945,0.1180840280672132
,jtpa,t,36,78,-0.0682411858218385,-0.0110480720909328,1.417641444324512,0.1108466200218929
,jtpa,q,36,78,-0.0863088907181366,-0.013678952662372,1.4801240727475873,0.2084627013493802
,jtpa,drt_log,36,78,-0.1130896773424772,-0.0122658725626592,1.4853050403832648,0.221503188901574
,jtpa,drs_log,36,78,-0.0919879258226881,-0.0024363557176817,1.5275697701484798,0.2196419905380598
,jtpa,drq_log,36,78,-0.065682904899248,-0.0009713091075727,1.463820354205006,0.2061533218081602
,jtpa,drt_direct,36,78,-0.0173599503039405,0.0045267675801371,1.5828038629796688,0.2998772531543137
,jtpa,drs_direct,36,78,0.0437546492129765,0.0076604519264489,1.51235615290309,0.2738027873440351
,jtpa,drq_direct,36,78,0.0038104409248067,0.0116675633842139,1.566145553700831,0.3062500035510507
,jtpa,x,36,78,-0.0595021998198661,-0.0032608068670333,1.3560951921211126,0.0831392780162751
,jtpa,x_log,36,78,-0.043456575071602,-0.0037817499227698,1.3006435420751672,0.0883331151819453
,jtpa,r,36,78,-0.0764273599029998,-0.0060887511949169,1.3734714525136995,0.1168102162208213
,jtpa,r_log,36,78,-0.0428371126777877,-0.0109130877930852,1.2700454386143258,0.090609113439382
,jtpa,dr_diff,36,78,-0.0320383108740922,-0.0035528839642934,1.7807940207959034,0.4176377146957796
,jtpa,s,37,79,-0.0534072071979763,-0.0113011789154036,1.2276234044031389,0.100250913153528
,jtpa,t,37,79,-0.0519251174700876,-0.0077676108811092,1.3857327523299348,0.1439016597796883
,jtpa,q,37,79,-0.019956472498223,-0.0018024460607188,1.4035778195278146,0.1854956100065284
,jtpa,drt_log,37,79,-0.0097551439290779,-0.0093297373206017,1.4983888232938318,0.1956052155750955
,jtpa,drs_log,37,79,-0.0200896827422616,-0.008130623606703,1.4926267634996249,0.1727604484967752
,jtpa,drq_log,37,79,-0.0579199387475812,-0.0134305688494765,1.5445233905630291,0.2189809892808552
,jtpa,drt_direct,37,79,0.0067489168163858,-0.0027974461248464,1.7648467293803494,0.3412130077047364
,jtpa,drs_direct,37,79,-0.0030790012782559,0.0008166557289289,1.660990285298385,0.3073503618437212
,jtpa,drq_direct,37,79,0.122087796106534,-0.0021774918097977,1.761598453517574,0.3600604236990897
,jtpa,x,37,79,-0.0560978321184217,-0.0100813030127906,1.3710717083251438,0.1324017432085329
,jtpa,x_log,37,79,-0.03808222251681,-0.0096668189179516,1.334647962710152,0.1268991374005593
,jtpa,r,37,79,-0.0367640397603965,-0.0123383590597488,1.4327050403484924,0.1504664786112856
,jtpa,r_log,37,79,-0.0357050165202827,-0.0042377983536721,1.299915145270281,0.1262151475470444
,jtpa,dr_diff,37,79,-0.0103289339590026,-0.011537872025812,2.0050868636249595,0.4573578411877776
,jtpa,s,38,80,-0.0160091511641387,-0.0287651752989504,1.293294513780978,0.1139664057459842
,jtpa,t,38,80,-0.0933274801660575,-0.0272667984235693,1.4636527896220133,0.1462935735738654
,jtpa,q,38,80,-0.1248637081206112,-0.0233612973396591,1.6015734978263318,0.2112873351229499
,jtpa,drt_log,38,80,-0.0492612442097113,-0.0088160478862352,1.4958834931702965,0.1654660509716204
,jtpa,drs_log,38,80,-0.0772926549276051,-0.0160770138067125,1.531699849320028,0.1695089784514339
,jtpa,drq_log,38,80,-0.0596564010326252,-0.0071647998790332,1.5757168674251985,0.232761465796043
,jtpa,drt_direct,38,80,-0.0273985443895892,-0.0088752049230003,1.5658618289241,0.2712544384598406
,jtpa,drs_direct,38,80,-0.0401356128370489,-0.0087506583029473,1.5197427130729424,0.2397119123201325
,jtpa,drq_direct,38,80,-0.0527412399559081,-0.0140313867496331,1.5721054315716336,0.2938503394402221
,jtpa,x,38,80,-0.1127535669789643,-0.0283040597577186,1.4557515240467256,0.1428287758725086
,jtpa,x_log,38,80,-0.1032772191143274,-0.0305820959320653,1.408553889521064,0.1306143039624145
,jtpa,r,38,80,-0.1091719976337097,-0.0166125554717502,1.5561542696300203,0.166286126053364
,jtpa,r_log,38,80,-0.0848850438596764,-0.0267970306604571,1.3975736428040817,0.1110069939670186
,jtpa,dr_diff,38,80,-0.031431192789513,-0.0136330800871483,1.7807928646685511,0.3934426557434814
,jtpa,s,39,81,-0.0031424856721835,0.0006447139018668,1.1952214759285107,0.059154767403199
,jtpa,t,39,81,0.0034992422108277,-0.0009420984993826,1.3404265166708664,0.1290841520151386
,jtpa,q,39,81,-0.0234788755610806,0.0056462188313801,1.41054406545114,0.1634637505046544
,jtpa,drt_log,39,81,-0.0710020779884228,-0.010369446882382,1.5914422945613895,0.2185700058855758
,jtpa,drs_log,39,81,-0.0347314521441532,-0.0045934494298075,1.463295784856636,0.1736304195274924
,jtpa,drq_log,39,81,-0.0588950302325739,-0.007144645193645,1.522613679018542,0.198491568898262
,jtpa,drt_direct,39,81,0.0612850527018311,0.0139507166748041,1.649311975376501,0.3088207401381332
,jtpa,drs_direct,39,81,0.0291495672678889,0.0064387689094652,1.597969874409044,0.2721531250109636
,jtpa,drq_direct,39,81,0.0305473245802532,0.0105813615879999,1.636712418625796,0.3119791005420548
,jtpa,x,39,81,0.015587698517175,-0.0002608745790073,1.323294512978013,0.085256495546265
,jtpa,x_log,39,81,0.0255290667755323,0.0064099080890763,1.2850926859019571,0.0756839517731127
,jtpa,r,39,81,-0.0504778789353839,-0.0044036083194943,1.4588286754856028,0.177366254861059
,jtpa,r_log,39,81,0.0457006307834655,0.0131964415147681,1.2638730731545056,0.09695062339928
,jtpa,dr_diff,39,81,0.035369095692862,-0.0005646258159711,1.85949951720128,0.4137996109395642
,jtpa,s,40,82,0.006785931648779,-0.0200272144863695,1.1776513234770167,0.1103948222375622
,jtpa,t,40,82,-0.0202786533745096,-0.0149821470769008,1.3723324206573648,0.1101334403394684
,jtpa,q,40,82,-0.0041157893115888,-0.0248383095771526,1.4088697125642031,0.1819382121131471
,jtpa,drt_log,40,82,-0.0913137717294012,-0.0266828620163974,1.5817884202038546,0.2042186336684905
,jtpa,drs_log,40,82,-0.086270921097612,-0.0220140274235199,1.61782964461887,0.1944664668739315
,jtpa,drq_log,40,82,-0.0887335875638075,-0.028641652524334,1.5811783880270545,0.2102736018893573
,jtpa,drt_direct,40,82,0.027671595402489,-0.0106625672135787,1.6614000695482642,0.3054705593614189
,jtpa,drs_direct,40,82,0.0615652726654774,-0.0009779764580322,1.5881691114573075,0.283365174726313
,jtpa,drq_direct,40,82,0.048622102556459,-0.0112174747853095,1.66292446155925,0.3168518502979244
,jtpa,x,40,82,-0.0341886731455984,-0.0230460352043967,1.338744373213996,0.1033666490078363
,jtpa,x_log,40,82,-0.0143428490893,-0.0205898427075929,1.2570906346063488,0.0814813558532784
,jtpa,r,40,82,-0.0709271504335247,-0.0287191163957454,1.4712625192424855,0.1396102396128425
,jtpa,r_log,40,82,-0.0140940003048908,-0.0242543923212954,1.2514933768716148,0.1067687958147105
,jtpa,dr_diff,40,82,0.024631826969383,-0.0116179158277182,1.8884880500062888,0.4159362970518429
,jtpa,s,41,83,0.0839058630011,-0.0186265239024042,1.254997660005787,0.0762540303158441
,jtpa,t,41,83,-0.0536532195002887,-0.0239604306387894,1.4588710802649096,0.1617047023801005
,jtpa,q,41,83,-0.0147075536567855,0.0036714005508716,1.4508257508185816,0.1799193539417563
,jtpa,drt_log,41,83,-0.0054077872123687,-0.0212453303444211,1.53114131821273,0.196735344310404
,jtpa,drs_log,41,83,0.0036342494461703,-0.0188137438218206,1.4933483389185012,0.177019676464821
,jtpa,drq_log,41,83,0.0159599482704542,-0.013477264359943,1.5230543938157213,0.1764622031395026
,jtpa,drt_direct,41,83,0.0557076783671353,0.0024526534195616,1.722922975684415,0.3341466171195604
,jtpa,drs_direct,41,83,0.1102988714167285,0.0099966122027321,1.6386364461878096,0.3018177750351315
,jtpa,drq_direct,41,83,0.0675750761253848,0.0006100766617912,1.7627507574924182,0.349589837289888
,jtpa,x,41,83,-0.0324779111012798,-0.0195983153735726,1.370501732909008,0.1129757310910045
,jtpa,x_log,41,83,0.0005719719526644,-0.0158908908908908,1.337305535464178,0.1151505283575441
,jtpa,r,41,83,0.0155981544289993,-0.0090447817319326,1.383688648288154,0.1274583301342292
,jtpa,r_log,41,83,0.0095865956981091,-0.0084126824244283,1.304352980288657,0.0905393560219423
,jtpa,dr_diff,41,83,0.0223224577245848,-0.0082699611274171,1.9862909401126367,0.4437075177175075
,jtpa,s,42,84,-0.0479038774878495,-0.0173743753063874,1.2315899499392235,0.0897018915598189
,jtpa,t,42,84,-0.0879892296569238,-0.0257106683340709,1.421185743410054,0.1583800109460039
,jtpa,q,42,84,-0.1023679158815018,-0.0211073925013965,1.6072154217178043,0.2547342157452861
,jtpa,drt_log,42,84,-0.0191657979514507,-0.0128342311630649,1.4990907697410114,0.1566792593770274
,jtpa,drs_log,42,84,-0.0256556777977143,-0.017570955581719,1.4772641506013269,0.1945090417704832
,jtpa,drq_log,42,84,-0.0517685396744183,-0.0159109540841126,1.52282689776143,0.2006658382178516
,jtpa,drt_direct,42,84,-0.0315235208832231,-0.0139415692531555,1.8416126151189425,0.3724016084267511
,jtpa,drs_direct,42,84,-0.0327562518090838,-0.0146440888464077,1.7749930069781985,0.3414718868576043
,jtpa,drq_direct,42,84,-0.0476988090300687,-0.0093592531089583,1.8180510863937471,0.3695473007230425
,jtpa,x,42,84,-0.060658815409468,-0.0193269039681906,1.3863975712238248,0.1397935762841988
,jtpa,x_log,42,84,-0.0717122902023694,-0.0187019528735906,1.3407242259739032,0.121843481229553
,jtpa,r,42,84,-0.1101185497278063,-0.0245492525311621,1.548768116360242,0.1735535219572049
,jtpa,r_log,42,84,-0.0217441524559651,-0.0111064503437239,1.3069003387374758,0.125089799921551
,jtpa,dr_diff,42,84,-0.0718855248192849,-0.0202129872273345,2.007522430506108,0.4552035754013336
,jtpa,s,43,85,0.0472999856133939,-0.0279820055350508,1.1629756223589498,0.0565573119855779
,jtpa,t,43,85,0.0763654246089713,-0.0122698587692662,1.3125773498371418,0.1172302549645704
,jtpa,q,43,85,0.0091042149647695,-0.0170769740834857,1.445114303228126,0.149935813128428
,jtpa,drt_log,43,85,0.0808438210891622,-0.0014447844891052,1.3807227464927947,0.1408512505881927
,jtpa,drs_log,43,85,0.0425854603876718,-0.0017792618068988,1.3925318059555254,0.1310673753227564
,jtpa,drq_log,43,85,0.0617569647251219,-0.0015009228625286,1.420440026908708,0.1672591793475729
,jtpa,drt_direct,43,85,0.0458363973334092,-0.0189341608740963,1.6824216068101614,0.3120337149064258
,jtpa,drs_direct,43,85,0.0355456272805732,-0.0028406643489321,1.6094656144310373,0.2774834519817178
,jtpa,drq_direct,43,85,0.0346716571830141,-0.0153276188726178,1.6614945252353115,0.3152277244949358
,jtpa,x,43,85,0.0512283513085538,-0.0135720164700644,1.26200934209319,0.1063225947763985
,jtpa,x_log,43,85,0.0182886324100484,-0.0204202575314979,1.262776569724596,0.0837853988598986
,jtpa,r,43,85,0.0431330466077137,-0.007470235280536,1.3216068277466375,0.1207868875471404
,jtpa,r_log,43,85,0.0230681887632702,-0.0225213860550569,1.258904190143567,0.0767057716449768
,jtpa,dr_diff,43,85,0.0643960248684452,-0.0091836597249247,1.903635381929612,0.4261676995395098
,jtpa,s,44,86,-0.0416126654558617,-0.0298842246102163,1.2003262361310163,0.062836968056698
,jtpa,t,44,86,-0.0566757998181532,-0.0299964069662342,1.4350487353291388,0.1222360645603903
,jtpa,q,44,86,-0.0125436052395175,-0.0133854135879406,1.4810837091145712,0.1724644800346693
,jtpa,drt_log,44,86,-0.0122175761422924,-0.0239060711566597,1.544095209968353,0.1641352028679565
,jtpa,drs_log,44,86,-0.0676852657625795,-0.0351666793667762,1.5820969535782452,0.1618611932454113
,jtpa,drq_log,44,86,-0.0061673396992225,-0.0254703207776875,1.5516946411161476,0.1621930189869622
,jtpa,drt_direct,44,86,-0.0051580511760553,-0.0223425219093233,1.6764044383142866,0.3118161324876292
,jtpa,drs_direct,44,86,0.0059714670700445,-0.0169327683979064,1.6045646464348924,0.2830323870867472
,jtpa,drq_direct,44,86,-0.0130148051144107,-0.0186803116504175,1.6742169052067892,0.3134518075421067
,jtpa,x,44,86,-0.0462269282893397,-0.0313804796187053,1.3924922523461143,0.0942079067051761
,jtpa,x_log,44,86,-0.010425363141417,-0.0242188026009824,1.3391827237071157,0.1092725233217328
,jtpa,r,44,86,-0.0585118860137026,-0.028992219922195,1.4419955590605051,0.1339364132440962
,jtpa,r_log,44,86,0.0086149417482355,-0.029835426073269,1.3122628457175218,0.0967781398832082
,jtpa,dr_diff,44,86,-0.0196397453820762,-0.022339676641202,1.8885453655575053,0.4075033750748877
,jtpa,s,45,87,0.0424900078763625,-0.0054434153432971,1.165723878828728,0.0853582374129015
,jtpa,t,45,87,0.0252462656325496,-0.0033034872584668,1.317947246571629,0.1208404653376598
,jtpa,q,45,87,0.0564409648376875,-0.0033890507080826,1.4259445801649069,0.1474148818127154
,jtpa,drt_log,45,87,0.0185067875964641,0.0030842907181128,1.4520021390558746,0.1638971587915531
,jtpa,drs_log,45,87,-0.0265227307653075,-0.00344038314397,1.5044177769471438,0.1876551850411889
,jtpa,drq_log,45,87,-0.033435904299133,-0.0033728568589835,1.4630362448873644,0.17180370299795
,jtpa,drt_direct,45,87,0.0381696536307327,-0.0004023514538682,1.534177398266643,0.2915442145057357
,jtpa,drs_direct,45,87,0.0624158682442421,-0.005169401454874,1.5475868721983184,0.2791416298642217
,jtpa,drq_direct,45,87,0.0238068079156654,-0.0047933851614904,1.5865087826748765,0.3203497801560672
,jtpa,x,45,87,0.0557345726489735,0.0055335470941273,1.3233670217172449,0.0849099203486539
,jtpa,x_log,45,87,0.0319410300917251,-0.0011542898188157,1.2415614353878348,0.0743259273410197
,jtpa,r,45,87,-0.0158577876116545,0.0013177047754343,1.4442271097593913,0.1451207257301338
,jtpa,r_log,45,87,0.0568608949843147,0.0018762070397912,1.282847879363637,0.0925702738144457
,jtpa,dr_diff,45,87,0.0801397489361395,-0.0058927073953837,1.767510200484923,0.4125048120507461
,jtpa,s,46,88,0.1712175853345652,0.0097960444475399,1.161343831930341,0.0685472695977165
,jtpa,t,46,88,0.1192168739835857,0.0082107151749689,1.2510007540257806,0.0839725972146308
,jtpa,q,46,88,0.1163258300458947,-0.0012463698046768,1.3117483673966122,0.1194997929648801
,jtpa,drt_log,46,88,0.0688444804361398,-0.0037575369539986,1.430113636915361,0.1888261023115556
,jtpa,drs_log,46,88,0.0969883530291784,-0.0040152592443131,1.4016067024898329,0.1707275331512656
,jtpa,drq_log,46,88,0.0197453590689207,-0.0070010648959685,1.4803233254171853,0.1696505697096575
,jtpa,drt_direct,46,88,0.1933199075504683,0.0039859958561657,1.6152487515305716,0.3023894536034053
,jtpa,drs_direct,46,88,0.1908432168257678,0.001437811288434,1.562747539617268,0.2714041544578435
,jtpa,drq_direct,46,88,0.2650876176216412,0.0075969434543619,1.6171903200172757,0.3127476841946136
,jtpa,x,46,88,0.1082240615337895,0.004550776960953,1.2232424177283416,0.060327218890628
,jtpa,x_log,46,88,0.1990806275038881,0.0144134526963037,1.195208888619431,0.0508726389308076
,jtpa,r,46,88,0.1104605808910863,-0.0064167185753464,1.3191031832296027,0.1256590940458534
,jtpa,r_log,46,88,0.1975431910068514,0.0145251147823818,1.195725339628826,0.0522753869665697
,jtpa,dr_diff,46,88,0.1287412762643571,-0.0076036564932413,1.8486181293391304,0.4120976199560767
,jtpa,s,47,89,0.0077038408953729,-0.0103940348706273,1.213104184934416,0.0762993557543817
,jtpa,t,47,89,0.075263087730224,-0.011164104342679,1.3977337448405625,0.0993536516058741
,jtpa,q,47,89,0.038565467507555,-0.0005055275285594,1.4159180154278417,0.1568411040835832
,jtpa,drt_log,47,89,0.1392539615185761,-0.0215088439018218,1.4274983560008063,0.1622204192123365
,jtpa,drs_log,47,89,0.0262912549166844,-0.0140356321375743,1.4555884736718738,0.1565343019973522
,jtpa,drq_log,47,89,-0.0057240402172953,-0.0145453263205102,1.4673143551751264,0.1844526771507149
,jtpa,drt_direct,47,89,0.1215724035578691,0.0053216968646317,1.647525306503799,0.3170918312536094
,jtpa,drs_direct,47,89,0.0748641306197874,0.0128476173868752,1.5831195931439466,0.2818960184981699
,jtpa,drq_direct,47,89,0.1141908280745804,0.0101669531740036,1.6272901044624868,0.3062329337832701
,jtpa,x,47,89,0.0283822832383335,-0.0068908009538049,1.291437385659089,0.1177192495289024
,jtpa,x_log,47,89,0.0026964196303314,-0.008202724038479,1.272926611486392,0.0868100844854194
,jtpa,r,47,89,0.022628408169141,-0.014712240019589,1.3649505699446125,0.1045928337702853
,jtpa,r_log,47,89,0.0325787745165122,-0.0034913969184249,1.2687585509926205,0.0809935763897279
,jtpa,dr_diff,47,89,0.1137460587924918,0.0051372879227068,1.902789253610137,0.4369039005421026
,jtpa,s,48,90,0.0958254654714259,-0.0145752108208978,1.139901891109768,0.1008310769145148
,jtpa,t,48,90,0.002605392925155,-0.0215879389185684,1.3523069305102131,0.1387968091850665
,jtpa,q,48,90,0.082518279976651,-0.0195676994827681,1.372323823355749,0.1881070071381363
,jtpa,drt_log,48,90,-0.0440711037114534,-0.0110964131400338,1.4594113100294783,0.1895132362202284
,jtpa,drs_log,48,90,0.0218317976438537,-0.0070012688221424,1.451360487411845,0.159021825123835
,jtpa,drq_log,48,90,-0.0111482810187659,-0.0103167992524898,1.476085859009439,0.1909197495026467
,jtpa,drt_direct,48,90,0.1283869478216905,0.0055223446442868,1.6221400819544691,0.3058950372720566
,jtpa,drs_direct,48,90,0.1386085189237051,0.0181669709209869,1.5610342034235052,0.2703374203509095
,jtpa,drq_direct,48,90,0.1034920098088194,0.0140392337970924,1.6216756114832918,0.3143997608249517
,jtpa,x,48,90,0.018533552575678,-0.0176226703811594,1.256661022678626,0.0959123465015141
,jtpa,x_log,48,90,0.0339731757602259,-0.0170840210042064,1.238495939092979,0.1048296917289555
,jtpa,r,48,90,0.0045047767193184,-0.01261177652611,1.3379281081341388,0.1173027903246379
,jtpa,r_log,48,90,0.0900296803869946,-0.0160603676848303,1.2211328234595038,0.0787484491900462
,jtpa,dr_diff,48,90,0.0443579331324883,-0.0023209037591047,1.8731239496870424,0.4247385448772462
,jtpa,s,49,91,0.0671043588752617,-0.0180554972123453,1.1454307964543096,0.0872733693099776
,jtpa,t,49,91,0.0151779049055165,-0.0147897887199967,1.3047895588731642,0.141009691723207
,jtpa,q,49,91,0.029340595146394,-0.0082136991160883,1.3392144632740623,0.1569354523976297
,jtpa,drt_log,49,91,0.056187986289349,-0.0134178078887214,1.4092954021564512,0.159367482676533
,jtpa,drs_log,49,91,0.0462048726585919,-0.0093679984216781,1.4083304770312088,0.1405637835577333
,jtpa,drq_log,49,91,0.0312534342514534,-0.017399590364495,1.454344196450338,0.1484141479024119
,jtpa,drt_direct,49,91,0.1030086691461271,-0.0086130833040357,1.6775124564065813,0.3082153217385821
,jtpa,drs_direct,49,91,0.1188239559492914,-0.0059147163648668,1.620224124948622,0.2850255574177563
,jtpa,drq_direct,49,91,0.0819359134566171,-0.0054294217280682,1.697858613877767,0.3166825840923721
,jtpa,x,49,91,0.017927298512774,-0.0131874233603489,1.274302069357817,0.1139228794876941
,jtpa,x_log,49,91,0.1136914065656868,-0.0063537558785206,1.2476514784352473,0.0865869962167625
,jtpa,r,49,91,0.0443050116390646,-0.0093918419548138,1.3394468885600488,0.1102637955454013
,jtpa,r_log,49,91,0.1176583309573793,-0.0011208479897924,1.2172167448882931,0.071358148566268
,jtpa,dr_diff,49,91,0.0155199257625786,-0.0215127507143082,1.920063329675905,0.4271247098290317
,twins,s,25,67,0.0803184162083046,0.0017178006775434,1.3034481806986815,0.007301536443022
,twins,t,25,67,0.0996264572259784,-0.0004621277977076,2.1082630963177094,0.0258322435911649
,twins,q,25,67,0.0777571214520953,0.0018420349669573,2.201636428481296,0.0506352596533721
,twins,q_simple,25,67,0.1023788958162269,0.0016271642308653,2.276152015194364,0.0571558166049582
,twins,drt_log,25,67,0.0831910389753685,0.0004802044512799,1.6897178771431889,0.0336248469232311
,twins,drs_log,25,67,0.0206364050870486,0.0021030890117855,1.3518042475041452,0.0472463964481759
,twins,drq_log,25,67,0.0343379678332638,0.0024695104030528,2.144139885025828,0.0188640004914665
,twins,drt_direct,25,67,-0.0891410187022243,-0.0022741346189768,2.563524192924995,0.041676312814915
,twins,drs_direct,25,67,-0.0531213147137796,-0.0027819718997282,2.3397561921326284,0.0274761792658651
,twins,drq_direct,25,67,-0.0771726626208527,-0.0010338421658534,2.548425724711528,0.0431483647080218
,twins,drq_simple_log,25,67,0.1590858545936342,0.0014043276167113,2.2582329157517207,0.0473842729136374
,twins,drq_simple_direct,25,67,0.0666638213992333,0.00037044886387,1.6869836445620094,0.0632679855196441
,twins,x,25,67,0.1690051516472884,-0.0001249098863927,1.9714364875321384,0.0185302247293241
,twins,x_log,25,67,-0.0056069037000979,0.001041718518944,1.879005332092504,0.0195171253859518
,twins,r,25,67,0.0379356357306971,-0.0006444345318168,2.239298845056004,0.0520541333224046
,twins,r_log,25,67,0.0661952976030684,0.0006200801031352,1.557891593876922,0.020821840961715
,twins,dr_diff,25,67,0.0108611009947989,-0.0028124681809624,4.429698398812342,0.0349675018746035
,twins,s,26,68,-0.0024027847063915,-0.0005534444258266,1.3645398327883491,0.0109923939126221
,twins,t,26,68,0.020667446163019,0.0012591646013447,2.0499852136935983,0.0126311839916705
,twins,q,26,68,0.0324659729611545,0.0014966235180531,2.1816477724253933,0.0500922530930479
,twins,q_simple,26,68,0.0442780441901243,0.0009805478610399,2.232061981013576,0.0524223575084805
,twins,drt_log,26,68,0.030354135469322,0.0005941339695745,1.5933011688361651,0.0252638010947004
,twins,drs_log,26,68,0.0783666071181428,0.0012441195603201,1.270143430868089,0.0304536662245882
,twins,drq_log,26,68,0.0540283499648424,0.0013866830810426,1.7963343983777855,0.0234215400183099
,twins,drt_direct,26,68,0.0484733961699497,0.0007646513090108,2.387846446492384,0.0427590382940914
,twins,drs_direct,26,68,0.0078250651971786,-0.0001301463279908,2.01585355861379,0.0309075619149999
,twins,drq_direct,26,68,0.0645101806406845,-0.0006039955777517,2.290288852396853,0.0367066074977524
,twins,drq_simple_log,26,68,-0.0089133156760661,0.0016092170465419,2.297400422697371,0.0497351797677859
,twins,drq_simple_direct,26,68,0.0129763919737165,0.0006118986651865,1.6305824166828535,0.0452619144958727
,twins,x,26,68,0.0734015677763614,-0.0001695199317175,1.9553993690618248,0.0164108499146024
,twins,x_log,26,68,-0.0260059468510089,0.0008441745827911,1.662197349792628,0.0093830503324722
,twins,r,26,68,0.0299884719302633,-0.0005371546076369,1.9429914561370016,0.0389241779574926
,twins,r_log,26,68,0.005880491913523,0.0001708754367225,1.5703784819165787,0.0151415922782165
,twins,dr_diff,26,68,-0.0546406307144645,-0.0002571496862923,4.078291687352805,0.0352242255578195
,twins,s,27,69,0.1181108507287709,0.0046334361680268,1.4363424487569376,0.0020248465426762
,twins,t,27,69,0.1512004080359141,0.0024811580322045,1.8295864287655943,0.0156992610270522
,twins,q,27,69,0.0236861353731937,0.0030515500514044,2.2406819455076894,0.0509297762021336
,twins,q_simple,27,69,0.014252866902023,0.0014616158429759,2.3379442804358224,0.0636447503533339
,twins,drt_log,27,69,0.2171536554718943,0.0038357694267083,1.3568724342466962,0.0244556743573317
,twins,drs_log,27,69,0.1705495540919193,0.0036180895320137,1.337528046258657,0.0304541728449755
,twins,drq_log,27,69,0.0967703975882685,0.0032061843000411,1.867996840648172,0.0217618052248178
,twins,drt_direct,27,69,-0.0734476848066841,-0.0015900615998304,2.673627981322344,0.0441295151807173
,twins,drs_direct,27,69,-0.0753592398628162,-0.0028571478778904,2.3108020098013937,0.0327276111274418
,twins,drq_direct,27,69,-0.0484725320867094,-0.0024920807495315,2.336936903713135,0.0402273912278558
,twins,drq_simple_log,27,69,0.0162638526203461,0.0015919372941123,2.3504200763160727,0.0546302147033134
,twins,drq_simple_direct,27,69,0.0158986221810895,-0.0002228123026144,1.5302530091142406,0.0688378653910325
,twins,x,27,69,0.071485082675069,0.0051333581844444,2.212037804484935,0.0051967408558985
,twins,x_log,27,69,0.1499634138949214,0.0039294415099171,1.4777296987806556,0.0063185438284452
,twins,r,27,69,0.0573067818490251,0.0018315263432669,1.705229317315668,0.0407366717714448
,twins,r_log,27,69,0.1923790080057719,0.0040504225638121,1.3199403371718388,0.0077128272297594
,twins,dr_diff,27,69,-0.0272097836456717,-0.0030613578002269,4.679108399513543,0.0417107990307264
,twins,s,28,70,0.0326232575379238,0.0009812317710209,1.4634050177720854,0.0210318395421744
,twins,t,28,70,0.0802705657598126,0.0009970642183664,1.9260232390397685,0.009557496382031
,twins,q,28,70,0.0762673412417578,0.0012379885981199,2.010759758902537,0.052066419225325
,twins,q_simple,28,70,0.0417161536510555,0.0012664095476084,2.0925067358770195,0.0511913714441318
,twins,drt_log,28,70,0.0369226631158911,-0.0002586754053886,1.594700388452572,0.0345935665734679
,twins,drs_log,28,70,0.0333192141332889,9.203888354695264e-05,1.2699444279773329,0.0407674256778577
,twins,drq_log,28,70,0.0340212407103609,-0.0005882784994693,1.9678936483078384,0.0457276631665191
,twins,drt_direct,28,70,0.0517899372566491,-0.0004256548376548,2.24743513139924,0.0445472603741426
,twins,drs_direct,28,70,0.0541652233120428,-0.0013213425882865,2.062803998346136,0.0376002697997397
,twins,drq_direct,28,70,0.0604617924163856,-0.0012995607519349,2.1222238205155928,0.0435817427805557
,twins,drq_simple_log,28,70,0.0449199822989159,0.0016815221363844,2.179684209254438,0.058674688287477
,twins,drq_simple_direct,28,70,0.0888702139270988,0.0034111248197625,1.4397303258121097,0.0567138074907771
,twins,x,28,70,0.0485324008742349,0.0017139909129422,1.6445691949861136,0.0069295024583597
,twins,x_log,28,70,0.0773452968231002,0.0022459300907337,1.4711696629429416,0.0139416482542615
,twins,r,28,70,0.0708910699145,0.000143505895444,1.9830798139930013,0.0348834852430652
,twins,r_log,28,70,0.0944228144572911,0.0031918504812172,1.4507454097278345,0.0094363398766065
,twins,dr_diff,28,70,-0.1367257953790208,-0.0018383515255667,4.501208510465194,0.037155797487949
,twins,s,29,71,0.0374197849810262,0.0022195713118101,1.294084137725272,0.0189894999477435
,twins,t,29,71,-0.0501865097309045,0.0020606146286897,1.950127598892586,0.0150335984113718
,twins,q,29,71,0.234823624857917,0.0020628734327,1.8280007214054204,0.0430399340948992
,twins,q_simple,29,71,0.2424077110641048,0.0039108949580776,1.7646602486370733,0.0559642126054842
,twins,drt_log,29,71,0.1733667260042178,0.0044913867174091,1.4782829701838291,0.01135986412316
,twins,drs_log,29,71,0.1055477082298811,0.0016546107014663,1.2859467453842153,0.0283799648507532
,twins,drq_log,29,71,0.118389196336888,0.001024320911758,1.6816604276881657,0.0375645957111543
,twins,drt_direct,29,71,-0.116288059971981,-0.0018750021259651,2.7385902895820085,0.0448914082379301
,twins,drs_direct,29,71,-0.222624177897233,-0.0015517912494929,2.517990376254494,0.0309443977461457
,twins,drq_direct,29,71,-0.0586951945927047,-0.0015040176003075,2.4731870581726656,0.0392592253981571
,twins,drq_simple_log,29,71,0.0321121020480409,-0.0004762064806879,2.276093931197348,0.0424991550245125
,twins,drq_simple_direct,29,71,0.099370182100134,0.0013360397085409,1.5489418500045424,0.0658999557689896
,twins,x,29,71,0.0419494564960877,0.0024947900398441,1.5934614877334867,0.0107311923554835
,twins,x_log,29,71,0.2359432558360698,0.0056620679212089,1.3781082834980545,0.0116484930083129
,twins,r,29,71,-0.0080104618009604,0.001351600603276,1.654169619853897,0.014816517335306
,twins,r_log,29,71,0.1471067857120299,0.0036897907930547,1.2893328236723374,0.0033208936327455
,twins,dr_diff,29,71,-0.245491075594897,-0.0023405789691137,4.712016975410364,0.0344278397797345
,twins,s,30,72,0.3957119157022157,0.0046771109875697,1.1216686928457382,0.0300022779319861
,twins,t,30,72,0.1681574438589839,0.0041893627552211,1.9464425384438773,0.0053438792328122
,twins,q,30,72,0.0803632580421478,0.0015404596815494,2.186668975662845,0.0386674907179772
,twins,q_simple,30,72,0.0954005464152736,0.0016956790674048,2.1120354559229786,0.0380036395173116
,twins,drt_log,30,72,0.1918185392790925,0.0022913490033691,1.771829502455068,0.0018739942165028
,twins,drs_log,30,72,0.2790295284348083,0.0032880450755545,1.732781480745719,0.0024768984954615
,twins,drq_log,30,72,0.0791720846836774,-0.0009707774479723,1.9559090618012065,0.0291847184787767
,twins,drt_direct,30,72,0.1627856488194083,0.000834916844499,2.136952367145459,0.0349649535336987
,twins,drs_direct,30,72,-0.1183189798552105,0.0004687598789903,2.071040606216562,0.0269389180110039
,twins,drq_direct,30,72,0.0364802065492777,0.0005544611682813,1.8780527662359563,0.0350231580668734
,twins,drq_simple_log,30,72,0.0326915908817604,0.0010803042235331,2.234953151615846,0.0529870448262436
,twins,drq_simple_direct,30,72,0.1311599704172477,0.0009104053696964,1.504608276912075,0.051103391578108
,twins,x,30,72,0.0992206930579289,0.0024199928510464,1.882923855915516,0.0045518532693192
,twins,x_log,30,72,0.2339180160301208,0.0005407964639667,1.5311762411757237,0.0061135630051112
,twins,r,30,72,0.117465563171649,0.00314265083234,1.8596983018958384,0.0006709499909624
,twins,r_log,30,72,0.2201858484677408,0.0012062308219331,1.6713184067737965,0.0025353388735325
,twins,dr_diff,30,72,0.0688475601872729,0.0003105692434497,3.340667019310144,0.0329916575454064
,twins,s,31,73,0.0752711300853561,0.0022024693811529,1.3859671717840625,0.0201447084939089
,twins,t,31,73,0.0784879257733316,-0.0012222165977262,2.293919616573209,0.0423840202458124
,twins,q,31,73,0.0597676812115742,0.0029450962660746,2.0320313348747425,0.0452599185806734
,twins,q_simple,31,73,0.0726855428844871,0.0036422558329435,1.989838691183532,0.0497558244495035
,twins,drt_log,31,73,0.0144143833653537,0.0020227586946963,1.811899281991288,0.0500595126833522
,twins,drs_log,31,73,-0.0130485402957812,0.001733793512396,1.4015686563050225,0.0372408107869648
,twins,drq_log,31,73,0.0137501538691686,0.0014906225246941,1.8600491818610376,0.0396292783065372
,twins,drt_direct,31,73,-0.0196391441613968,-0.0036267995775832,2.401693399712026,0.0390875271691833
,twins,drs_direct,31,73,-0.0127603940827905,-0.0038946952822822,2.1701012745647144,0.0327002170829133
,twins,drq_direct,31,73,-0.0377894379680745,-0.0021397601840157,2.1173321812161263,0.0429898732578296
,twins,drq_simple_log,31,73,0.0690797115229662,0.0026726846520224,2.523783081107754,0.0544200094943741
,twins,drq_simple_direct,31,73,0.020439664725829,0.0007242919215315,1.481378404536848,0.0776487772569087
,twins,x,31,73,-0.004009692809892,0.0014490410586596,2.205276874384153,0.0250603860091155
,twins,x_log,31,73,-0.0311990426065502,-0.0006705079899957,1.91304646143106,0.0368488905719317
,twins,r,31,73,-0.0132358753376061,6.507630458135825e-05,2.409022204418698,0.0544785034558037
,twins,r_log,31,73,0.0010105415564906,0.0027379517040667,1.6907281225650688,0.0221637712959136
,twins,dr_diff,31,73,-0.0820808194009723,-0.0043981433381533,3.8143660408636673,0.0378383803852363
,twins,s,32,74,0.0951103715206798,0.0025066135511732,1.3704034978290565,0.0032658243892425
,twins,t,32,74,0.1343780495123101,0.0033238572240808,1.755593905788185,0.01000454027777
,twins,q,32,74,0.214091600378274,0.003045516399711,2.057071871761794,0.0559994928181135
,twins,q_simple,32,74,0.2774605451357708,0.0033066215737239,2.053057950759217,0.0812527753447873
,twins,drt_log,32,74,0.0952755469798604,4.06725614444021e-05,1.6413632128336393,0.046282711616304
,twins,drs_log,32,74,0.1473244490269567,0.0017120969394137,1.4144108273606235,0.0271884057132444
,twins,drq_log,32,74,0.1326251468390935,0.0020651605162909,1.8101357699927936,0.0235971164585682
,twins,drt_direct,32,74,-0.0537778854747296,-0.0009926883389306,1.919634258061812,0.0468562435720109
,twins,drs_direct,32,74,0.0738709603028132,0.0003386573021033,1.7237686557203116,0.026230435781007
,twins,drq_direct,32,74,0.1043127487470529,-4.778625269519872e-05,1.8392975112535432,0.0458352036569584
,twins,drq_simple_log,32,74,0.2074704879878581,0.0019798322367084,2.199945713217437,0.0843329642383536
,twins,drq_simple_direct,32,74,0.1534947693910653,0.0021322794518681,1.2886098866867624,0.1181092425402181
,twins,x,32,74,0.0644089898181577,0.0025620587337927,1.761574216671131,0.0049726559351045
,twins,x_log,32,74,0.1248450591626598,0.0009477518468311,1.434798089647715,0.0223737627802869
,twins,r,32,74,0.0562683752525066,4.988982158798689e-05,1.822533881776912,0.0271491606774367
,twins,r_log,32,74,0.1226537722823324,0.0023465090522294,1.3448126103399418,0.0030826786611833
,twins,dr_diff,32,74,-0.2165340519137769,-0.0010116727581686,4.368858571495212,0.03562039701556
,twins,s,33,75,0.180634575716138,0.0036795421356747,1.3678247222819877,0.0123137253665616
,twins,t,33,75,0.3798771413829349,0.0034102000334724,1.732640504992642,0.0110405992386936
,twins,q,33,75,0.1995041655013036,0.001471794227031,2.041191654737553,0.0450718129727822
,twins,q_simple,33,75,0.1620100373667341,0.0018741487946924,2.04220458529623,0.0384092758602639
,twins,drt_log,33,75,0.1994776345422897,0.0022340587318096,1.4556178225432637,0.023549962729168
,twins,drs_log,33,75,0.0900409984075012,0.0010052326327802,1.3330242595974262,0.046323690344583
,twins,drq_log,33,75,0.1904986406598707,0.0016520708630832,1.692304690085668,0.0225399957856603
,twins,drt_direct,33,75,0.2458015973570901,0.0009158227290985,2.3174209816703453,0.0471285037239211
,twins,drs_direct,33,75,-0.0781664322358397,-0.0001860372098312,2.0977623501295235,0.0304865668818633
,twins,drq_direct,33,75,0.1009039440063102,0.0018375715121988,2.37406142586736,0.0371807020881324
,twins,drq_simple_log,33,75,0.0810385284155439,0.001602378696314,2.1009630201521974,0.0471575998849474
,twins,drq_simple_direct,33,75,0.1005185683835139,0.0017087595317632,1.535620914758614,0.0501210708961961
,twins,x,33,75,0.0966377945324263,0.0024195832353817,1.6275781642947855,0.0057381123558873
,twins,x_log,33,75,0.1922378670086799,0.0028040488306638,1.5123687265674832,0.0076175050805294
,twins,r,33,75,0.2352340022900199,0.0032736125577738,2.0485994530044045,0.0085643004062147
,twins,r_log,33,75,0.15437040581817,0.0014663156227602,1.4621461778028098,0.0118947246681143
,twins,dr_diff,33,75,-0.1797577342212558,0.0002337289216056,4.226633931999544,0.0354672519002238
,twins,s,34,76,0.1828638762380434,0.0009530393804261,1.4721578522031666,0.0069230980800638
,twins,t,34,76,0.1221613815637345,0.0013515721863597,1.9978868875560791,0.0161690759132998
,twins,q,34,76,0.1257523331526298,5.846869925427069e-05,2.042377771564442,0.0406243463724816
,twins,q_simple,34,76,0.0838803795747864,0.0005646273575993,2.0551196117620507,0.0447970275068052
,twins,drt_log,34,76,0.1150246443520915,0.0017677802429136,1.3125017296872443,0.0239116793821513
,twins,drs_log,34,76,0.0861975332189549,0.0009829068247809,1.2900007623126082,0.0178766390260447
,twins,drq_log,34,76,0.0768496241581887,0.0013096132443765,1.5145930821254214,0.0222851979927962
,twins,drt_direct,34,76,-0.1009413943043843,-2.025523093848996e-05,3.392560260792336,0.0483574286017635
,twins,drs_direct,34,76,-0.1990999461410889,-0.000663519754475,2.79394101957753,0.0303421113726182
,twins,drq_direct,34,76,0.011163882703142,-0.0006669925725453,2.764855579520852,0.0486208162625185
,twins,drq_simple_log,34,76,0.0040868747272239,-0.0007554158893602,2.2585868403613936,0.0455946258041365
,twins,drq_simple_direct,34,76,0.095970145135378,0.0007257382131138,1.501339570434577,0.0424827892804495
,twins,x,34,76,0.1899500551456481,0.0028982169409729,1.8546356258962973,0.0041361411030607
,twins,x_log,34,76,0.2116086774903212,0.0023413655890675,1.1914518452530614,0.0035696130801598
,twins,r,34,76,0.0212224144798325,0.0009286102066975,1.963328234714492,0.0252152164971722
,twins,r_log,34,76,0.1553999117556426,0.0031128025613739,1.280349511380113,0.0077875533716153
,twins,dr_diff,34,76,0.2078054958968673,-0.0012387669942977,4.9804674630983685,0.0367337519177568
,twins,s,35,77,0.0130392994686278,0.000940021608881,1.3935561544838069,0.0236061758017783
,twins,t,35,77,-0.0003644927832507,0.0012509623434837,2.139103095687214,0.0148319510644836
,twins,q,35,77,0.0344301511294679,0.001284521960193,2.4716189205547128,0.0537267275225372
,twins,q_simple,35,77,0.0223764825498608,0.0010158609750135,2.717328736837316,0.0575849473807036
,twins,drt_log,35,77,-0.0079811324716697,0.0002550572719144,1.923359248188208,0.0658723745882587
,twins,drs_log,35,77,0.0055903552571451,-0.0010233823954937,1.5625478157808752,0.0604667610907276
,twins,drq_log,35,77,-0.0040515107046452,0.0004965183045268,2.1241285577454683,0.0627834653387447
,twins,drt_direct,35,77,0.071435835377041,-0.0004952547695072,2.102298874583754,0.040311886157057
,twins,drs_direct,35,77,0.1354928188301648,0.0009657030645631,1.8161245802317008,0.0255886500226961
,twins,drq_direct,35,77,0.018658356797628,0.0002126066316904,1.887911900455448,0.0389417252527387
,twins,drq_simple_log,35,77,-0.0079567667430832,-0.0002583116848663,2.4709756556809648,0.0457304162149099
,twins,drq_simple_direct,35,77,0.0250279660527058,0.0011576274030818,1.589820894576585,0.0584810612283877
,twins,x,35,77,-0.0413054561174937,-8.721113447703478e-05,2.251911642500238,0.0228767356995189
,twins,x_log,35,77,0.0215549178649199,0.0003797353706082,1.7793320465619724,0.0324689407223905
,twins,r,35,77,-0.0052510066837446,0.0003208705150078,2.8759725020093376,0.0369051205381724
,twins,r_log,35,77,-0.0033131554909973,-0.0004357391577649,1.7470955809923845,0.0448682760592586
,twins,dr_diff,35,77,-0.0747034217244273,-0.0029137778750544,3.4144559926798514,0.0331876135611947
,twins,s,36,78,0.102123883201508,0.0018615938927826,1.414362026031968,0.0112782033644344
,twins,t,36,78,-0.0486733820520203,0.0006131987452219,2.165727425722062,0.0225559923131928
,twins,q,36,78,0.0266388030634411,0.0007919328491333,1.9359084811790288,0.0524289459975312
,twins,q_simple,36,78,0.0567963084711495,0.0020554280077883,1.9601041712107343,0.0647463042329855
,twins,drt_log,36,78,0.0144168674324804,0.0001910057205227,1.569127059841366,0.0359142290705451
,twins,drs_log,36,78,0.0720648879570194,0.0020554275836117,1.3155726778969246,0.0687580205483101
,twins,drq_log,36,78,0.0935464770136405,0.0013183096110082,1.7513808826651418,0.0379348271994542
,twins,drt_direct,36,78,-0.0560140215950649,-0.0054852825318097,3.465346394638243,0.0480791462501398
,twins,drs_direct,36,78,0.0147250294228056,-0.0050493767456483,2.7853571418747403,0.033114203112989
,twins,drq_direct,36,78,-0.0171266595133857,-0.0047610680543601,3.048521605454336,0.0463434133427355
,twins,drq_simple_log,36,78,-0.0746790088457326,-0.0007661262527039,2.828915370289512,0.04981546446067
,twins,drq_simple_direct,36,78,0.06541147430769,-0.0005039678751755,1.7191128131837885,0.0511723033033867
,twins,x,36,78,-0.0697924641193072,-0.000694299203091,1.98395873911373,0.0329293923882354
,twins,x_log,36,78,-0.0466506795637172,0.0006613037317211,1.7627497825233736,0.0205929304382725
,twins,r,36,78,0.0807420018598119,0.0005458580973002,2.2183008534192257,0.0331293366412765
,twins,r_log,36,78,-0.0171741474250416,0.0010375600670994,1.5826974966671865,0.0191610992931608
,twins,dr_diff,36,78,0.0193486269132915,-0.0045968102959135,5.765204477125273,0.0445801996379968
,twins,s,37,79,0.0593674084960389,0.0008478997113015,1.4060811281548546,0.0133774998478961
,twins,t,37,79,-0.0208722812818917,-0.000985997926112,2.524635458978463,0.0332663135792005
,twins,q,37,79,0.1281454858063224,0.0001582339572575,2.1844674212620454,0.048582586305421
,twins,q_simple,37,79,0.1474021926839916,0.0002845197111945,2.191442891260792,0.0569431097740898
,twins,drt_log,37,79,0.1085553887577495,0.0010923776940804,1.6978437638150172,0.0268737168210666
,twins,drs_log,37,79,0.1520332045896573,0.000999171290677,1.3798461053275344,0.0243117385195686
,twins,drq_log,37,79,0.120525686656207,0.0008095969309864,1.9188071260261408,0.0227828619535693
,twins,drt_direct,37,79,0.1152285910865893,0.0016762460121392,1.93394164655515,0.03410817730558
,twins,drs_direct,37,79,0.0991061422095673,0.0005238172615574,1.7233306931843653,0.0214567822748805
,twins,drq_direct,37,79,0.1222191610313132,0.0017399676863439,1.9298248365407824,0.0297163061065261
,twins,drq_simple_log,37,79,0.0875204172275423,0.0008826722606452,2.146863425837985,0.0460911118091337
,twins,drq_simple_direct,37,79,0.0645882354791766,0.0030145451552601,1.4197007208630228,0.0788236543040119
,twins,x,37,79,0.0380249519892285,0.0020611916619259,1.910139439554412,0.0009667817012281
,twins,x_log,37,79,0.1056774234051849,0.0023029826092062,1.5708129019772104,0.0104418609342364
,twins,r,37,79,0.0238853495945711,-0.0001363965343981,4.496216685574336,0.036665081803026
,twins,r_log,37,79,0.0953663866063621,0.0021889423673815,1.5641826989217888,0.0019205687487202
,twins,dr_diff,37,79,-0.1819880923540231,0.0008506940863344,3.4814458786730005,0.0350103833727251
,twins,s,38,80,0.0740908338886915,0.0017627497799665,1.2023685897439198,0.0122909918510845
,twins,t,38,80,0.2098940254901566,0.0025666025965715,1.8984142124470285,0.0128117165677389
,twins,q,38,80,0.1022338367622376,0.0016336681835837,1.95696163820682,0.0438981361755915
,twins,q_simple,38,80,0.0945572262932337,0.0019158530312864,2.030775796520805,0.0599176723751672
,twins,drt_log,38,80,0.1026800253163955,0.0013822310307096,1.5264461929217443,0.0233595201048221
,twins,drs_log,38,80,0.1202640859465995,0.0023718535293555,1.370196765713972,0.0279584970255231
,twins,drq_log,38,80,0.0451183527448098,0.0015888287929341,1.6801800119911168,0.0222172513178084
,twins,drt_direct,38,80,0.0507218036729522,-0.0011853480550267,2.4920445796019446,0.0420113319460147
,twins,drs_direct,38,80,0.0382598470488362,-0.001232483729638,2.001313787838626,0.0283301971726638
,twins,drq_direct,38,80,0.0681664838433877,-0.0010508828970298,2.186870334272077,0.0333963092733829
,twins,drq_simple_log,38,80,0.1954009637313498,0.0026621506084489,1.876796526277256,0.048304081896734
,twins,drq_simple_direct,38,80,0.0462379915954419,0.0002410198469587,1.555052020093202,0.0389522758490676
,twins,x,38,80,0.1274792926692374,0.0045646787105437,1.7057919479157788,0.0105132422540926
,twins,x_log,38,80,0.135302956104155,0.0024667123956598,1.3759601201773703,0.0047562781468312
,twins,r,38,80,0.1065730300150635,0.002713346385766,1.9147905396663325,0.0099815098095258
,twins,r_log,38,80,0.1447566494870671,0.002450657104398,1.3455117872899236,0.0026755777958863
,twins,dr_diff,38,80,0.0857048401047199,-0.0016838509042885,3.487335234275839,0.0353524142461188
,twins,s,39,81,0.0436873374440153,0.0027788399181917,1.2987446022683418,0.0333158583415557
,twins,t,39,81,0.0073487087371261,0.0025161048877041,1.9872882941964247,0.0335430975482701
,twins,q,39,81,0.0745594380973039,0.0039582671708272,1.9956944450882983,0.0582846262244756
,twins,q_simple,39,81,0.0591689773180426,0.0025550226073696,1.9337033749497607,0.0658268078928596
,twins,drt_log,39,81,0.0271998280282802,-0.0002050045573871,1.6347755716449284,0.0984723472524521
,twins,drs_log,39,81,0.049144095214875,0.0026702411196868,1.386744317235544,0.0552573712462849
,twins,drq_log,39,81,0.0477654213515817,0.0013997285870759,1.8311428954604565,0.0508560620040975
,twins,drt_direct,39,81,0.0285306661966732,-0.0031957509372743,2.5050921133122803,0.0506574116145723
,twins,drs_direct,39,81,-0.0210322981356394,-0.0033506043181451,2.2272402240297406,0.0367750959338366
,twins,drq_direct,39,81,0.0030639081488904,-0.0016244841933288,2.151993187831932,0.053648377017728
,twins,drq_simple_log,39,81,0.0367770463733571,0.0021565867854118,2.4055477843796504,0.0587492080087299
,twins,drq_simple_direct,39,81,0.0611108138024715,-4.42614908534953e-05,1.613160211911707,0.0834028323787384
,twins,x,39,81,0.0061579102749006,0.0033106756859369,2.1287998348194224,0.0227533142035951
,twins,x_log,39,81,0.0649305338970199,0.0024869806214337,1.4496825968174232,0.0487504482382141
,twins,r,39,81,0.0611055498630713,0.0044023352443681,1.848794350507677,0.0251345556211645
,twins,r_log,39,81,0.0428243391088277,0.002292310467762,1.3042830039753714,0.0483890875720055
,twins,dr_diff,39,81,-0.1216699192496997,-0.0034419520621268,4.726441735066861,0.0429902860648943
,twins,s,40,82,-0.0088992001453506,0.0006553765034961,1.4806892474177435,0.0113091402845424
,twins,t,40,82,0.0264450158753651,0.0013641792584975,1.8186100288798983,0.0250122069966627
,twins,q,40,82,0.0792221985377953,0.0011440155445477,1.893062917468448,0.0475882878033819
,twins,q_simple,40,82,0.0907204430338546,0.0012980666626579,1.8904163334879176,0.0567920641182085
,twins,drt_log,40,82,0.0811043386432867,0.0017142670141299,1.481892572989306,0.0204823133360397
,twins,drs_log,40,82,0.11009922500877,0.0014224546659236,1.2904012449434483,0.0380916271561728
,twins,drq_log,40,82,0.0953352604869369,0.0022216772740253,1.6894105841855054,0.0278010859834916
,twins,drt_direct,40,82,-0.1152850840335959,-0.0020425776575254,3.0046631241653223,0.042862696364275
,twins,drs_direct,40,82,-0.2745730694514453,-0.0020825301738432,2.77312461222604,0.0302518331328256
,twins,drq_direct,40,82,-0.0119625677512079,-0.0004946358985428,2.1919123667345333,0.0414420879706893
,twins,drq_simple_log,40,82,-0.0053592463831894,-0.0009108343284292,2.11636663179791,0.054953999314917
,twins,drq_simple_direct,40,82,0.1384612679339152,0.0014444468601095,1.4527925295349997,0.0451249640494154
,twins,x,40,82,-0.0754693501443067,0.00133177900166,2.3276317203001,0.0217106352328315
,twins,x_log,40,82,0.1177299230127977,0.0009896955022256,1.3647601247914976,0.0147224516791901
,twins,r,40,82,0.0175889063025775,-0.0004485496081482,1.7199876191996213,0.0463527081856311
,twins,r_log,40,82,0.0862173804037816,0.0014211266389365,1.4129299233531976,0.0091967870378947
,twins,dr_diff,40,82,-0.1651024563783604,-0.0026520609923852,5.390851287832173,0.0365440116648631
,twins,s,41,83,0.0923249382580546,0.001953641508452,1.4527990659639625,0.0086504242957397
,twins,t,41,83,0.0331970454956696,-0.0001310364907655,2.089620265612964,0.0295917625924768
,twins,q,41,83,0.0667535745882152,0.00274887980995,2.222640319880822,0.0407514259078263
,twins,q_simple,41,83,0.0721796658048971,0.0032863557426387,2.23916807746406,0.0384822003454655
,twins,drt_log,41,83,0.048468310012834,0.000925282500822,1.3919633178146835,0.0314986015828219
,twins,drs_log,41,83,0.0282954336550607,-1.0713479553815797e-05,1.4564468327730271,0.0611970840767477
,twins,drq_log,41,83,0.0964949023249637,0.0016354450376435,1.678963888726091,0.0312942506420141
,twins,drt_direct,41,83,-0.0202034162891566,-0.0023546033318759,2.5907645384420515,0.0447309326337938
,twins,drs_direct,41,83,0.1215322796849902,-0.0016101616193913,2.4312573568081026,0.0344022817927775
,twins,drq_direct,41,83,-0.0069605997526985,-0.0019676682656295,2.3180238206793806,0.0421494055825103
,twins,drq_simple_log,41,83,0.0828750275060346,0.0005022841925428,2.46886848509837,0.0484719804730581
,twins,drq_simple_direct,41,83,0.0681642407398811,-0.0012901846117401,1.7550700125110017,0.0534966005289635
,twins,x,41,83,0.0535430997604785,0.0005540720408554,1.9756090218237563,0.0324893789207246
,twins,x_log,41,83,0.0974007992432816,0.0013166086228451,1.4417981370552306,0.0198984916904988
,twins,r,41,83,0.052724055496566,0.0007356227330055,1.9353069617172087,0.0418679066924993
,twins,r_log,41,83,0.0431425249987232,0.0007695572812826,1.4632593194600976,0.0220659440152144
,twins,dr_diff,41,83,-0.1242498896499995,-0.0033822190442756,4.478580783112214,0.0392951102875276
,twins,s,42,84,0.0632563779140367,0.0025784698004009,1.264290498488888,0.0093288677159631
,twins,t,42,84,0.024274713176272,0.0022562721719906,1.8799611589488023,0.0246414913440306
,twins,q,42,84,-0.0045690937992893,0.0005817347206707,2.359890543061875,0.0797533430783102
,twins,q_simple,42,84,-0.0022044648040392,0.0004178453668867,2.332091187416939,0.0912918944990093
,twins,drt_log,42,84,0.0196481505381224,0.0025787976530908,1.7040249992039849,0.0724520314044171
,twins,drs_log,42,84,0.1179085217167176,0.0019704603085464,1.4877005227521682,0.0498147561577228
,twins,drq_log,42,84,0.0558055442499872,0.0026188843278656,1.6911089683388127,0.0403189059095476
,twins,drt_direct,42,84,-0.0544484224033149,-0.0013094939508734,2.144824858637776,0.0438260221672812
,twins,drs_direct,42,84,-0.0675930836420637,-0.0013760673273527,1.9841206540166512,0.0324919511346922
,twins,drq_direct,42,84,-0.0025172214273324,-0.0015266876326822,1.9059993951409824,0.0552517434162589
,twins,drq_simple_log,42,84,0.060874669624066,6.298930793905474e-05,2.4033373544436496,0.0573513145698244
,twins,drq_simple_direct,42,84,0.0954404074782457,0.0017195588010194,1.3714652699862335,0.0620675142471034
,twins,x,42,84,0.0160424383034593,0.0027224504087298,1.8231134693597075,0.0130074133201819
,twins,x_log,42,84,0.0168971208525158,0.0015733940768709,1.556212846150163,0.0356243245098008
,twins,r,42,84,0.0586311675679135,0.0014245506382641,2.181960642396274,0.0377981545871465
,twins,r_log,42,84,0.0076488867012455,0.0015683956391765,1.5392680855081828,0.0519790214496659
,twins,dr_diff,42,84,-0.1503882642719117,-0.0035195239071073,3.810471894139967,0.0468452027246961
,twins,s,43,85,0.0939678718445756,0.0025602173625574,1.3377816432597334,0.0057907858284093
,twins,t,43,85,0.0856809372904795,0.0023413933497243,1.7889212448024916,0.0185225866597276
,twins,q,43,85,0.0627740116513577,0.0018344294159351,1.9040824140334287,0.0507579841309784
,twins,q_simple,43,85,0.061555340235052,0.0029600594212223,1.8300851194986816,0.0526790058830606
,twins,drt_log,43,85,0.0398409149902179,0.0011081850902182,1.5055862708775285,0.0383492128558819
,twins,drs_log,43,85,0.1097625641746056,0.00174737725503,1.3504573318995334,0.0498390496093193
,twins,drq_log,43,85,0.1060028158854989,0.0010034277214586,1.6454084647219036,0.0412615770191848
,twins,drt_direct,43,85,0.0376392664021117,-0.0024037164882773,2.6250640611075107,0.0408444277167081
,twins,drs_direct,43,85,0.0251235712406696,-0.0016891688993213,2.210860141613043,0.0304474148026025
,twins,drq_direct,43,85,0.082765678091174,-0.0015357643769962,2.189942226340205,0.0456639572434532
,twins,drq_simple_log,43,85,0.090582935921926,0.0019205467724627,2.0615667468298926,0.0578232481877971
,twins,drq_simple_direct,43,85,0.0324797260315281,0.0013045003510926,1.679382387283349,0.071046381753318
,twins,x,43,85,0.0589829508484374,0.00323890045029,1.994135393795144,0.0174834664249254
,twins,x_log,43,85,0.0040265846960959,-4.2379184280093296e-05,1.68058649163849,0.027207229775128
,twins,r,43,85,0.0463322630106137,0.0014935911205571,2.113032412760421,0.0573349228626064
,twins,r_log,43,85,0.0512387343643628,0.0018885904273582,1.5060765928808524,0.0146696157704486
,twins,dr_diff,43,85,-0.2108701079788931,-0.0025679752576982,4.432847658503719,0.0383544378247479
,twins,s,44,86,0.0888652994810551,0.0032600765259455,1.2446622152322528,0.0188385168810593
,twins,t,44,86,0.1498156325664327,0.0024055542379846,1.832639468075481,0.0150633939439537
,twins,q,44,86,0.0623891141922969,0.0020358046475882,2.0492946292948075,0.0493807961799703
,twins,q_simple,44,86,0.0386289788237893,0.0009587388052963,2.0884044685387355,0.0807857443188261
,twins,drt_log,44,86,0.135496363577093,0.0012675372025204,1.5764128928568493,0.0321775129314661
,twins,drs_log,44,86,0.1397415610403721,0.0031634771955325,1.2026808895678716,0.0326986795065446
,twins,drq_log,44,86,0.0350362709445826,0.0002802918796309,1.9605504860224443,0.0331094366020807
,twins,drt_direct,44,86,0.0841482074534256,-0.0032148237831764,2.9037116051659915,0.050194903604865
,twins,drs_direct,44,86,0.1158040731695134,-0.0041010847306852,2.601413308619186,0.0387422016760271
,twins,drq_direct,44,86,-0.0331223476840828,-0.0012689217776883,2.636369973281961,0.0382171668727972
,twins,drq_simple_log,44,86,0.1142313865699058,0.0003278287392768,2.2296613789264565,0.0534600542285976
,twins,drq_simple_direct,44,86,0.0943786235036456,-0.0003511901073247,1.5751351081629126,0.048008074865045
,twins,x,44,86,0.3298376752162,0.0059479489581143,1.6848568814545346,0.0037922679613112
,twins,x_log,44,86,0.3848128971211169,0.0020766198694426,1.5040110751359623,0.015260451764366
,twins,r,44,86,0.2375456107855147,0.0045877747728433,1.4779109858470618,0.0100506160907379
,twins,r_log,44,86,0.200655493130899,0.0029719299196079,1.2817954423342524,0.0141208387958117
,twins,dr_diff,44,86,0.3406121951867351,-0.0022039486368414,4.082199105207681,0.0397289084714496
,twins,s,45,87,0.0919428224135124,0.0027199062003993,1.2248943790737123,0.0159331622692126
,twins,t,45,87,0.1195375427379085,0.0032995449180963,1.8232117572526088,0.0168310629036931
,twins,q,45,87,0.133181100655898,0.0026723595711629,1.868523253117752,0.0417415570132307
,twins,q_simple,45,87,0.1018642155657792,0.0018006043009455,1.99680769087159,0.0516968313926465
,twins,drt_log,45,87,0.1150927100012321,0.002424598544488,1.5904327622985568,0.0311779625723937
,twins,drs_log,45,87,0.1021037500468736,0.0033084161491169,1.2457894042255246,0.0318180492821909
,twins,drq_log,45,87,0.1008529886336119,0.0027329105421021,1.6674797232471663,0.0364659684900735
,twins,drt_direct,45,87,-0.0017826452360353,-0.0023368412563239,2.7180385625639945,0.04101681950333
,twins,drs_direct,45,87,0.065675130144212,-0.0027300088984962,2.2767936250094087,0.030103678690339
,twins,drq_direct,45,87,0.0584099072657119,-0.0023907363960898,2.251184717480084,0.0422080724211452
,twins,drq_simple_log,45,87,0.1098481078793432,0.0021989995093698,1.9245220208689024,0.0509766946735478
,twins,drq_simple_direct,45,87,0.0672002425377058,0.0014795115380254,1.4390274070932323,0.0555309851292171
,twins,x,45,87,0.0873798637129986,0.0024631946500742,2.0254736641441595,0.022955209003769
,twins,x_log,45,87,0.1524449738859555,0.0027708893179429,1.2471617074840202,0.0179056109223256
,twins,r,45,87,0.0031027192646747,0.0015995969049211,1.686769190789912,0.0403829441837975
,twins,r_log,45,87,0.1731560305766699,0.0035984601156832,1.2445443675606271,0.0147113283936309
,twins,dr_diff,45,87,0.2159485180293622,-0.0027705053373612,4.281150502839685,0.0378414574012563
,twins,s,46,88,0.0002579962374644,0.0030780909511802,1.4989301738230532,0.0160265601996875
,twins,t,46,88,0.0467956864612908,0.0009680158643995,2.0674567297670228,0.023569227962085
,twins,q,46,88,-0.0154298298805317,0.0007562488321055,2.2232385596888085,0.0463860827665738
,twins,q_simple,46,88,-0.0293692404681149,0.0014573136015989,2.212759404543617,0.042582592877462
,twins,drt_log,46,88,-0.0644281657645964,0.0001392457543704,1.6860775327713529,0.0270872307267533
,twins,drs_log,46,88,0.0083151973883238,0.0012708263982622,1.4608600590208054,0.0310144378630605
,twins,drq_log,46,88,-0.056149109250855,0.0025216873822416,1.9162517314207863,0.0348860874674197
,twins,drt_direct,46,88,-0.1713183933493888,-0.0046612287654432,4.518848676487306,0.0541485213220639
,twins,drs_direct,46,88,-0.0337828267092636,-0.0044247247098281,3.2340146236561464,0.0365776045600317
,twins,drq_direct,46,88,-0.1097091087242526,-0.002907846098039,3.843911365535281,0.0451543264758563
,twins,drq_simple_log,46,88,0.0567269289033898,0.0024960107388892,2.2108701965873294,0.0406727001811125
,twins,drq_simple_direct,46,88,0.0547167704787086,0.0008760517826806,1.7930063064053283,0.0380972287914459
,twins,x,46,88,-0.0688484918565044,0.0013962760302655,2.3245554608575825,0.0170827374166864
,twins,x_log,46,88,-0.0337612062799239,0.0017461860253576,1.7204415035699363,0.0189242356585933
,twins,r,46,88,0.0386064575763052,0.0029697912269461,2.057730316324705,0.0240315311473113
,twins,r_log,46,88,-0.0750698957345809,0.0007662357995537,1.7395704887431036,0.0197319391035432
,twins,dr_diff,46,88,-0.1354204175857598,-0.0044683050743224,5.471817967641028,0.0436471984025164
,twins,s,47,89,0.0970352518559768,0.0033051118046046,1.5388428184868497,0.0062221301694152
,twins,t,47,89,0.0203016663869518,0.0016734240867676,1.770746198765253,0.018035850777286
,twins,q,47,89,0.0679014184776929,0.0006902013388273,2.107510089083293,0.0535185138246579
,twins,q_simple,47,89,0.0621150715217514,0.0014671873482842,2.0349217273698885,0.0599883581053989
,twins,drt_log,47,89,0.0627177461754117,0.0016568430030289,1.513046403509463,0.0298420566762396
,twins,drs_log,47,89,0.1599700343521624,0.0025150517706592,1.226953456315966,0.0295084103270387
,twins,drq_log,47,89,0.1451894893402684,0.0012534011115859,1.6044239406030505,0.0409346573862029
,twins,drt_direct,47,89,-0.1854439184456823,-0.0015227830326283,2.839521519003692,0.0470373796917051
,twins,drs_direct,47,89,-0.2410682163307446,-0.0017604340116582,2.611067776021076,0.0328273072206209
,twins,drq_direct,47,89,-0.0376681329126286,-0.0002125782472437,2.2882031530016733,0.0391259235295378
,twins,drq_simple_log,47,89,0.1085925440627316,0.0012321729076333,2.17564932383049,0.0664686100763604
,twins,drq_simple_direct,47,89,0.1403670026746412,0.0032304218992611,1.5216768653538029,0.0597599466813817
,twins,x,47,89,0.1969273593662596,0.0039843627145508,1.468986787100807,0.0057337929122725
,twins,x_log,47,89,0.0736922317484717,0.0013142371943802,1.4437703439605147,0.0157544216339937
,twins,r,47,89,0.1812141573308804,0.0013315771981996,1.566631343573895,0.0247901031590064
,twins,r_log,47,89,0.0745663866552001,0.0008273902980079,1.4396537821000492,0.0256807594708776
,twins,dr_diff,47,89,-0.1134417563486712,-0.002138740175178,4.558887993349679,0.0378726225386132
,twins,s,48,90,0.1444258425953789,0.0027510359742947,1.4625974215361894,0.0168908201619816
,twins,t,48,90,0.1482264377832033,0.001403593803634,2.0462822978790527,0.0098038084918567
,twins,q,48,90,0.1430871549281099,0.000360515781101,2.312927524741522,0.0409538752514444
,twins,q_simple,48,90,0.1093748589374229,0.0010467841260141,2.4048583789638887,0.0532758764624514
,twins,drt_log,48,90,0.1329238243233971,0.0024519174980248,1.6573971199283934,0.00546232655047
,twins,drs_log,48,90,0.0610450005700083,0.0011717331137009,1.2902027773135123,0.016508450534182
,twins,drq_log,48,90,0.2188174635221621,0.0006884016728348,1.8575252542277496,0.0210866506234948
,twins,drt_direct,48,90,0.179217925614321,0.0018298603785468,1.99897679027104,0.0290732027814339
,twins,drs_direct,48,90,0.1646719825878829,0.001012997924033,1.7291942678112622,0.0187004262988443
,twins,drq_direct,48,90,0.2640905000685337,0.0004215009355899,1.870072862017839,0.0297106250105141
,twins,drq_simple_log,48,90,0.0623980702004113,0.0012301729813217,2.2776314470205947,0.045206572381336
,twins,drq_simple_direct,48,90,0.0575557291470169,0.0016318727994641,1.5305823488878885,0.0485674003568437
,twins,x,48,90,0.1603010688860572,0.0014288453995964,1.6525431271255355,0.0086608080615691
,twins,x_log,48,90,0.1776511329906119,0.0016441783604924,1.491057430325378,0.0014407308832175
,twins,r,48,90,0.0450796864328539,-4.913398652266492e-05,2.203004311005415,0.0267975648747142
,twins,r_log,48,90,0.1199169863507797,0.0011472592940812,1.453032759280296,0.0037184409684385
,twins,dr_diff,48,90,0.302501126037309,0.0006819256450137,3.27460854915675,0.0317643657198865
,twins,s,49,91,0.0361127302366267,0.0011519039447722,1.3390749770103545,0.0253377351758719
,twins,t,49,91,0.0242520334097017,0.001472087815138,1.876804326478016,0.0219760982355106
,twins,q,49,91,0.0183911762462292,0.0003473473263973,2.146243103006184,0.0560037389074
,twins,q_simple,49,91,0.0247411197740639,0.0006112102809541,2.0683376968040186,0.0663998566377084
,twins,drt_log,49,91,0.0263122694683362,0.0015566957574842,1.5706350011049746,0.0363247349483022
,twins,drs_log,49,91,0.1471078840840789,0.0035756971451669,1.1581183086888511,0.0302809962333905
,twins,drq_log,49,91,0.0733200984539901,0.0008549432175599,1.691975564801934,0.0770092551976976
,twins,drt_direct,49,91,-0.1405155533560722,-0.0029915903029959,2.8149392627228127,0.0474825526778109
,twins,drs_direct,49,91,-0.1163061397917215,-0.0027463573276216,2.593734976976452,0.0322416400718786
,twins,drq_direct,49,91,-0.0771495850653696,-0.0031146802637206,2.805192710162836,0.0471669133331253
,twins,drq_simple_log,49,91,0.041316305361,-0.0006478182908394,2.343692813846325,0.0702342120716287
,twins,drq_simple_direct,49,91,0.0539657582296381,0.0010949053232993,1.4832642281172586,0.0724898554712587
,twins,x,49,91,0.0165416314020633,0.000901974842096,1.7914857627575953,0.0344789594638647
,twins,x_log,49,91,0.0436197125738782,0.0020651403799221,1.540191227535495,0.0407731361037975
,twins,r,49,91,0.0633889967655716,0.0034097724766081,1.6191701767435285,0.0318669819648183
,twins,r_log,49,91,0.0113888107067861,0.000892149921736,1.460052107521672,0.0440023156949917
,twins,dr_diff,49,91,-0.1350638173043032,-0.0025825099517843,4.705111303209353,0.0440957656160809
